,title,artist,lyrics,likes
0,Under the weather,Osshun Gum,"억보다는 Love 모여 나는 Bird
파도 위를 Surf 핸들 틀어 Curv
푸른 행성 Earth 적어가는 Verse
벌써 내일 Thursday 밤 하늘의 별

You are the only one I trust
Give me love fill my heart
겁이라면 날 못 꺾어
Pull up Pull up all eyes on me
Time flies with a cheap whisky

불신
국가의 예의 주시
이만한 새벽 두시
인마 다 그만두긴

봄을 기다리는 겨울
나의 국적 다운 허울
Boogie Boogie oh
옮겨 씨 우에호
손엔 Key 귀엔 buds
Bang Bang They make me cry


석방까진 영원
내 마음 바다만큼 넓어
800일의 Bulking
Air by Air 빛을 내는 별 이지

서로 숨김없는 악수
순둥한 북극곰
충분한 웃음꽃
궁금한 물음표

억보다는 Love 모여 나는 Bird
파도 위를 Surf 핸들 틀어 Curv
푸른 행성 Earth 적어가는 Verse
벌써 내일 Thursday 밤 하늘의 별

Love and respect
인생의 모토 되겠지 긴 생
빈손으로 가지 않을게 집에
초대해 줘 널 느낄 수 있게

가볍게 나눠 마시는 Whisky
대답을 듣고 싶어 miss me?
전부 녹아 사라져 아이스크림
자유를 위해 내 피를 씻어내

나른해 적은 괴롭지
마음 닮은 멜로디
떠올랐지 해돋이

억보다는 Love 모여 나는 Bird
파도 위를 Surf 핸들 틀어 Curv
푸른 행성 Earth 적어가는 Verse
벌써 내일 Thursday 밤 하늘의 별",20
1,"KARIUS (Feat. Hollow Young, 아우릴고트 (OUREALGOAT))",J Way,"(J Way is the truth)

i got 99 problems that you don't like
but we got f hard babe, till the 9 to 5
잠이 오겠니 밤부터 해 뜰 때까지
i don't talk nobody without pillow, alright

yeah, it's obvious
키퍼 있어도 넣어 like KARIUS
yeah, it's obvious
don't acting 여긴 not Hollywood

yeah, it's obvious
키퍼 있어도 넣어 like KARIUS
yeah, it's obvious
don‘t acting 여긴 not Hollywood

why you control your emotions I'm not cob
there's something only you and i know
i know you want some more jack but another coke
don't call your man until tomorrow

cigarette 말곤 no light
하루만 keep it a private yeah
i do f with freestyle
so make some beats with your booty yeah

하루 만에 바뀌어버렸어 나의 호칭이 자기로
하루 만에 바뀌어버렸어 너의 호칭이 b로

bae we don't need gasoline
you just keep move for me
다 연애할 때 우린 알아가지 chemistry

bae we don't need gasoline
you just keep move for me
다 연애할때 우린 알아가지 chemistry

i got 99 problems that you don't like
but we got f hard babe, till the 9 to 5
잠이 오겠니 밤부터 해 뜰 때까지
i don't talk nobody without pillow, alright

yeah, it's obvious
키퍼 있어도 넣어 like KARIUS
yeah, it's obvious
don't acting 여긴 not Hollywood

yeah, it's obvious
키퍼 있어도 넣어 like KARIUS
yeah, it's obvious
don‘t acting 여긴 not Hollywood

너 아님 안 되잖아
비싸게 굴지 마
잠들 수 없어 이 밤
혼자는 너무 길잖아

나도 모르게 또 취해서
못 볼 꼴을 보였네

오늘 일어난 일은 서로
비밀로 하면 돼

원래 이런 관계는 다 똑같아
누가 널 찾길래 왜 또 숨 가빠해
지금은 누구도 우릴 못 찾아
이 방을 어지럽혀 아수라장

bae we don't need gasoline
you just keep move for me
다 연애할 때 우린 알아가지 chemistry

bae we don't need gasoline
you just keep move for me
다 연애할때 우린 알아가지 chemistry

i got 99 problems that you don't like
but we got f hard babe, till the 9 to 5
잠이 오겠니 밤부터 해 뜰 때까지
i don't talk nobody without pillow, alright

yeah, it's obvious
키퍼 있어도 넣어 like KARIUS
yeah, it's obvious
don't acting 여긴 not Hollywood

yeah, it's obvious
키퍼 있어도 넣어 like KARIUS
yeah, it's obvious
don‘t acting 여긴 not Hollywood

(J Way is the truth)",12
2,My Life,민성,"Let's get rid of myself in the past
Let's get rid of myself in the past

이젠 바뀌어 버린 나
세월이 흘러서 지난
나의 모습이 정말
참 많이 바뀌었지 난
예전 같지 않아
이젠 멀리 봐야지 저 멀리 Far Away

하고 싶었던 게 많았던 아이
순수한 감정을 놓치지 않아
그 말 즉시 초심 잃지 않아
나의 창피한 모습 저 멀리로
너네도 되돌아봐 Feel it on
정상을 찍어 저 위치로
나를 느껴봐 My Life

My Life 항상 많이 부족했던 삶
My Life 항상 많이 부족했던 삶
그 아이 정말 참 가득해 순수한 마음

꿈을 향해 저 위로
Good Life 마치 My Life
꿈을 향해 저 위로
Good Life 마치 My Life

Let's get rid of myself in the past
Let's get rid of myself in the past
Let's get rid of myself in the past
Let's get rid of myself in the past

이젠 바뀌어 버린 나
세월이 흘러서 지난
나의 모습이 정말
참 많이 바뀌었지 난
예전 같지 않아
이젠 멀리 봐야지 저 멀리 Far Away

나의 득이 되는 사람들만 이리로
이기적인 건 어쩔 수 없어 위치로
너네들이 살고 있는 게 찐 인생 맞아
새롭게 다시 태어나자
Real Life 난 원해 새로운 삶
나를 느껴봐 My Life

My Life 항상 많이 부족했던 삶
My Life 항상 많이 부족했던 삶
그 아이 정말 참 가득해 순수한 마음

꿈을 향해 저 위로
Good Life 마치 My Life
꿈을 향해 저 위로
Good Life 마치 My Life

Let's get rid of myself in the past
Let's get rid of myself in the past
Let's get rid of myself in the past
Let's get rid of myself in the past

My Life 항상 많이 부족했던 삶
My Life 항상 많이 부족했던 삶
그 아이 정말 참 가득해 순수한 마음

꿈을 향해 저 위로
Good Life 마치 My Life
꿈을 향해 저 위로
Good Life 마치 My Life",1
3,VIP (Drive-Thru),BassAce,"백화점 VIP
버버리 코너 스윗 향수
너만의 wish list를
선택의 순간 손끝에 떨림

향긋한 냄새 믹스된 향기
식욕 자극 넘버원 DJ
백미러 속 내 모습
포르쉐 엔진 소리

Drive Thru, 맛의 레이스
쏜살같이 질주하는 미각
Drive Thru, 24/7
언제든 즐기는 나만의 무대

종이봉투 럭셔리백
프렌치 프라이 황금 지팡이
콜라 거품은 샴페인
오늘 밤 나는 美식가

주문부터 수령까지 원스톱
효율의 극치, 시간의 마법
잠깐의 기다림, 영원한 만족
이게 바로 Drive Thru의 매력

Drive Thru, 맛의 레이스
쏜살같이 질주하는 미각
Drive Thru, 24/7
푸드 문화의 새로운 혁명

Mornings start with Balenciaga sneakers
Louis Vuitton briefcase, business in my hands
Cartier watch, making every moment precious
Rolex collection, art on my wrist
I'm a VIP, chasing the peak of luxury
From Chanel to Dior, my closet's a museum
I'm a VIP, there are no limits
Prada, Hermès, the pinnacle of my style
Lanvin suit, deciding the day with a perfect fit
Signing million-dollar contracts with a Montblanc pen
Bentley keys, power in my palm
Armani perfume, the signature of my presence
Stepping on the red carpet in Ferragamo shoes
Tiffany jewelry, dazzling flashes
Saint Laurent sunglasses, seeing the world my way
Bottega Veneta wallet, holding infinite possibilities",0
4,FXXK,Lil Liputian,"아무것도 아닌것 처럼 하지말고
공부대신 난 랩을 선택
맨날 똑같은 랩 이젠 좀 지겹지
아무것도 없던 내인생이 변하게된 계기
이게 18의 패기
아무도 못막아
두배로 벌고 나가 이 Street
아무도 날 쫒지 못해 stuff
나 혼자 여까지 왔는데
너네는 어케 날 이길건데
앞뒤 다르게 행동 하지마 제발
Lil Liputian 이거 한개만 기억해
난 또 돈 벌러가
저런걸 듣고 좋다는 너넨 눈이 멀었나
넌 가짜뉴스 만들고 돈이나 뜯어 like 구제역
더 많은곡을 내는게 내 목표
처음부터 난 래퍼라는게 내 족보
너네는 묶여 마치 포승줄
절대 지게 안해 이런 나는 버슨줄
더높은곳을 향해
High High High
다르게
Why Why Why
이제는 아무도 날 따라못해",0
5,Balloon,MINDPRESET,"[가사 준비중] 멜론 회원 여러분! 가사 등록을 기다리고 있어요.
가사등록하기",3
6,갈망 (feat.YJ),YCPLAYER,"술을 한잔 먹으면 더
먹고 싶어 지지 그러다 벌써
밤은 저물어 해는 떠 있어
탁자 위 소주병 늘어져 있어
그래 한잔이 한잔이 두잔이 세잔이 되고
그래 그렇게 한병이 두병이 세병이 되고
지겹게도 같은데 매일 반복 되고
이런데도 한방울을 계속 원해 중독 되고
이게 너랑 같아 너에게 갈망 하자나
헤어나오지 못해 너를 생각 한다나
알잖아 내가 너를 잊지 못하다는거
잊지 못하므로 난 잠식 당했다는거
이제 너에게서 자유로워 지고 싶어
다시는 너를 찾지 않고 싶어 널 지워
널 미워 하면 할수록 머릿속의 기억이
맴돌아서 미치겠어 진절머리나 이거

(YJ)
그런 너를 왜 내가
나조차도 이해가 안가
너로 인해서 난 목 말라
근데 계속 찾게 되지 널 갈망해
이런 너를 왜 내가
나조차도 이해가 안가
너로 인해서 난 목 말라
근데 계속 갈망 하지 널 찾아서

담배 한모금 이면 더
계속 피고 싶어져 또 다 폈어
까맣게 타 들어간 담배 였어
재떨이 위에 한 가득 쌓였어
그래 한갑이 한갑이 두갑이 세갑이 되고
그래 그렇게 한갑이 두갑이 세갑이 되고
지겹게도 습관처럼 계속 피워 대고
자욱하게 쌓인 담배 연기 속으로 잠식되고
너와 같애 왜 계속 찾게 되는 거야 goddamn
이 밤에 왜 더 생각 나는 거야 나 한테
지금 삶에 너로 가득 차있어 내 안엔
그래 방해가 되고 있어도 널 갈망해
이젠 머릿속을 하얗게 지우고 싶어
다시는 너를 찾지 않고 싶어 널 미워
하면 할수록 다시 감겨 돌아와 더 미련
이 남아 맴돌아 제자리야 이건 미저리

(YJ)
그런 너를 왜 내가
나조차도 이해가 안가
너로 인해서 난 목 말라
근데 계속 찾게 되지 널 갈망해
이런 너를 왜 내가
나조차도 이해가 안가
너로 인해서 난 목 말라
근데 계속 갈망 하지 널 찾아서

(YJ)
너는 나없이도 잘
사는거 같지만
나는 너없이 잘 못살아
안 그런척 하지만
내가 바보 같고 초라해 보여
너의 모습 그대로 계속 고여
지금 너의 조각들이 내게 모여
난 괴로워 하지 매일 밤",0
7,겨울의 여유,Star Whale,"[가사 준비중] 멜론 회원 여러분! 가사 등록을 기다리고 있어요.
가사등록하기",0
8,Universe,O.T.O,"[가사 준비중] 멜론 회원 여러분! 가사 등록을 기다리고 있어요.
가사등록하기",0
9,Highway,A.C.E(에이스),"(Chorus)
이 도로를 뚫어버려 highway
더이상 안 막히지 highway
나로인해 막혔었지만 이젠 걱정말아요 그대들의 highway
슬픔과 걱정뿐인 highway
꽉차버린 스트레스 highway
이제부턴 나를 믿고 맡겨줘 highway

(Verse1)
태어날때 어루 만지던 손
행복해보인 그들의 미소
kind baby 덕분에 시원하게 뚫린 고속도로속의 복
복인줄 알았던 boy는 커서 되려 독이되어 고속도로속을 콕콕 찔러 속썩이기 시작한 종말의 show
목소리 듣기 싫다했잖아
날 찾지도 부르지도 말라했잖아
하지만 오히려 그들은 더욱 나를 붙잡아 놓치지 않으려 애썼잖아
but 그럴수록 틀어져간다 막혔던 고속도로는 더욱 견고하게 막혀 상처만 받잖아
그대들은 답답해 고속도로는 갑갑해 그 아이는 바뀌지 않을까 그저 앞날이 막막해
더욱더 까맣게만 남았네 방파제 역할인 그들의 눈엔 그저 철없는 la-la레

(Pre-Chorus)
difficult in your road
지저분한 inside mud
내가 감당하고 함께 행복해지자고 우리모두
부끄러운 나의 모습
이젠없어 그런놈은
이제는 몰두 이제는 love

(Chorus)
이 도로를 뚫어버려 highway
더이상 안 막히지 highway
나로인해 막혔었지만 이젠 걱정말아요 그대들의 highway
슬픔과 걱정뿐인 highway
꽉차버린 스트레스 highway
이제부턴 나를 믿고 맡겨줘 highway

(Verse2)
이제는 커버린 나란놈의 정신머리는 과거 행실에 목매여 양심의 가책을 느껴 되뇌이며 그들의 답답함을 공감해
철없이 지나간지 오래 black inside me mirror속을 빛추는건 다름아닌 killer라는 수식어의 꼬리표가 붙어
이제는 생각을해 그러지 않기로 약속을해
더이상 그들이 희생하지않고 내가 책임진다고 다짐을해
더이상 막히지않아 반드시 뚫릴거라고 맹새를해
다시한번 감사하며 이런 나도 할수있다 보여주며 버틴무게에 경의를표해
woo money money 주라했던 me
dirty dirty 더러웠던 길
거리거리 distant we
여기저기 막히고 난 뒤
철없던 아이는 던져버려
붐비는 고속도로 날려버려
wandering in the dark 그대들 살려내며

(Pre-Chorus)
difficult in your road
지저분한 inside mud
내가 감당하고 함께 행복해지자고 우리모두
부끄러운 나의 모습
이젠없어 그런놈은
이제는 몰두 이제는 love

(Chorus)
이 도로를 뚫어버려 highway
더이상 안 막히지 highway
나로인해 막혔었지만 이젠 걱정말아요 그대들의 highway
슬픔과 걱정뿐인 highway
꽉차버린 스트레스 highway
이제부턴 나를 믿고 맡겨줘 highway

(Bridge)
run it up run it up 이제는 제대로
패기로 패기로 이뤄내 모든걸
버티며 버티며 계속해 나아가
come here family
medical medical 그대들 치료해
official official monition 선언해
어린놈 버팀목 되기로 선언해 개방해 potional ability
해내보인다던 아이
책임지겠다던 말이
Don’t worry just trust me mommy and daddy fly
anymore there’s no fools say it again?
I will never get tired for you guys

(Chorus)
이 도로를 뚫어버려 highway
더이상 안 막히지 highway
나로인해 막혔었지만 이젠 걱정말아요 그대들의 highway
슬픔과 걱정뿐인 highway
꽉차버린 스트레스 highway
이제부턴 나를 믿고 맡겨줘 highway
이 도로를 뚫어버려 highway
더이상 안 막히지 highway
나로인해 막혔었지만 이젠 걱정말아요 그대들의 highway
슬픔과 걱정뿐인 highway
꽉차버린 스트레스 highway
이제부턴 나를 믿고 맡겨줘 highway",0
10,Words You Say (Feat. Vello),thomaskim,"Stepping on your toes I don’t take it
Sorry can I hang up the phone bae?
It’s late on the midnight, notorious deep vibes,
damn I may feel passed bye
Skies today are brigher than last night
Allusioning a mixed up day & night
I’m damn so tired of

(Ooh)
Just leave me alone, every words you say
(Ooh)
Just hold on tight, so I don’t lose my pace
(Ooh)
Just leave me alone, every words you say
(Ooh)
Man I don’t give a
let’s run bae

You singing the run doubts, and I don’t care
My pieces are out, damn it’s all of fame
Hearing from world, every words you say
Breaking damn heart, and I know you care
You singing the run doubts, and I don’t care
My pieces are out, damn it’s all of fame
Keep callin & callin & callin
No stalling & squalling, I’m all in

이 밤 지나간다해도 날 밝히려는 저기 저 별을 따라갈래
Try to be far away 넌 늦은 시간에도 따라와
구름 위 오른것처럼 너는 더 해맑게
눈이 다시 마주친다해도 그건 안돼
감은 눈을 떼
그림같은 사랑이라 하네

우리가 말한 drama가 아니잖아 바보같은 너를 탓해
가만히 뒀다가 아무도 찾지않는
섬에서 멀어지려 하는 나를 봐
이거야 마지막 sign
결국엔 떨어질수밖에 없다는걸 알지
잠깐만 숨이 벅차올라
더 헤엄쳤다가 헤메일 것 같아
그래도 남아있는건 이것밖에 없잖아
더는 I don't care

You singing the run doubts, and I don’t care
My pieces are out, damn it’s all of fame
Hearing from world, every words you say
Breaking damn heart, and I know you care
You singing the run doubts, and I don’t care
My pieces are out, damn it’s all of fame
Keep callin & callin & callin
No stalling & squalling, I’m all in

You singing the run doubts, and I don’t care
My pieces are out, damn it’s all of fame
Hearing from world, every words you say
Breaking damn heart, and I know you care
You singing the run doubts, and I don’t care
My pieces are out, damn it’s all of fame
Keep callin & callin & callin
No stalling & squalling, I’m all in",1
11,떠나야겠어,박준서,"때론 좀 겁이 나기도 했지만, 그래, 나는 마치 나비처럼
올라갈래 Fly 저기 아주 높이
하늘을 바라보며 다짐했었어 여태
그대여 내가 추억할 수 있을까?
그래 맞아 Wanna Touch The Sky
너무 익숙한 양쪽 스피커에 나오는 네 목소리가
나를 깨워 More High
난 준비됐어 많이 노력했어
이 어렵고 한 번뿐인 인생에서
그래 매일 밤 미친 듯한 소리와 같이 나는 떠나볼 거야

거기 멀어도 걸어서 아니 날아서 나는 올라갈래
좀 걸려도 멀어도 꿈에서 내가 늘 원했던 곳으로

난 떠나야겠어 니 앞에서
저기로 멀리 떠나겠어
많은 걸 원해 다른 걸 원해
이젠 알겠어 나는 저 행성까지로 Go
Pick Pick Up The Phone
떠날 준비가 됐어 Yessir
높은 곳에서 계속

많은 생각들은 집어치워 이게 나의 방식
My Lifestyle 그런 거야, 너도 알고 있지
자신을 믿어봐 그럼 너도 날아갈 수 있을 거야
저 하늘까지 아니면 그 이상까지도
지금 우리가 써온 역사를 봐봐 Yeah
어릴 때부터 이런 것들을 원했지
뭐가 잘못됐어? 난 그냥 원하겠어
내가 하고 싶은 것들은 그냥 해보는 거야
생각은 던져 어디로 갈래
생각은 던져, 어디로 갈까요
말해 봐 I'll drive 말해 봐 I'll drive 꿈에 올라타
Yeah 거기 멀어도 걸어서 아니 날아서 올라갈래
좀 걸려도 그게 멀어도 내가 늘 원했던 그곳으로

난 떠나야겠어 니 앞에서
저기로 멀리 떠나겠어
많은 걸 원해 다른 걸 원해
이젠 알겠어 나는 저 행성까지로 Go
Pick Pick up the phone
떠날 준비가 됐어 Yessir
높은 곳에서 계속

자유로",0
12,Face ID,6Lee,"미소를 짓네 phone에 검은 창에다
다음 화면이 켜지고 나야지만 딴데 봐
습관적인 type and time check 삶의 반
정도를 소비해 무표정으로 보낸 와 대박

의미없는 감탄사 박힌 문장들엔
찾을 수 없는 일말의 관심 다 dive in online,
타인에게는 mindless 현실과 담 쌓지
식사중에도 못 멈춰 typing

난 멀리 하려해 그 작은 box
그 속에 살아가는 바보가 될 수 없지
똑바로봐 my life so priceless
눈으로 담을래 저 창문 밖

풍경부터 부숴진 액정으로 본 V-log
어차피 illusion 느낄 수 없지 분명
한번 둘러봐 네 주변 그게
도파민보다 죽여 그러니

우린 필요없어 그 Face ID
노래만 나오면 괜찮지
우린 필요없어 Face ID
아직 아름다워 세상이

we don't need a Face ID
we don't need a Face ID
we don't need a Face ID
we don't need a Face ID


누군 말해 지친 하루 폰을 보는게 낙 오늘의 마
침표 같은거래 모든게 바삐 도는 세상
쉬지 않고 오른 계단이야 모두의 삶
행복은 모르겠다네 떠오른 대답은

고개 들어야지 뭐라도 보이지
얌마 손에 든거 치워 필요해 talking
할 말만 소리 높여 세상은 noisy
대화는 없고 싸질러댄 악플은 So easy

다 돼버렸어 심봉사 미쳐돌아
가는 세상은 미움뿐인 이 지경까지
와 버렸지 누군가의 잘못은 Fevertime
손가락질해 대신 엄지로 익명가면

뒤에서 stress 풀어 씩 웃어
그 손가락이 누군갈 죽여도 그저 구경
거리 일뿐 범인은 어디에도 없지 늘
넘 쉬운거지 두더지들처럼 phone 뒤로 쏙 숨어

우린 필요없어 그 Face ID
노래만 나오면 괜찮지
우린 필요없어 Face ID
아직 아름다워 세상이

we don't need a Face ID
we don't need a Face ID
we don't need a Face ID
we don't need a Face ID",1
13,"Faeries (feat. Ldy, Kebee)",YURYEONG (유령),"갈 길을 잃어
불켜진 외로움엔 해법이 없어
늦은 밤 열쇠를 쥐고 걸어 텅빈 복도
I wanna find my way
새벽 공기는 차갑게 내려 앉아
첫 해까지 잠에 들지 못하게 해
실수들은 어깨 위에 선 유령이 되고
순수함은 싸늘하게 경직된 주검이 돼
잠시 몸을 눕힐 곳은 어디에
어린 예술가의 자리는 골목진 구석이네
거리 위에 발길을 돌린 수많은 동료들의 그림자가
몇개 더 늘더라도
“걱정마 친구야 난 안 변해” 라던 나도
어느새 이미 무척 더러워졌음에도
여전히 나는 순수함이 존중 받길 원해
그렇기에 잠에 들지 못하는 새벽은 또
끝이 나지 않을 듯이 저 달빛은 나를 비웃어
영원히 돌려 보는 기억 속의 VHS
Meditation Levitate
또 다시 한편의 시에 멜로디를 얹어
며칠이 지났을지 모른 채 떠있는 공간
네 말이 전부 진심이였다면 어서 내 손 잡아
외로움과 사랑 그 둘은 서로가 있기에 존재하니
우린 절대로 행복해질수 없는거야

Goodnight
It’s all in your mind
We’re downing
Into the moonlight
끝 없는 바다 속
난 계속 가라앉아
꿈 속에 갇힌 채
희미한 저 빛을 쫒아가

익숙한 theme
진부한 것이 될지도 몰라
휘몰아친 feel 감정의 과부하
빙산처럼 녹길 원했지만
아침 해가 짓궂게 놀리듯이
나타났을 때 오늘 하루 종쳤단 걸 알았지
아직 음악 하기 원한다니
Don’t know why
솔직히 난 내 커리어에서 멀찍이 손 놓았고
그저 울타리 짓는 법에만 too hard
랩과 상관없는 고민들이 9할
이방인의 손이 되어 문을 열면
박수치는 것 말곤 할 게 없을 테니
내 본진에 있을 거야
친구들의 인터뷰에 깨달은 건
나 여전히 할 말 있고 플랜 있으니까
자 자, 밑줄 그어
난 다시 모드 바뀌네
랩은 졸음 밀어내고 눈빛 새로 각성해
곱절의 피로가 내일 날 짓눌러도
계획한 것이 내 심장 뛰게 만드니
Hop on me 그냥 하기만 하면 돼 huh

Goodnight
It’s all in your mind
We’re downing
Into the moonlight
끝 없는 바다 속
난 계속 가라앉아
꿈 속에 갇힌 채
희미한 저 빛을 쫒아가

새까만 밤 나 하나만 잠에 들지 못하고
생각은 꼬리를 물어 척추뼈를 타고 내려가
괴로움 가득한 낮 그 뒤를 따라 세상도 어느덧 물들어가
내가 잘못 한건가요 주세요 내게 구원을
못하겠어요 난 더는
눈을 감길 원해 counting sheep
Drowning me in memories
지킬수 없어 나는
견딜 수 없어 이 밤을",3
14,Dogma8,whosthegoose,"I can see yeah our fear
I can see yeah our faith
You can see my yeah
I can see yeah our yeah

어쩌다 폰 함 봤어 두시
그러다 퍼진 내 두 눈 굳이
Huh huh huh 진짜
많은 생각 내버려두지
Ok 아래로 두지 않아 내 고개
싫으면 싫다고 말해 좀 f**k that
그래 나 휘청 거리듯 취한 채 산다고 전해 빨리
Huh huh huh
나 *됐다 싶어
내 시도는 끊임이 없어서 꿀리지 않지
내 비법을 기껏 해
맛보고 싶다니 잔바린 안돼 good news
이 영감을 detox
너에겐 나빠도 여전히 good life but 내 표정은 띄꺼
새로운 슬로건 제시해
안되면 되게 해 make 괴물
많아 도 많아서 fake 되묻지
말아 급이 딱 like 테무
기다려 너에겐 나는 bad news
어거지 호응 아가리 닫아라
뺀지리 *끼들 제 발로 꺼져라 제발 거기서 나는 빼고

확신과 함성의 Dogma
영원한 밤의 오늘을 넌 영원히 꿈을 봐
모자를 눌러쓴 넌 피해 저 해를 나를 봐
7-8 이어지는 이 곡에서 춤을 나를 봐
yeah

I can see our fear
I can see our fever
You can see my yeah
I can see yeah our yeah
You want be my believer
Now they can see us yeha
I can see our fear
I can see our fever

I runaway
I runaway
Keep me up my G yeah
Can see our fear
Can see our fever

We live my yeha mirror
I live my yeha fear
You can see my yeah",2
15,ROUND ONE (feat. 김하온 (HAON)),JMIN,"She said why you so busy
Why you don’t answer
B***h, I be making these plays
B***h, I ain’t got time
But like I said I got time today
Pick the time and place
I’ll be there right away
I woke up like where am I at b***h we out in LA

You can be my round one pick
You won’t be number two
Usually I just pick and choose
And I choose you
But like a quarterback I’m making plays
Imma just ball and stay out the way
She said can I get a taste?
Naw b***h you can get away
Cause my b***h too bad
She suck it good you know I love her
And she look too good
She dress too good
I cannot dub her
I can’t dub her naw
Might have to wife her wow
I just pick my b***hes how I pick my clothes

She trynna throw me a back
I see the wave I be working for that
You got my attention 난 되어버려 JYP 선배님
내겐 여자가 있는데
Pick time & place
부르면 와 b***hes, 배민이네
살 빼기는 해야 돼
내게는 있기에
완벽한 애
그녀 feminine 해

때밀이가 된 듯이, 쳐 나는 박수
노래를 부르는 게, 마치 가수
원하는 곳을 말해 난 명사수
옷 입어 이미 다 봤어 네 타투
나 되어버려 나쁜인간이 어 가끔
지워 걔네들을 사뿐히 밟아
Thottie be hitting my phone 난 못 받어
난 surfing 해 바다
걔 허리는 얇아

데면데면 해버려 them baddies
인생은 달아 like Ben & Jerry’s
쥐 ** 도망가 하고 배신
인생은 아니지 톰과 제리
Get it 대리석을 밟아 my fit
Money dance 되버려 무하마드 알리
걘 나를 원하고 난 아마 아니지
그러고 싶을 때 날 떠나가길

I don’t wanna waste no time
yeah I only pick one not twice
코에 찔리곤 해 너가 뿌리던 Chanel no.5
나타나 넌 when I got time
매일같이 참 바보같아

You can be my round one pick
You won’t be number two
Usually I just pick and choose
And I choose you
But like a quarterback I’m making plays
Imma just ball and stay out the way
She said can I get a taste?
Naw b***h you can get away
Cause my b***h too bad
She suck it good you know I love her
And she look too good
She dress too good
I cannot dub her
I can’t dub her naw
Might have to wife her wow
I just pick my b***hes how I pick my clothes",104
16,Playground,Kandis(캔디스),"Many time, many chance
Anytime, anything
We can ride ride ride
If you try to run away on your path to someday,
I'll kick it back the other way
Without delay (Ho, delay)
There’s no replay (Ha, replay)
I can't meet on Sunday, because I have to roleplay (Ho Ha)

So tell me if you run, I can lead the way
From the look on your face, I can feel that way
I've got a back-up plan, you make me sway
Someone like me and you, that's what I crave

I feel good
Deep inside my heart
Set me free
Oh, I gotta say
I’m ready for anything
So baby don’t stop
Come to my gravity

This is my playground
I know me and exactly what I want
This is my playground
(Do you hear me?)
Let me hear you say
This is my playground
Let's do it something that's out of our mind
This is my playground
This is my playground
I know me and exactly what I want
This is my playground
Just play with my homies though
This is my playground
I wanna see the light and break it down
This is my playground
(Here we go, here we go, here we go, here we go) (One, two, three, four)

Let’s dance
Boom clap, boom boom clap
Boom clap, boom boom clap
Let’s dance
Boom clap, boom boom clap
Okay okay okay okay
Let’s dance
Boom clap, boom boom clap
Boom clap, boom boom clap
Let’s dance
Boom clap, boom boom clap
Okay okay okay okay

I’d better change my name to ‘Challenge’
So suitably
You can tell just by looking at it that my reels
Let them go with the flow and go slow and grow my baby
(Hey) (Uh)

This is my playground
(Are you really wanting to do?)
I know me and exactly what I want
This is my playground
(Are you really wanting to do?)
(Do you hear me?)
Let me hear you say
This is my playground
(Are you really wanting to do?)
Let's do it something that's out of our mind
(Do you know me?)
This is my playground
Uh, uh, uh
This is my playground
I know me and exactly what I want
This is my playground
Just play with my homies though
This is my playground
I wanna see the light and break it down
This is my playground
(Here we go, here we go, here we go, here we go) (One, two, three, four)

Let’s dance
Boom clap, boom boom clap
Boom clap, boom boom clap
Let’s dance
Boom clap, boom boom clap
Okay okay okay okay
Let’s dance
Boom clap, boom boom clap
Boom clap, boom boom clap
Let’s dance
Boom clap, boom boom clap
Okay okay okay okay
One more time, say it
Let’s dance
Boom clap, boom boom clap
Boom clap, boom boom clap
Let’s dance
Boom clap, boom boom clap
Okay okay okay okay
Let’s dance
Boom clap, boom boom clap
Boom clap, boom boom clap

Let’s dance
Boom clap, boom boom clap Okay okay okay okay",21
17,Crazy,EM Project,"[가사 준비중] 멜론 회원 여러분! 가사 등록을 기다리고 있어요.
가사등록하기",0
18,아카이브 (Prod. VLX),D.ocean cold,"내 두 손이 빈손으로 시작됐던지가 어느덧
7년이 흘러가며 빈곤으로부터 자유로워지길 원해 그 어느 것에
묶여있기 싫어 내 선택이 답이기를 빌어
갈망하지 난 아직도 지킬 신념과 내 맘속 깊이 깃든 이념
내 발걸음에 따라 달라진 행선지에 내가 갖게 될 것은 뭔지
무엇을 포기해야만 하는 건지 아직
정해지지 않은 것들이 많지 사실
거울 앞 자라지 못한 꼬마가 느낀 건 애절함과 서글픈 헌신
아쉽게 빛을 보지 못한 고리타분한 포기 못할
능욕을 견딘 내 작품의 적신호가
켜지지 않았음을 극명하게 발자취로 증명하지
내가 속한 세상은 과연 얼마나 자비롭나
불 꺼진 도시에도 내 태도는 변질되지 않으려
혼신을 다해 지켜나가 정신없이 해
거친 공기를 들어마셔 독한 숨 힘껏 삼켜
낭만이 죽은 도시의 어두움은 내 피를 말려
난 존재함에 의미를 둬 한발 다시 딛고
내 가늠 선을 크게 키워 환한 빛이 모이는
가든에 기록되기를
영광은 지속되지 늘
난 존재함에 의미를 둬 한발 다시 딛고 내 가늠 선을 크게 키워 환한 빛이 모이는
가든에 기록되기를
영광은 지속되지 늘
많은 결함 끝에 찾아온 내 욕망의 결실
나이테가 짙게 물들인 존망의 결핍
이 두 가지 가치를 위해 난 발을 딛여 쉼 없이 뛰어
완전함을 따랐다면 숨 멎을듯한 종사는 없지 맹렬히 기적은
아닌듯한 내가 벌린 판 곱씹으며 지킨 삶 속의 환상을
쫓는 가사는 여럿 흔적을 남기게 하지 여기저기 부딪혀 만든
내 몸의 타상
이젠 일상이 되어버린 떠버리에게 피곤이 항상
찾아오는 건 내가 염세적이여서 그렇데 골 아프게
낭만을 생각함에도 부정하며 말해 단지 널 위한 마음에
애써 포장해 그렇게 내 가치가 기억되게 남겨지는 게
없는 것보다 더 낫기에 끝없이 짖어대네
그렇게 난 어디에도 존재하며 어디에나 없어
과오들로 적힌 내 문장들로 하여 내 세상을 건설
양분을 먹지 매일 몸집을 키워 증명해 불멸을
죽어도 살아있음에 대한 부결을 못 하게 끓는 내 혼을 적셔",2
19,흐른 시간 속에서 (feat.추서준),BH,"도망간 날이 나를 놓지 막
덮친듯한 어둠 안에 놓치다
수많은 물음 속에 놓친 마음
이게 나의 본심이면 어떨까
시간은 나와 너의 갈림길 같아
이대로 흘러갈 수 있다면 난 몸을
맡기고 싶어 나뭇가지가 꺾이고 있어

잊지 못한 거리
다 떨쳐낸 채로 돌아가지 못해
머리가 아파서
이겨냈던 거지
꼴이 말 같지 않네
마음 남은 구석 없이
업신 여기는 태도는 필요 없어
하나같이 모든 게
틀어져 버린 거 같네
아무도 믿지 않기로
미련하나 없이 모든 걸 끝내버린 듯해 난
또 아무도 없던 곳 나 홀로 걷고
뒤를 돌아봤지만
또 어떻게 널 지우겠어 이게 마지막이라 해도
나 겁을 내지 않네
하나 거짓됨도 없이
손 모아 기도하고 앉아있잖아
pray to my god
난 그만 봐
지금 어딘가로
날 두고 간
그 시간과 장소
어딘가로
이제는 도망치지 않아 baby i know ya

미련하나 없이 모든 걸 끝내버린 듯해 난
또 아무도 없던 곳 나 홀로 걷고
뒤를 돌아봤지만
또 어떻게 널 지우겠어
난 아직도 여기에서 말이야
제자릴 걷겠어 나와 다른 점
하나 없이 같아 지길 바래

미련하나 없이 모든 걸 끝내버린 듯해 난
아무도 없던 곳 나 홀로 걷고
뒤를 돌아봤지만
또 어떻게 널 지우겠어
난 아직도 여기에서 말이야
제자릴 걷겠어 나와 다른 점
하나 없이 같아 지길 바래

어이없지 나 같지 않아도
이건 아마 말론 설명하긴 어려워
참지 않아 더
백 번을 말한 물음과
내가 떠난 뒤로 방엔 너의 웃음과
너무 뻔한 각본
이곳에 남은 채로 너의 자릴 잡아놔
그냥 아무것도 모르던 때로 돌아가고 싶어
네가 와도 아무렇지 않게
나를 기억해 빈자린 어깨에",0
20,BAEBAEBAE KICK,배배배,"[가사 준비중] 멜론 회원 여러분! 가사 등록을 기다리고 있어요.
가사등록하기",0
21,Autumn Wind,Room7,"[가사 준비중] 멜론 회원 여러분! 가사 등록을 기다리고 있어요.
가사등록하기",0
22,낙서,Swai,"또 구리겠지 maybe yeah
마음에 안들 수 밖에
I want masterpiece
and show you baby
take it step by step
쌓아 나만의 track

불러봐 끄적여봐
낙서같아 내 flow
아무도 날 몰라봐
인정안해도 난 계속

포기는 안해 벌써
넘치는 verses
rhyme 짜내기 바빠
아직 못했어 100%

난 없나봐 색
저마다 갖고있어
아마추어같은 이유였나봐

일단 그리다보면 언젠가
나만의 원색을 찾겠지
그 전까지는 없어
a4에 공백

steadily
draw picture
flow spit
and I'll do my best
feel like the Dali on beat

잉크는 안 떨어져
너 종이 안쓸거면 나 줘
명암,색채,질감 따위 몰라 그냥 막 써

뭐라도 그려 낙서
가사도 그냥 막 써
모두에게 인정 받고파서
혹시 몰라 될 수도 피카소

그려 낙서
그려 낙서
그려 낙서
그려 낙서
뭐 남을까봐서


이건 랩이던 인생이던 같아
결국 버틴 놈이 더
색이 더 진해
그 시간의 농도는 짙어

내 볼펜은 엉기적거려
난 아직 못 미처 애타
공연이라는 벽에 걸기엔
못 미더워 내가

I don't care.
삿대질 한 너는 한게 뭔데
그림 산 것도 아닌데
부려 텃세?

신경꺼줘 너 할 일이나 해
너의 오지랖은 trash
난 물감을 짜 flex

love it

""책을 펴 공부 왜 안해""
""하고 싶은 거 해 다음에""
you suggest cigarettes
내겐 의미 같애
차라리 담뱃재로 낙서를 해

이미 펜 잡았으니 안해 투기
될 때까지 루키
그 때까지 후진없어
한 번 지켜봐 몇 년 뒤 나의 위치
말이 너무 많았네
마저 그려
graffiti


뭐라도 그려 낙서
가사도 그냥 막 써
모두에게 인정 받고파서
혹시 몰라 될 수도 피카소

그려 낙서
그려 낙서
그려 낙서
그려 낙서
뭐 남을까봐서

뭐라도 그려 낙서
가사도 그냥 막 써
모두에게 인정 받고파서
혹시 몰라 될 수도 피카소

그려 낙서
그려 낙서
그려 낙서
그려 낙서
뭐 남을까봐서",6
23,"No Cap (Feat.Odd95, NOIDEACHILD)",YangChangMin (양창민),"빈털터리 소년 now here
안된다는 말만 들었지
내 태도가 어때 no fear,
이제 나 돌아갈 때야 no cap,
여전히 방구석이 젤 편해도
달라진 태도
난 너랑 틀려 변했어도
그대로지 my soul
넌 쭉 거짓말 쳐,
난 사람으로서
sell my word,
show me luv
i can't count it 눈 아파
발렌타인처럼 쌓인 마음
다친대도 좋아
봤어? run it up
이제 보여 진짜로 전부
시간은 자비 없고
마이크 앞에 난 잠이 없어
핑계로 물든 네 친구 좀 봐
우습다 못해 무서워져가 난
쟤넨 성시경도 아니고
창모도 아닌데
거리에서 자꾸만 갱, 거려
엄마 용돈 가지고 대체 뭘 하겠다고
너네랑 달리 인생 걸어 난
started from the bottom of the 반도 끝자락
은행털이범 하려 했었잖아 But got my stylish flow
이거 봐바 뭘 던져 주더라도 평타 이상 난 쳐
쟤네가 편식할 때 위로 한 발짝
사뿐히 내디뎌 기도했잖아
돈 되든 안 되든 들이받어
무시하던 애들에게 무시를 줘
이전과 달라졌네 180
친구 아니면 꺼내 계산기
물론 저들도 똑같이 하네
널 믿지 못하겠어 이제는 꽤
변했단 네 말에 동의해,
하나 내 목표는 동일해
어쩔 건데 가만있으면?
움직이는 날 막지 못해
빈털터리 소년 now here
안된다는 말만 들었지
내 태도가 어때 no fear,
이제 나 돌아갈 때야 no cap,
여전히 방구석이 젤 편해도
달라진 태도
난 너랑 틀려 변했어도
그대로지 my soul
넌 쭉 거짓말 쳐,
난 사람으로서
sell my word,
show me luv
i can't count it 눈 아파
발렌타인처럼 쌓인 마음
다친대도 좋아
봤어? run it up
이제 보여 진짜로 전부
돌아가지 못해 동네엔
올라갈 때 까진 간 뒤에 미련 없게
몰라 아무도 서울에
무인도 갇힌 기분이 들어
어색했던 공연장의 공기
처음 만난 사람들의 열기
속에 덜 익었던 나를 기억해
2년이 지나 옆에 사람들이 Ok
고집대로 가 매번 가짜들의 말은 i don’t care
태워 놓지 only 가족 같은 놈들 덕분에 살아가는 내
걱정 따위 안돼 도움이 들이박고 나서 하는 고민
저 밑바닥부터 여기 왔고 다음은 뭐가 됐든 흘러가는 대로
섭외 전화 울려 매달 피처링 문의가 이어서 배달
팬들의 선물이 쌓여가 내 방엔 포스터
가득히 채워놓은 게 나의 꿈이었구
yeah 예상과 달라도 버텨 gotta keep movin
yeah 이미 아는 듯이 살아가 맞이해 꿈
빈털터리 소년 now here
안된다는 말만 들었지
내 태도가 어때 no fear,
이제 나 돌아갈 때야 no cap,
여전히 방구석이 젤 편해도
달라진 태도
난 너랑 틀려 변했어도
그대로지 my soul
넌 쭉 거짓말 쳐,
난 사람으로서
sell my word,
show me luv
i can't count it 눈 아파
발렌타인처럼 쌓인 마음
다친대도 좋아
봤어? run it up
이제 보여 진짜로 전부",3
24,티격태격,김현직(JIK),"All My Friends 앞에서는 거짓말하고
뒤에서는 숨었네 나도 그래 너한테 무슨 말을
해야 할지 모르겠는데 시간이 없단 걸 알아
그래서 맘이 조급해 넌 또 왜 변했다고 말해
아직 널 사랑하는데 Ok ok ok 솔직해져 볼게
너의 수많은 사랑과 수많은 연락들
그래그래그래 가끔 피하고 싶네
그러면 넌 또 변했다 말하겠지
왜 너는 항상 너만 생각해
그럼 넌 왜 항상 너만 생각하는데
왜 너는 항상 내 잘못이라 해
차라리 우리 이제 그만하자
Ooh Ooh 너의 사진들을 전부 지워 I Say
Ooh Ooh Let you go Let you go I Will Let You Go
Ooh Ooh 시간들이 전부 해결할 텐데 I Say
Ooh Ooh 티격태격했던 추억들만 자꾸 기억나
이 사랑은 누가 시작했나
왜 그녀는 나를 사랑했나
미안하다 헤어지자 시간 갖자
우리 사랑 이 세 단어 말고 뭐가 남을까
이럴 거면 제발 헤어져
그래 홧김에 헤어지자
말하고 싶었지만
젠장 너 왜 오늘 첫 만남 때 입은 옷이야
약속 시간 늦은 너지만
화를 내지 않는 나를 보며 눈치를 챘나 봐
넌 말해 우리 진득하게 대화하자
난 말해 밖에 추워 일단 핫팩 받아
넌 말해 울면서 왜 이렇게 변했냐
난 말해 영화 예약했어 시간 빼놔
어떻게 맨날 티격 태격 대면서 만나는지
너랑 나도 참 이상해
사랑이라는 게 정말 어려운 것만 같아
어디가 오늘이 마지막인데
Ooh Ooh 너의 사진들을 전부 지워 I Say
Ooh Ooh Let you go Let you go I Will Let You Go
Ooh Ooh 시간들이 전부 해결할 텐데 I Say
Ooh Ooh 티격태격했던 추억들만 자꾸 기억나",6
25,Moonlit Drapes,DreamLike Records,"[가사 준비중] 멜론 회원 여러분! 가사 등록을 기다리고 있어요.
가사등록하기",0
26,Answer The Phone,Startfromthebottom,"[가사 준비중] 멜론 회원 여러분! 가사 등록을 기다리고 있어요.
가사등록하기",2
27,"Louis (feat. PAAK, Vxlious)",YUNGHOON,"Picture me baby
Give you all you want
Everything you got it I can give it all to you
In material world I’ll be the king you can be
my lil material girl
Cuz I gon
Take yo ass to a department store
Im about to spend all of that dollars til
we can’t no more baby I feel like a million bucks
Cop another after another take that tag off of that prada
Wear that gucci that louis medusa versace
Take the chauffeur with me treat me like vip
Yeah we act a fool for the paper
Suit rooms at marriott
Eat that steak and lobster
Sorry baby i’ll cop it up
Different Rose at the different locay
We can sip it all you want its all on me bae
Cash rules everything around me
In a material world
You be material girl babe
Picture me baby
Give you all you want
Everything you got it I can give it all to you
In material world I’ll be the king you can be my lil material girl
Cuz I gon
Take yo ass to a department store
Im about to spend all of that dollars til we can’t no more baby I feel like a million bucks
Cop another after another take that tag off of that prada
you are a personal? i need know
you are talk bad i need you wrong
you need a feel sometime for wait
i got Butterfly on your face
ok you don't need to worry about my love
you're amazing
could you see got my on bracing
i don't need no hoes
i want you clothes
don't think that I'm merry on go
i can't even Breathe thing
that i can my mind
i know wasting on my time",1
28,The 2 Way I Loved You,만타 밍고 (Manta Mingo),"시작은 다 무너진 맘에서부터
새로 만든 맘으로 널 크게 불러
어지럽고
왜 그럴까 도통
해석이 어려워 머리를 싸맨다
미친놈이냐고?
정답이야 아마도
심지어 이 노랜
절절한 사랑 노래
Umm Uh
모든 게 닿기를
Umm Uh
아무것도 모르기를
툭툭 떨어진 눈물 고작 몇 방울
떨쳐지지 않는 고민과 선잠을
보내고 난 후
오랜 참음은
지독하게 널 사랑하고 있구나
시작은 다 무너진 맘에서부터
아무것도 못하는 모습에 이르러
너무 최악이야
웃고 있지만
역시나 똑같이 머리를 싸맨다
미친놈이냐고?
정답이야 아마도
하지만 결국엔
널 위한 사랑 노래
Umm Uh
모든 게 닿기를
Umm Uh
아무것도 모르기를
툭툭 떨어진 눈물 고작 몇방울
떨쳐지지 않는 고민과 선잠을
보내고 난 후
오랜 참음은
지독하게 널 사랑하고 있구나
알게 해
이뤄지고 깨어지고를
떠난 아침에서
나의 작은 손이
네게 할 수 있는 것이 하나 없어서
너무 최악이야
웃고 있지만
역시나 똑같이 똑같이 똑같이
툭툭 떨어진 눈물 고작 몇 방울
떨쳐지지 않는 고민과 선잠을
보내고 난 후
오랜 참음은
지독하게 널 사랑하고 있구나",8
29,Believe,온에어(ONAIR),"I believe in myself
너도 Believe in yourself
I believe in myself
너도 Believe in yourself
I believe in myself
너도 Believe in yourself
I believe in myself
너도 Believe in yourself
No one would have known that
모두가 내게 안될 거라 할 때
주변에 모두가 하나씩 발 빼
but 수만 번 외쳤던 내 안에 고백
""Believe in myself""
이 말을 I can't forget
그래, 내가 왜 안돼
no matter what you say, I'll do what I want
Why you act like you know me?
혹시 그게 날 위한 걱정이었대도
No, 괜찮아, 내려놔 이제, 그리고 잘 봐 나에겐
지켜야 할 게 너무 많아, 내 어깨 위에 짊어진 걸 봐
승호, 정민아 그래 우리 말했지
""이유는 몰라도 실패는 없을 것 같아""
할아버지가 내게 남겨준 이름 세 글자 걸고
난 나를 믿어
I believe in myself
너도 Believe in yourself
We don't know anyone
그러니 섣부른 판단에
널 결정하지 마
누가 뭐래도 난 날 믿어
So, From now on
Don't wanna waste no time
No more
Oh oh, 쓰러지지 말고 일어서
Oh oh, 내가 니 손잡을 게 날 믿어줘
I'll be with you when you're down
I'll be with you at your ""now""
Don't be down, down, down
Don't be down, down, down
Don't be down, down, down
Don't be down, I'll be with you at your ""now""
솔직히 나도 가끔 헷갈릴 때가
왜 이 모든 짐들을 내가 져야 하나
책임감과 부담감 그 사이 어딘가에서
날 헤매게 만든 건 나의 불안함
이젠 알아, 그 누가 아닌 나란
사람에게 먼저 손을 내밀어 줘
조금의 실수가 널 쓰러뜨리려고 할 때
그럴 때마다 난 내게 말해
""Believe me!""
I believe in myself
너도 Believe in yourself
We don't know anyone
그러니 섣부른 판단에
널 결정하지 마
누가 뭐래도 난 날 믿어
So, From now on
Don't wanna waste no time
No more
Oh oh, 쓰러지지 말고 일어서
Oh oh, 내가 니 손잡을 게 날 믿어줘
I'll be with you when you're down
I'll be with you at your ""now""
Don't be down, down, down
Don't be down, down, down
Don't be down, down, down
Don't be down, I'll be with you at your ""now""",1
30,뱀새끼,빈틈,"Yeah, we wacky, movin’ slick,
힙합 바이브, 나는 뱀새끼
방심하다 네 등 뒤에 칼
이런 뱀새끼 자신 없음 집에 가

yo 그래 나 뱀새끼 아주 가끔은 tight
오늘은 느슨하게, 준비하는 fight
잡아라 뱀의 flow #샵 마치 이건 knife
끈적하게 비틂, 예아, 이건 희영's life

제주도의 삶, 중독자처럼 굴젠
리셋은 없으니 신실하게 붙게
마치 코브라의 독 so dangerous
정치질 필수 때론 괴로워도 배로 와 득 예

알아 스트레스 범핑 역사는 이뤄져 night에
같은 편이면 좋고 적이면 존나 피로하네
아웃사이더 같았지만 봐라 내 사이트
핵 딱 돌린 놈마냥 조진 후에 위스키 짠

Yeah, we wacky, movin’ slick,
힙합 바이브, 나는 뱀새끼
방심하다 네 등 뒤에 칼
이런 뱀새끼 자신 없음 집에 가

야 내게 말해 봐 이 씨발 fuckin' snake
In the grass, movin' fast, make a move, for my sake
힙합 dreams? 그딴 건 없는 포부
뱀새끼 일어난 넌 비켜봐 좀 아이고
무사 자꾸 와림나 이건 아냐 조크
Every bite, every bar, makin' waves, watch me poke
이러다 계속 미끄러지쿠다 가벼운 쇼
독은 그만 먹고 뭐라도 말합서게

Yeah, we wacky, movin’ slick,
힙합 바이브, 나는 뱀새끼
방심하다 네 등 뒤에 칼
이런 뱀새끼 자신 없음 집에 가",0
31,"잘 봐, 내가 널 지울수 있나",noss,"내가 널 지울 수 있나
내가 널 잊을 수 있나
내가 널 비울수 있나
그럴거야
내가 너 싫을 수 있나
내가 너 미울 수 있나
내가 너 지울 수 있나
그럴거야

눈 감으면 떠올라 네 얼굴
오늘 밤도 잠들기 두려워
미안해 볼 때마다 꼭 티 내서, 꼭 티 내서

내가 널 지울 수 있나
내가 널 잊을 수 있나
내가 널 비울수 있나
안될텐데
내가 너 싫을 수 있나
내가 너 미울 수 있나
내가 너 지울 수 있나
안될텐데


내가 널 지울 수 있나
내가 널 잊을 수 있나
내가 널 비울수 있나
안될텐데
내가 너 싫을 수 있나
내가 너 미울 수 있나
내가 너 지울 수 있나
안될텐데


우린 딱 여기까지야
우린 딱 여기까지야
우린 딱 여기까지야
나도 알지만
내가널지울수있나",0
32,"방해금지 모드 (Feat. Moonew, Claire Hau)",SUDI,"wake up away from there
실망했다면 i wanna get back yuh
way up away from there
다시 돌아보지 마 그대로 get back yuh
저물어 내 시간도 너의 밤을 닮아
어두워져 더는 안 보이게
곧 떠나게 될 거야
살아가기 바빠 이젠 너의 눈에 안 보이게

너와의 끝은 어디에
문득 사라져 버리겠지
내 phone은 무음 우리의 끝
괜찮다가도 모르겠지

어디론가 fall away
더 이상 찾지 말길 원해
비행기 모드처럼 내 삶
there's nothing anymore

We never get back just fly
we can't be there, so what
way up wake up now
We never get back just fly

She ain’t never had a time
우리 멀지 않은 때도
You on us
We’ll never get it twice right
우린 달라 cope up on us

Can we loop up
let us just get it over
난 매일 눈 떴지
너 아닌 새로운 밤 안

Call up
내 대답은 저 너머에
Even i’m turned on
When I am all on
난 안 보여 모든 게
익숙해질 듯이 날 계속 더
We never get back on us
하나부터
우린 그만 둘 것이
I hope you feel it too

We never get back just fly
we can't be there, so what
way up wake up now
We never get back just fly

yeah one two three
세고 돌아오면 똑같아질 것 같애
no i cant sleep more
그래서 밤이 싫어 벗어나지 못할 거 같애

우리 뭘 위해
더 가질 수 없어
지나쳐버린 어제를
넌 왜 더 그리워해

We never get back just fly
we can't be there, so what
way up wake up now
We never get back just fly

We had enough time
But hate to tight
to get us right it on
We had enough time
But hate to tight
넌 뭘 그리워해

We had the time
with all
just get us right it on
but we know
had to keep it
and fly",92
33,불씨,강산 (KANGSAN),"미치도록 너를 사랑했다
내 전부였던
아름다웠던 기억들로
너와의 공간, 너와의 대화까지
전부 미치도록 너를 사랑했다

""아마도 우린 안 맞는 것 같아”로
시작한 대화는 끝나질 않아
서로의 마음에 상처를 남기고
돌아서 후회를 반복해 다시 또 난

함께 걷던 거리에 서 있어, 나
혹시나 네가 우연히라도 지나칠까
그렇게
혼자 망상에 빠져 살아 매일 밤

우린 불꽃처럼
연기가 돼 사라져
붉은빛의 내 맘을 던져놨어
전부 다 쏟아부어
이젠 남은 게 없다 해도
불꽃처럼
다시 불꽃처럼

(Oh, 난)
겨울이 지나고 봄이 또 찾아와도 나는
(Oh, my)
아직도 거리를 맴돌아, 추웠던 그날 밤
이제는 놓아주려 해
기억에 남겨두려 해도
(어떻게 그렇게, 아무렇지 않게 말해)

시작은 너무나 빨라
그래서 벌써 난 지친 것 같아
우리는 시간이 필요했다는 걸
지나고 나서야 깨달아

어떡해, 답이 없대
도대체 뭐가 문젠데
밝게 웃을게
이제 그만 보내주려 해

""아마도 우린 안 맞는 것 같아""로
시작한 대화는 끝나질 않아
서로의 마음에 상처를 남기고
돌아서 후회를 반복해 다시 또 난

함께 걷던 거리에 서 있어, 나
혹시나 네가 우연히라도 지나칠까
그렇게
혼자 망상에 빠져 살아 매일 밤

우린 불꽃처럼
연기가 돼 사라져
붉은빛의 내 맘을 던져놨어
전부 다 쏟아부어
이젠 남은 게 없다 해도
불꽃처럼
다시 불꽃처럼

내 감정은 점점 더 무뎌져 가고
일상에 한 조각이 사라졌대도
나 사실은 하나도 실감이 안 나서
그리워하는 법조차 난 몰랐어

여전히 난 또
아직도 남겨진 채로
계절이 변해가도

감정은 타올라 재가 되고
우리 사랑은 차갑게 식어서 매일 밤
연기에 눈앞이 가려져도
이 세상이 무너져 내린대도 난

미치도록 소리쳐도 봤고
네 취향에 맞춰서 옷장 속을 바꿔
그리고선 해맑은 표정을 짓고서
날 보는 시선에 감정이 흔들려

아직 전해 주지 못한
말들이 많은데
나 더 이상 못 버티는데
어떻게 해
기다릴게
이 노래가 들릴 때까지

우린 불꽃처럼
연기가 돼 사라져
붉은빛의 내 맘을 던져놨어
전부 다 쏟아부어
이젠 남은 게 없다 해도
불꽃처럼
다시 불꽃처럼

미치도록 너를 사랑했다
내 전부였던
아름다웠던 기억들로 남겨두자고
너와의 공간 너와의 대화까지
전부 미치도록 너를 사랑했다",43
34,Velvet Seoul,DJD,"[가사 준비중] 멜론 회원 여러분! 가사 등록을 기다리고 있어요.
가사등록하기",0
35,A lonely road,Finder,"[가사 준비중] 멜론 회원 여러분! 가사 등록을 기다리고 있어요.
가사등록하기",1
36,호랭님은,알지s,"yeah 나는 아직 정처없이 길을 찾아 헤매는
굶주린 들, 길고양이
마음 속에 그려왔던 내가 바란, 깊은 산속
군림하는 호랭님은
비실비실 거죽때기 실속없는 무늬뿐인
하루살이 오늘양식 먹기에도 벅찬 난
길들인 똥강아지 주인 앞에
떨어지는 부스러길 먹고 앉아 있네요

산등성이 너머로 지는 해를 바라보며
푸른 달빛 사이로 포효하는 호랭님은

(나는 호양이, 고라니, 꼬랑이, 꼬랑이)
그건 마음에 심어진 허영이란 걸 알았어
내가 마실 강 줄기는 산 아래로 흐르는데

나는 아직 정처없이 길을 찾아 헤매는
굶주린 들, 길고양이
마음 속에 그려왔던 내가 바란, 깊은 산속
군림하는 호랭님은
비실비실 거죽때기 실속없는 무늬뿐인
하루살이 오늘양식 먹기에도 벅찬 난
길들인 똥강아지 주인 앞에
떨어지는 부스러길 먹고 앉아 있네요

나는 아직 정처없이 길을 찾아 헤매는
굶주린 들, 길고양이
마음 속에 그려왔던 내가 바란, 깊은 산속
군림하는 호랭님은
비실비실 거죽때기 실속없는 무늬뿐인
하루살이 오늘양식 먹기에도 벅찬 난
길들인 똥강아지 주인 앞에
떨어지는 부스러길 먹고 앉아 있네요

나는 아직 정처없이 길을 찾아 헤매는
굶주린 들, 길고양이
마음 속에 그려왔던 내가 바란, 깊은 산속
군림하는 호랭님은
비실비실 거죽때기 실속없는 무늬뿐인
하루살이 오늘양식 먹기에도 벅찬 난
길들인 똥강아지 주인 앞에
떨어지는 부스러길 먹고 앉아 있네 yeah

나는 호양이, 고랑이, 고얭이, 꼬랭이
나는 호양이, 고랑이, 고얭이, 꼬랭이 (호랭님은)

그건 마음에 심어진 허영이란 걸 알았어
(나는 호양이, 고랑이, 고얭이, 꼬랭이)
내가 마실 강 줄기는 산 아래로 흐르는데
(나는 호양이, 고랑이, 고얭이, 꼬랭이)

나는 아직 정처없이 길을 찾아 헤매는
굶주린 들, 길고양이
마음 속에 그려왔던 내가 바란, 깊은 산속
군림하는 호랭님은
비실비실 거죽때기 실속없는 무늬뿐인
하루살이 오늘양식 먹기에도 벅찬 난
길들인 똥강아지 주인 앞에
떨어지는 부스러길 먹고 앉아 있네요",0
37,영원한 이야기,광주,"처음 만난 순간부터
내 마음에 새겨진 짙은 너의 이름은
그 어떤 풍파에도 절대 흔들리지않아
사랑이란 것은 보이지 않아도
서로를 믿을 수 있는 고귀한 약속이란 걸

너와 함께 걷는 우리의 길 위에서
너의 손을 놓지 않고
어디든지 언제든지
함께 걸어가고 싶어
?
나의 맹세는 그대를 향한 영원한 이야기야
의리로 물든 사랑이야
아름답고 순수한 마음이야

나는 너의 길을 걷고
너는 나의 길을 걷고
그대는 우리의 길을 걷지
시간이 아무리 흘러도 변치 않는다는 것
서로를 아끼는 그 눈빛 하나 하나가


처음 만난 순간부터
내 마음에 새겨진 짙은 너의 이름은
그 어떤 풍파에도 절대 흔들리지않아
사랑이란 것은 보이지 않아도
서로를 믿을 수 있는 고귀한 약속이란 걸

너와 함께 걷는 우리의 길 위에서
너의 손을 놓지 않고
어디든지 언제든지
함께 걸어가고 싶어

나의 맹세는 그대를 향한 영원한 이야기야
의리로 물든 사랑이야
아름답고 순수한 마음이야

나는 너의 길을 걷고
너는 나의 길을 걷고
그대는 우리의 길을 걷지
시간이 아무리 흘러도 변치 않는다는 것
서로를 아끼는 그 눈빛 하나 하나가",0
38,Blitz,Lofi zoo,"[가사 준비중] 멜론 회원 여러분! 가사 등록을 기다리고 있어요.
가사등록하기",0
39,희선아 미안해 그리고 사랑해,모노크롬,"희선아, 나를 봐줘
너의 눈 속에 비친 내 모습
언제부턴가 흐릿해진
너의 모습들이

잘못된 말과 행동들이
너를 아프게 했던 날들
내가 몰랐던 너의 눈물
이제서야 보이는 걸

희선아 미안해, 다시 말할게
너 없인 나도 없는 걸 알았어
내가 더 사랑할게, 꼭 안아줄게
너의 모든 날들 곁에 있을게
희선아 사랑해, 이 말 하나로
우릴 이어줄 수 있다면 좋겠어
평생을 다 줄게, 너만 바라볼게
이제부터는 너를 지킬게

희선아, 시간은 지나
상처들도 흐려질 거라지만
내 가슴속엔 선명하게
네가 남긴 흔적들이 살아

잃어버린 웃음들까지
다시 찾아줄게, 약속해
우리 둘만 아는 기억으로
행복하게 불러줄게

희선아 미안해, 다시 말할게
너 없인 나도 없는 걸 알았어
내가 더 사랑할게, 꼭 안아줄게
너의 모든 날들 곁에 있을게

희선아, 너의 말이 맞아
너희 아버지 미국가셨어
하늘나라가 아니야 용서해줘
그래 곧 돌아오실거야 사랑해

희선아 미안해, 다시 말할게
너 없인 나도 없는 걸 알았어
내가 더 사랑할게, 꼭 안아줄게
너의 모든 날들 곁에 있을게
희선아 사랑해, 이 말 하나로
우릴 이어줄 수 있다면 좋겠어
평생을 다 줄게, 너만 바라볼게
이제부터는 너를 지킬게",2
40,Moonlit Reverie,NARKOZ,"[가사 준비중] 멜론 회원 여러분! 가사 등록을 기다리고 있어요.
가사등록하기",0
41,Amnesia,일니스트 (Illnest),"스무해 여덟이 되고
느낀 것 이곳은 심연
다 보여졌지 짧은
기간안에 모든 밑천
조금 미쳐 돌아간다
생각했지만 아니었어
야위었던 볼살은 푹 패여
몇 해 동안 칩거
기껏 했던 선행들은
못 없앴지 Karma
함박 웃음이란 단어는
내 사전에서 삭제 됐고
얇게 회 떠 뇌라는
나의 본체
속내 다 가렸더니
심연으로 향해
괴물은 나였고
괴물이 될 놈도 나지
밝디 밝던 낮이
이젠 싫을 정도로 빛나지
다 헤졌던 신발
밑창은 말해줘 시간이
얼마나 지났는지
In this deep AMNESIA
환영해 당도할 그대
우리 끝은 해파리
신기한 건 여긴 각자의
불행을 시로 써 되 팔지
내 팔이 넝마가 될 때까지
쓴 구절은 몇 백 개
선택해 여기 있을지
다음 심연으로 갈지
Amnesia
여긴 다음 페이지야
모두 당도할
여긴 Amnesia
Amnesia
모두 패자야
모두 당도할
여긴 Amnesia
Amnesia
다 내쉬어
Amnesia
I’m Messiah
모두 구원을 바라지
숙원은 사라진
깊고 깊은 미로 모두
구덩이 같다하지
구렁이가 빠진
수렁이 가깝지
무덤이 날 다시
불러 여긴 대체 어디
항상 뒤에서 널
바라보는 심연은 너야
각자 외롭거나
괴로우면 그 땐 바로 들어가
나도 살아봐서
알아 절대 탈출 못해
너와 나의 삶은
여태 고통이 가득해
아무도 모르게 들어가
언제든 다시 가 When you want
괴물을 죽여봐 그 후엔
그것도 너인걸 저 차가운 주검
간주곡 흐르는 삶에
우리 모두 만들어 Black Hole
너 빼고 세상이 행복해
보인다면 넌 올 걸 백프로
Amnesia 숨을 내쉬어
I’m messiah in Amnesia
Amnesia 숨을 내쉬어
I’m messiah in Amnesia
Amnesia
여긴 다음 페이지야
모두 당도할
여긴 Amnesia
Amnesia
모두 패자야
모두 당도할
여긴 Amnesia
Amnesia
다 내쉬어
Amnesia
I’m Messiah",1
42,닥터히루루크,도곡동,"인생은 계속돼
내가 없어져도
잊혀지지 않으면
난 절대 죽지 않을걸
눈앞이 캄캄해진 어둠이 와도
잡아 먹히지는 않을걸.
just life goes on
just life goes on
인생은 이어지는걸
나로 너로 너로 나로
눈앞이 캄캄해진 어둠이 와도
잡아 먹히지는 않을걸.
just life goes on
just life goes on
인생은 이어지는걸
나로 너로 너로 나로
끝장을 봐야겠다.
모든 걸 걸어 보자
안돼도 상관없다.
히루루크가 해주는 말
잊혀지지 않으면 너는
절대로 죽는 게 아니니까 끝까지 가
포기마 까짓거 끝장을 봐
모든 걸 걸어봐 그대로 가
유희왕 게임 같이
함정 카드가 너무 발동하지
닌자처럼 왔다 가는 게
불행인듯해 이 또한 지나가리
그래 버티고 버티면 돼
누군가 분명히 기억해
그래, 난 목소릴 기록해
영원의 근처에 기록돼
인생은 계속돼
내가 없어져도
잊혀지지 않으면
난 절대 죽지 않을걸
혹 죽어도 이 동생 형 뜻을 이어서
끝까지 싸워줄 테니 못 멈추는 게임
Pain & Pain & Pain , again & again & again
내일의 대비책 패인의 생김새
멋 모를 시절에 백일해, 이 정도는 핸디캡 쉽지
부정의 기운은 배기갱 칙칙 싹 다 빼버린 Rail
세상의 채찍질 우리 함께라면 팽이채지
정신이 돌고 주변이 돌고 세상이 돌고 회전은 캐시 백.
배기팬. 빼돌려 우리는 애기패
승부는 났고 똥을 싸놨고 저 물주들 사기쳐 모은 거 우리가 챙길게
인생은 계속돼
내가 없어져도
잊혀지지 않으면
난 절대 죽지 않을걸
눈앞이 캄캄해진 어둠이 와도
잡아 먹히지는 않을걸.
just life goes on
just life goes on
인생은 이어지는걸
나로 너로 너로 나로
눈앞이 캄캄해진 어둠이 와도
잡아 먹히지는 않을걸.
just life goes on
just life goes on
인생은 이어지는걸
나로 너로 너로 나로",22
43,흔적,동키 (Dongkey),"똑같은 하룰 걷는데 니가 문득 생각나
스치다 마주치게 되면 니가 무슨 표정을 지을까
이런 어색한 상황들이
정말 피하고 싶은 그럴때 일어나고 말았지

우연히 찾은 술집에 너의 뒷모습이 보여
나도 모르게 내심장은 눈치없이 자꾸만 두근대
하지만 네 앞에 다른 남자와
웃는 네 모습을 보고나니 내심장은 그대로 쿵


내가뭔데 이미 다 끝난사인데
왜 자꾸 터질것만 같은건데

날본건지 못 본척했던 거였나
넌 그대로 나가고 말았어


넌 내 생각이 나긴 했었니
널 지금도 바라보는데 uh
취해서 이런게 아냐
그냥 꿈이었음 좋겠어

또 널 마주치긴 할 수 있을까
난 네옆에 있던 남자가 Um
내가 생각하는 사이만
아니길 바라고 바래


바보같은줄 모르는게 아냐
알고 있어도 내맘같지 않아

괜찮은척 다잊은척
노력해도 맘이 쿨해지지 않아

네가 아무렇지 않아 보여
그게 내마음에 자꾸 걸려

행복하라고 빌어 주는게
왜이렇게 힘든지 모르겠어


내가뭔데 이미 다 끝난사인데
왜 자꾸 터질것만 같은건데

날본건지 못 본척했던 거였나
넌 그대로 나가고 말았어


넌 내 생각이 나긴 했었니
널 지금도 바라보는데 uh
취해서 이런게 아냐
그냥 꿈이었음 좋겠어

또 널 마주치긴 할 수 있을까
난 네옆에 있던 남자가 Um
내가 생각하는 사이만
아니길 바라고 바래


Uh 다른 사람들이 모두 내게 말해
시간이 다 약이라고

술이나 마시다가 보면 어느새 잊혀진대

사소한 모든것 들이 점점 짙어져
갈수록 생각만 더 나는거 같은데

as it is
We really

정말 잊어도 되는지 나는 아직 모르겠어


넌 내 생각이 나긴 했었니
널 지금도 바라보는데 uh
취해서 이런게 아냐
그냥 꿈이었음 좋겠어

또 널 마주치긴 할 수 있을까
난 네옆에 있던 남자가 Um
내가 생각하는 사이만
아니길 바라고 바래",8
44,그냥 너무고마워서,스몰키드(Small Kidd),"몇년이 지나고서 생각나
갑자기 그냥 네가 떠올라서
절대로 그리운건 아니라
어떻게 사는지가 궁금해서

다시 잘해보잔 말은 아냐
나도 미안했던게 많아서
철 없던때에 나를 사랑한
너에게 그냥 너무 고마워서

내가 잘못해서 헤어진 후에
붙잡기도 미안해서 아무말도 못했었지 난
맨날 울고불고 바보같이 살았던 그때
그덕에 내 잘못인걸 알았었지 난

어떤 말로도 널 돌리기엔 너무
멀어져버린 너와 내 사이
다시 연락한건 단지 미안한 맘에
고마웠다는 그 말을 하려

고 했던 거야 잘 지내고 있지 어쩌다
밥이나 먹자고 연락하면
부담스럽게 생각은 말고
괜찮으면 오늘처럼만 나와줘",11
45,BOO BEE,JIKY,"Ay
We met at the club but
익숙한 느낌이 너에게 보여
착각인가 싶어도 밤이
아까우니 괜히 함 부려보지 배포를
Uh 그래 내 mistake
이제와서 그게 뭔 상관인데
꺼진 불빛 속에 너 아름다워
내 직감이 맞았길 바라지 꽤
안 살야 살던 대로
널 가질거야 뭘해도
내일은 걍 때려버려 day off
약속은 제끼고
너에게로 way on (ooh)
우리 할 말이 꽤 많아도
전부다 skip해 시간 아까워
나 가진걸 전부 다 잃어도 좋아
너만 옆에 있으면 돼
내가 없을 때 다른남자랑 엮이는건 싫어서
저 멀리 숨어서 널 감시하고 싶어
너 말고는 다른 여자는 질려 전부 다 이별
집착은 아닌데 너랑 오늘 밤을 보내고 싶어
부비부비부 부비부비부
부비부비부 부비부비부
부비부비부 부비부비부
부비부비부 부비부비부
Let’s Go
항상 옆에서 있어줄래
내가 이상하고 천박해도
너 앞에서는 건방지게 행동하지 않아
금방 알아가고 싶어 너의 모든걸
순진한 척해도 결국에는 클럽에서 봤는걸
내 사랑의 끝을 너로 하고싶은데 어떻게 할래
나가서 데이트 하는 것도 좋지만
너랑 집에서 케이크 먹으면서 붙어있고 싶은데
괜히 부끄러운 척 내숭떨지마
내가 없을 때 다른남자랑 엮이는건 싫어서
저 멀리 숨어서 널 감시하고 싶어
너 말고는 다른 여자는 질려 전부 다 이별
집착은 아닌데 너랑 오늘 밤을 보내고싶어
부비부비부 부비부비부
부비부비부 부비부비부
부비부비부 부비부비부
부비부비부 부비부비부
Let’s Go",2
46,Overcome (Prod. wedOcean),Nate Fidel,"Seconds of 40 I stumbled in agony
Nobody cared about singing the harmony

어쩌면 나 같은 존재란 차라리
비난을 받고 더 진리에 나란히

기도와 말씀에 symphony
태산을 넘어 저 위에 그 보상이

나를 더 싸우게 만드네
아버지 품 아래 지울게 calumny

King 아래
난 바래

타임 곧 차례
그 날에

Blood 그 양에
내 안에

Days on race we’ve done
Our 차례

One day
We say

I lay
Kingdom may

Break all those chain 다 아래
God of throne we praise your plan A

Must never be granted, but son in the heavenly told me to get in the light

I’ve chosen the brighter and life in the meter got so many mocking get over the sight

I do not deserve to be placed in the meant to be son of man told me to raise up my head

Jesus be heavenly
Onto the meant to be
Brother he paid for us
Over the dead

I'm not in the calumny, over the symphony de(ciding) that I would be preacher for Christ

Telling me Timmy you gotta be kidding me why do you seek for the pain and the lay

Hungry for light and the king of delight in the darkness he rising up saving the dead

I’ve rather be crucified kneel with the justified praying for(ever) be lifted a had

신앙의 원조
가진 건 나약함 그게 내 인생의 전부

진리에 미친 나란 놈 복음을 이 땅에 다시금 Undo

이 전쟁에 예수가 선두
포기는 못하네 영혼의 판도

난 내 맘에 보혈을 새겼네
차 세대 왕 아래 모였네 born to

핍박과 그 사랑에 날 잡았네
내 삶이 배불리 살았네

빛 내 안에 still on my days
쉴 틈은 만들지 않았네

Maintain 주를 더 바랬네
미치게 flow를 더 뱉었네

보혈의 그 땅을 적셨네
내 피는 세대와 희생에

그때처럼 내
안에 불이 붙은 때
삶을 원해

난 칼을 가네
삶이 뭔데
말씀과 주의 전에

소속은 Je/sus 와
필요한 요건은
Humble 과 kneel

엎어진 판에 미친놈
한 세월 사이 보인 그 차이",0
47,F/W,Henry Woo,"why should you leave here
why should you leave here
why should you leave here
why should you leave here

why should you leave here
Imma fall apart if you wanna leave here
I told you that now you don’t live here
now 1 question have you ever miss me

Imma fall apart in fall like that leaves
Imma fall apart in fall like that leaves
Imma fall apart in fall like that leaves
now ma heart catch a cold like a winter

후덥지근한 여름이 지나가
또 남는 게 없이 흘렀나 시간만
이룬 건 너무 터무니없고
내 것으로 만들려 애썼던 것들

nothing changed
바뀐 게 하나 있다면 네가 떠났다는 것
feel strange yeah
기억 너와 있던 장소들이 꽤나 시리다는 것

사계는 다시 돌아 노란 빛 물들였고
작년 이쯤에 너는 내게 찾아와 물었어
what are you waiting for
인생의 긴 시간 동안 넌 매일 뭘

그때의 철없는 나였다면 열아홉의 너라 했겠지만
이제 너 없이 난 idk at all
oh get this you so pretty bad girl
I’m living in a hell how’s it mother going

why should you leave here
Imma fall apart if you wanna leave here
I told you that, now you don’t live here
now 1 question have you ever miss me

Imma fall apart in fall like that leaves
Imma fall apart in fall like that leaves
Imma fall apart in fall like that leaves
now ma heart catch a cold like a winter

where are you at now 넌 잘 지내
친구 통해 들은 너는 잘 지내더라
밥도 잘 먹고 취업도 잘했나 봐
새 남친은 잘도 사귀네

난 쿨한 남자가 되고 싶었지만
너만 없는 겨울 날씨만 더 추워지잖아
어쩌면 넌 내게 우주 같아
숨은 나를 쉬지 못하게 하잖아

목 놓아 질러봐도 no one can listen
귀 닫은 네게 사랑한다 반복하던 나와 비슷해

나의 실수 너를 잊고 싶을 뿐
그게 쉽지 않기 때문에 계속해서 질주
from 광안리
우리 둘이 앉아있던 양화 한강에서
여의나루까지 난 숨이 너무 차

why should you leave here
Imma fall apart if you wanna leave here
I told you that now you don’t live here
now 1 question have you ever miss me

Imma fall apart in fall like that leaves
Imma fall apart in fall like that leaves
Imma fall apart in fall like that leaves
now ma heart catch a cold like a winter

Imma fall apart in fall like that leaves
you promised that you don’t leave me
oh let me get your lucky and goodness
like that 8 15 night right

now maybe make a sense to you ain’t ya
like the day you don’t love me anymore
oh I got it good bye
hope you living in a hell
and harder than my life
I still living in a hell

why should you leave here
why should you leave here
why should you leave here
why should you leave here",11
48,AI 4 TIME (feat. Wlludens),MOAI,"시간이 됐어
억지로 끼워 맞췄던 인생은 늘 ㅈ됐어
Fuck Nosy hu
멀리 날라가는 중
With my bros and my groovy
Shit
AI 4 TIME
AI 4 TIME
AI 4 TIME
AI 4

시간이 채점 하기 전에 더 뱉어
잘 때 머리 속 상태는 pregnant
차가운 모니터
고통스러워 보이면 됐어
됐다네 다들 그때도 살만한 거였나
느껴져 괴리감
혼자서 발버둥 치지만
옆엔 꽤 많은 힘들이 있어 웃어
함께니까 같이 맞아 비 웃어
인생은 혼자란 새끼
뻗어봐 손 거기에 난 없어
This prototype mind
모두가 아닌 우릴 위해서
이 엎지른 물 안 날라가려 건조 시켜

시간은 금 (금)
지나온 과거 날 내버려 두게 (두게)
빠그러지는 내 두개골
만들어 내야지 2배 더
This prototype game인줄
안다면 No thanks
옆 사람 Belt 매 더 높이 올라갈
시간이 됐어
억지로 끼워 맞췄던 인생은 늘 ㅈ됐어
Fuck Nosy hu
멀리 날라가는 중
With my bros and my groovy
Shit
AI 4 TIME
AI 4 TIME
AI 4 TIME
AI 4

AI 4 TIME WIIudens
봐 눈앞에 모두 말 뿐이던 거짓
누굴 탓해 다행이지
잃기 전에 고쳤으니
없던 일인 듯이 뻔뻔하게
다시 해봐 또 걱정할게
당연해 모 아님 도지만
우리는 전부다 모 아님 뭐니
지금 이 위친 상관없지 진심
전부 모였으니 빛이
조금만 더 가면 돼 그리
밝진 않아도 길을 비춰
따라갈 수만 있다면 뒤쳐져도
멈추지만 마 언젠가 닿을 수 있다는
확신에 오늘도 한 발만

더 내딛어봐 거의 다 왔잖아
Don't worry 돈 월 200이 내 벌이 전부래도
내 꿈은 놓은 적 없지 마음 만은 항상 높이
고정된 과녁 판 매일 밤마다 당기는 활 시위
영등포 Sound Garden에서
목동 Up Studio
여전히 해등로를 밝히는 악동들이여
오르는 곳이 곧 정상 까는 놈들은 비정상
정산은 됐어 뱉을 시간만 있다면
AI 4 TIME",3
49,"신라천정 (feat. Luci Gang, Lucky Bando)",PAXXWORD,"top of the foodchain 꼭대기에
but feels like dusty on my way
top of the foodchain 꼭대기에
but feels like dusty on my way
top of the foodchain 꼭대기에
but feels like dusty on my way
top of the foodchain 꼭대기에
but feels like dusty on my way

i aint got no time to play game
i aint got no time to play game
i aint got no time to play game
i aint got no time to play game
top of the foodchain 꼭대기에
but feels like dusty on my way
top of the foodchain 꼭대기에
but feels like dusty on my way

PAXXWORD 높이 더 높이
마치 구름 넌 못 잡아채 내 flow
계속 거짓말을 뱉어 너의
왼손 뒤에 십자가를 못본 척
원한다면 가져가 너의 왕관
그리고 난 내려 준다고 천벌
톱니바퀴는 안 멈추고
돌고 또 돌아 도착지는 출발선
깨져버린 pixel im gon get that
broke boys 피해가고 we gonna flip that uh
바짝붙어 저기 밑에 아님 기대
무의미 해져 그 핏대 uh
친구따라 약팔아 끽 해봤자
너네 없잖아 집에 새 지폐 uh
뒤에서 하는 beef에
붙어 핑계
im gon eat that
삼키지 한 입에 uh
passport 항상 나의 pocket
rocket 처럼 사라지기 전까지 오르막길
PAXXWORD got no time for yall bullsit
먼지 투성이여도 choose 꼭대기
try b do your best 옆에 없고 가있지
pop pills when i spit bars so toxic
crisis 내껀 못 뒤집어 no chances
옆에 pageturner 보여주네 new pages

top of the foodchain 꼭대기에
but feels like dusty on my way
top of the foodchain 꼭대기에
but feels like dusty on my way
top of the foodchain 꼭대기에
but feels like dusty on my way
top of the foodchain 꼭대기에
but feels like dusty on my way

I ain't play games
No trick, just treat you right
시작도 안해 내가 지는 싸움
뽄새가 달라 길거리 싸움에도
자로 잰듯한 칼각을 봐
난 우두머리 그릇, 칭기스칸
내 손으로 직접 피를 봐
넌 핏대만 세우곤
이렇다 저렇다 죄 핑계만
어디 약을 쳐 난 안 들어 약발이
Money flex 그래봤자 약팔이
Easy come and easy go 넌 거까지
딱 거까지 지금이 막바지
가족 같대 끝엔 고자질
아님 잠깐 놔봐 Let me talk about it
쳐닫던 입 열개도 모자라지
내 입 딱 한개 챙겨 난 악바리
uh uh 악바리로 굴려 나의 시침
어중간할거면 들어 내 시침
랩이나 잘해 그게 내 지침
wanna beef? okay 핏기
가시기전에 I'm eating this beat
난 직진
넌 찍찍
치대지말고 드가 저 뒷길

top of the foodchain 꼭대기에
but feels like dusty on my way
top of the foodchain 꼭대기에
but feels like dusty on my way
top of the foodchain 꼭대기에
but feels like dusty on my way
top of the foodchain 꼭대기에
but feels like dusty on my way

야 난 어린애처럼 늘 말하지
너보다 깊은 내 마음가짐
콧방귀 뀌어 난 타 타임머신
널 끼워주고 싶지만 만원이여
똑같은 놈들로 트럭을 채워 다
양념을 끼얹어 만든 값어치
마음이 부풀어서 난 못하지 각본대로
너넨 끽해야 망나니
내 서울 위치 NEWTOWN
너네 위 우뚝 솟아
앞 뒤 꽉 막힌 범퍼카
통장에 복사 코,코,콤마
삼류새끼 돈독 올라 꽁꽁 숨긴 신호탄
날개 단 니 트라우마 뻔한 다짐은 며칠도 못가
담을넘어 앞은 일방통행
급정거 너네 표정보니 달콤해
손대면 고메로 변해 우린 미슐랭
너네 얇게 써는건 눈 감고도 해
GD처럼 삐딱 하루종일
다시 뽑아왔어 BASS 급이 다른소리
404의 스티브잡스 다음은 여기
남양주 to worldwide 다음역에

op of the foodchain 꼭대기에
but feels like dusty on my way
top of the foodchain 꼭대기에
but feels like dusty on my way
top of the foodchain 꼭대기에
but feels like dusty on my way
top of the foodchain 꼭대기에
but feels like dusty on my way

i aint got no time to play game
i aint got no time to play game
i aint got no time to play game
i aint got no time to play game
op of the foodchain 꼭대기에
but feels like dusty on my way
top of the foodchain 꼭대기에
but feels like dusty on my way",20
50,Amnesia,일니스트 (Illnest),"스무해 여덟이 되고
느낀 것 이곳은 심연
다 보여졌지 짧은
기간안에 모든 밑천
조금 미쳐 돌아간다
생각했지만 아니었어
야위었던 볼살은 푹 패여
몇 해 동안 칩거
기껏 했던 선행들은
못 없앴지 Karma
함박 웃음이란 단어는
내 사전에서 삭제 됐고
얇게 회 떠 뇌라는
나의 본체
속내 다 가렸더니
심연으로 향해
괴물은 나였고
괴물이 될 놈도 나지
밝디 밝던 낮이
이젠 싫을 정도로 빛나지
다 헤졌던 신발
밑창은 말해줘 시간이
얼마나 지났는지
In this deep AMNESIA
환영해 당도할 그대
우리 끝은 해파리
신기한 건 여긴 각자의
불행을 시로 써 되 팔지
내 팔이 넝마가 될 때까지
쓴 구절은 몇 백 개
선택해 여기 있을지
다음 심연으로 갈지
Amnesia
여긴 다음 페이지야
모두 당도할
여긴 Amnesia
Amnesia
모두 패자야
모두 당도할
여긴 Amnesia
Amnesia
다 내쉬어
Amnesia
I’m Messiah
모두 구원을 바라지
숙원은 사라진
깊고 깊은 미로 모두
구덩이 같다하지
구렁이가 빠진
수렁이 가깝지
무덤이 날 다시
불러 여긴 대체 어디
항상 뒤에서 널
바라보는 심연은 너야
각자 외롭거나
괴로우면 그 땐 바로 들어가
나도 살아봐서
알아 절대 탈출 못해
너와 나의 삶은
여태 고통이 가득해
아무도 모르게 들어가
언제든 다시 가 When you want
괴물을 죽여봐 그 후엔
그것도 너인걸 저 차가운 주검
간주곡 흐르는 삶에
우리 모두 만들어 Black Hole
너 빼고 세상이 행복해
보인다면 넌 올 걸 백프로
Amnesia 숨을 내쉬어
I’m messiah in Amnesia
Amnesia 숨을 내쉬어
I’m messiah in Amnesia
Amnesia
여긴 다음 페이지야
모두 당도할
여긴 Amnesia
Amnesia
모두 패자야
모두 당도할
여긴 Amnesia
Amnesia
다 내쉬어
Amnesia
I’m Messiah",1
51,닥터히루루크,도곡동,"인생은 계속돼
내가 없어져도
잊혀지지 않으면
난 절대 죽지 않을걸
눈앞이 캄캄해진 어둠이 와도
잡아 먹히지는 않을걸.
just life goes on
just life goes on
인생은 이어지는걸
나로 너로 너로 나로
눈앞이 캄캄해진 어둠이 와도
잡아 먹히지는 않을걸.
just life goes on
just life goes on
인생은 이어지는걸
나로 너로 너로 나로
끝장을 봐야겠다.
모든 걸 걸어 보자
안돼도 상관없다.
히루루크가 해주는 말
잊혀지지 않으면 너는
절대로 죽는 게 아니니까 끝까지 가
포기마 까짓거 끝장을 봐
모든 걸 걸어봐 그대로 가
유희왕 게임 같이
함정 카드가 너무 발동하지
닌자처럼 왔다 가는 게
불행인듯해 이 또한 지나가리
그래 버티고 버티면 돼
누군가 분명히 기억해
그래, 난 목소릴 기록해
영원의 근처에 기록돼
인생은 계속돼
내가 없어져도
잊혀지지 않으면
난 절대 죽지 않을걸
혹 죽어도 이 동생 형 뜻을 이어서
끝까지 싸워줄 테니 못 멈추는 게임
Pain & Pain & Pain , again & again & again
내일의 대비책 패인의 생김새
멋 모를 시절에 백일해, 이 정도는 핸디캡 쉽지
부정의 기운은 배기갱 칙칙 싹 다 빼버린 Rail
세상의 채찍질 우리 함께라면 팽이채지
정신이 돌고 주변이 돌고 세상이 돌고 회전은 캐시 백.
배기팬. 빼돌려 우리는 애기패
승부는 났고 똥을 싸놨고 저 물주들 사기쳐 모은 거 우리가 챙길게
인생은 계속돼
내가 없어져도
잊혀지지 않으면
난 절대 죽지 않을걸
눈앞이 캄캄해진 어둠이 와도
잡아 먹히지는 않을걸.
just life goes on
just life goes on
인생은 이어지는걸
나로 너로 너로 나로
눈앞이 캄캄해진 어둠이 와도
잡아 먹히지는 않을걸.
just life goes on
just life goes on
인생은 이어지는걸
나로 너로 너로 나로",22
52,흔적,동키 (Dongkey),"똑같은 하룰 걷는데 니가 문득 생각나
스치다 마주치게 되면 니가 무슨 표정을 지을까
이런 어색한 상황들이
정말 피하고 싶은 그럴때 일어나고 말았지

우연히 찾은 술집에 너의 뒷모습이 보여
나도 모르게 내심장은 눈치없이 자꾸만 두근대
하지만 네 앞에 다른 남자와
웃는 네 모습을 보고나니 내심장은 그대로 쿵


내가뭔데 이미 다 끝난사인데
왜 자꾸 터질것만 같은건데

날본건지 못 본척했던 거였나
넌 그대로 나가고 말았어


넌 내 생각이 나긴 했었니
널 지금도 바라보는데 uh
취해서 이런게 아냐
그냥 꿈이었음 좋겠어

또 널 마주치긴 할 수 있을까
난 네옆에 있던 남자가 Um
내가 생각하는 사이만
아니길 바라고 바래


바보같은줄 모르는게 아냐
알고 있어도 내맘같지 않아

괜찮은척 다잊은척
노력해도 맘이 쿨해지지 않아

네가 아무렇지 않아 보여
그게 내마음에 자꾸 걸려

행복하라고 빌어 주는게
왜이렇게 힘든지 모르겠어


내가뭔데 이미 다 끝난사인데
왜 자꾸 터질것만 같은건데

날본건지 못 본척했던 거였나
넌 그대로 나가고 말았어


넌 내 생각이 나긴 했었니
널 지금도 바라보는데 uh
취해서 이런게 아냐
그냥 꿈이었음 좋겠어

또 널 마주치긴 할 수 있을까
난 네옆에 있던 남자가 Um
내가 생각하는 사이만
아니길 바라고 바래


Uh 다른 사람들이 모두 내게 말해
시간이 다 약이라고

술이나 마시다가 보면 어느새 잊혀진대

사소한 모든것 들이 점점 짙어져
갈수록 생각만 더 나는거 같은데

as it is
We really

정말 잊어도 되는지 나는 아직 모르겠어


넌 내 생각이 나긴 했었니
널 지금도 바라보는데 uh
취해서 이런게 아냐
그냥 꿈이었음 좋겠어

또 널 마주치긴 할 수 있을까
난 네옆에 있던 남자가 Um
내가 생각하는 사이만
아니길 바라고 바래",8
53,그냥 너무고마워서,스몰키드(Small Kidd),"몇년이 지나고서 생각나
갑자기 그냥 네가 떠올라서
절대로 그리운건 아니라
어떻게 사는지가 궁금해서

다시 잘해보잔 말은 아냐
나도 미안했던게 많아서
철 없던때에 나를 사랑한
너에게 그냥 너무 고마워서

내가 잘못해서 헤어진 후에
붙잡기도 미안해서 아무말도 못했었지 난
맨날 울고불고 바보같이 살았던 그때
그덕에 내 잘못인걸 알았었지 난

어떤 말로도 널 돌리기엔 너무
멀어져버린 너와 내 사이
다시 연락한건 단지 미안한 맘에
고마웠다는 그 말을 하려

고 했던 거야 잘 지내고 있지 어쩌다
밥이나 먹자고 연락하면
부담스럽게 생각은 말고
괜찮으면 오늘처럼만 나와줘",11
54,BOO BEE,JIKY,"Ay
We met at the club but
익숙한 느낌이 너에게 보여
착각인가 싶어도 밤이
아까우니 괜히 함 부려보지 배포를
Uh 그래 내 mistake
이제와서 그게 뭔 상관인데
꺼진 불빛 속에 너 아름다워
내 직감이 맞았길 바라지 꽤
안 살야 살던 대로
널 가질거야 뭘해도
내일은 걍 때려버려 day off
약속은 제끼고
너에게로 way on (ooh)
우리 할 말이 꽤 많아도
전부다 skip해 시간 아까워
나 가진걸 전부 다 잃어도 좋아
너만 옆에 있으면 돼
내가 없을 때 다른남자랑 엮이는건 싫어서
저 멀리 숨어서 널 감시하고 싶어
너 말고는 다른 여자는 질려 전부 다 이별
집착은 아닌데 너랑 오늘 밤을 보내고 싶어
부비부비부 부비부비부
부비부비부 부비부비부
부비부비부 부비부비부
부비부비부 부비부비부
Let’s Go
항상 옆에서 있어줄래
내가 이상하고 천박해도
너 앞에서는 건방지게 행동하지 않아
금방 알아가고 싶어 너의 모든걸
순진한 척해도 결국에는 클럽에서 봤는걸
내 사랑의 끝을 너로 하고싶은데 어떻게 할래
나가서 데이트 하는 것도 좋지만
너랑 집에서 케이크 먹으면서 붙어있고 싶은데
괜히 부끄러운 척 내숭떨지마
내가 없을 때 다른남자랑 엮이는건 싫어서
저 멀리 숨어서 널 감시하고 싶어
너 말고는 다른 여자는 질려 전부 다 이별
집착은 아닌데 너랑 오늘 밤을 보내고싶어
부비부비부 부비부비부
부비부비부 부비부비부
부비부비부 부비부비부
부비부비부 부비부비부
Let’s Go",2
55,Overcome (Prod. wedOcean),Nate Fidel,"Seconds of 40 I stumbled in agony
Nobody cared about singing the harmony

어쩌면 나 같은 존재란 차라리
비난을 받고 더 진리에 나란히

기도와 말씀에 symphony
태산을 넘어 저 위에 그 보상이

나를 더 싸우게 만드네
아버지 품 아래 지울게 calumny

King 아래
난 바래

타임 곧 차례
그 날에

Blood 그 양에
내 안에

Days on race we’ve done
Our 차례

One day
We say

I lay
Kingdom may

Break all those chain 다 아래
God of throne we praise your plan A

Must never be granted, but son in the heavenly told me to get in the light

I’ve chosen the brighter and life in the meter got so many mocking get over the sight

I do not deserve to be placed in the meant to be son of man told me to raise up my head

Jesus be heavenly
Onto the meant to be
Brother he paid for us
Over the dead

I'm not in the calumny, over the symphony de(ciding) that I would be preacher for Christ

Telling me Timmy you gotta be kidding me why do you seek for the pain and the lay

Hungry for light and the king of delight in the darkness he rising up saving the dead

I’ve rather be crucified kneel with the justified praying for(ever) be lifted a had

신앙의 원조
가진 건 나약함 그게 내 인생의 전부

진리에 미친 나란 놈 복음을 이 땅에 다시금 Undo

이 전쟁에 예수가 선두
포기는 못하네 영혼의 판도

난 내 맘에 보혈을 새겼네
차 세대 왕 아래 모였네 born to

핍박과 그 사랑에 날 잡았네
내 삶이 배불리 살았네

빛 내 안에 still on my days
쉴 틈은 만들지 않았네

Maintain 주를 더 바랬네
미치게 flow를 더 뱉었네

보혈의 그 땅을 적셨네
내 피는 세대와 희생에

그때처럼 내
안에 불이 붙은 때
삶을 원해

난 칼을 가네
삶이 뭔데
말씀과 주의 전에

소속은 Je/sus 와
필요한 요건은
Humble 과 kneel

엎어진 판에 미친놈
한 세월 사이 보인 그 차이",0
56,F/W,Henry Woo,"why should you leave here
why should you leave here
why should you leave here
why should you leave here

why should you leave here
Imma fall apart if you wanna leave here
I told you that now you don’t live here
now 1 question have you ever miss me

Imma fall apart in fall like that leaves
Imma fall apart in fall like that leaves
Imma fall apart in fall like that leaves
now ma heart catch a cold like a winter

후덥지근한 여름이 지나가
또 남는 게 없이 흘렀나 시간만
이룬 건 너무 터무니없고
내 것으로 만들려 애썼던 것들

nothing changed
바뀐 게 하나 있다면 네가 떠났다는 것
feel strange yeah
기억 너와 있던 장소들이 꽤나 시리다는 것

사계는 다시 돌아 노란 빛 물들였고
작년 이쯤에 너는 내게 찾아와 물었어
what are you waiting for
인생의 긴 시간 동안 넌 매일 뭘

그때의 철없는 나였다면 열아홉의 너라 했겠지만
이제 너 없이 난 idk at all
oh get this you so pretty bad girl
I’m living in a hell how’s it mother going

why should you leave here
Imma fall apart if you wanna leave here
I told you that, now you don’t live here
now 1 question have you ever miss me

Imma fall apart in fall like that leaves
Imma fall apart in fall like that leaves
Imma fall apart in fall like that leaves
now ma heart catch a cold like a winter

where are you at now 넌 잘 지내
친구 통해 들은 너는 잘 지내더라
밥도 잘 먹고 취업도 잘했나 봐
새 남친은 잘도 사귀네

난 쿨한 남자가 되고 싶었지만
너만 없는 겨울 날씨만 더 추워지잖아
어쩌면 넌 내게 우주 같아
숨은 나를 쉬지 못하게 하잖아

목 놓아 질러봐도 no one can listen
귀 닫은 네게 사랑한다 반복하던 나와 비슷해

나의 실수 너를 잊고 싶을 뿐
그게 쉽지 않기 때문에 계속해서 질주
from 광안리
우리 둘이 앉아있던 양화 한강에서
여의나루까지 난 숨이 너무 차

why should you leave here
Imma fall apart if you wanna leave here
I told you that now you don’t live here
now 1 question have you ever miss me

Imma fall apart in fall like that leaves
Imma fall apart in fall like that leaves
Imma fall apart in fall like that leaves
now ma heart catch a cold like a winter

Imma fall apart in fall like that leaves
you promised that you don’t leave me
oh let me get your lucky and goodness
like that 8 15 night right

now maybe make a sense to you ain’t ya
like the day you don’t love me anymore
oh I got it good bye
hope you living in a hell
and harder than my life
I still living in a hell

why should you leave here
why should you leave here
why should you leave here
why should you leave here",11
57,AI 4 TIME (feat. Wlludens),MOAI,"시간이 됐어
억지로 끼워 맞췄던 인생은 늘 ㅈ됐어
Fuck Nosy hu
멀리 날라가는 중
With my bros and my groovy
Shit
AI 4 TIME
AI 4 TIME
AI 4 TIME
AI 4

시간이 채점 하기 전에 더 뱉어
잘 때 머리 속 상태는 pregnant
차가운 모니터
고통스러워 보이면 됐어
됐다네 다들 그때도 살만한 거였나
느껴져 괴리감
혼자서 발버둥 치지만
옆엔 꽤 많은 힘들이 있어 웃어
함께니까 같이 맞아 비 웃어
인생은 혼자란 새끼
뻗어봐 손 거기에 난 없어
This prototype mind
모두가 아닌 우릴 위해서
이 엎지른 물 안 날라가려 건조 시켜

시간은 금 (금)
지나온 과거 날 내버려 두게 (두게)
빠그러지는 내 두개골
만들어 내야지 2배 더
This prototype game인줄
안다면 No thanks
옆 사람 Belt 매 더 높이 올라갈
시간이 됐어
억지로 끼워 맞췄던 인생은 늘 ㅈ됐어
Fuck Nosy hu
멀리 날라가는 중
With my bros and my groovy
Shit
AI 4 TIME
AI 4 TIME
AI 4 TIME
AI 4

AI 4 TIME WIIudens
봐 눈앞에 모두 말 뿐이던 거짓
누굴 탓해 다행이지
잃기 전에 고쳤으니
없던 일인 듯이 뻔뻔하게
다시 해봐 또 걱정할게
당연해 모 아님 도지만
우리는 전부다 모 아님 뭐니
지금 이 위친 상관없지 진심
전부 모였으니 빛이
조금만 더 가면 돼 그리
밝진 않아도 길을 비춰
따라갈 수만 있다면 뒤쳐져도
멈추지만 마 언젠가 닿을 수 있다는
확신에 오늘도 한 발만

더 내딛어봐 거의 다 왔잖아
Don't worry 돈 월 200이 내 벌이 전부래도
내 꿈은 놓은 적 없지 마음 만은 항상 높이
고정된 과녁 판 매일 밤마다 당기는 활 시위
영등포 Sound Garden에서
목동 Up Studio
여전히 해등로를 밝히는 악동들이여
오르는 곳이 곧 정상 까는 놈들은 비정상
정산은 됐어 뱉을 시간만 있다면
AI 4 TIME",3
58,"신라천정 (feat. Luci Gang, Lucky Bando)",PAXXWORD,"top of the foodchain 꼭대기에
but feels like dusty on my way
top of the foodchain 꼭대기에
but feels like dusty on my way
top of the foodchain 꼭대기에
but feels like dusty on my way
top of the foodchain 꼭대기에
but feels like dusty on my way

i aint got no time to play game
i aint got no time to play game
i aint got no time to play game
i aint got no time to play game
top of the foodchain 꼭대기에
but feels like dusty on my way
top of the foodchain 꼭대기에
but feels like dusty on my way

PAXXWORD 높이 더 높이
마치 구름 넌 못 잡아채 내 flow
계속 거짓말을 뱉어 너의
왼손 뒤에 십자가를 못본 척
원한다면 가져가 너의 왕관
그리고 난 내려 준다고 천벌
톱니바퀴는 안 멈추고
돌고 또 돌아 도착지는 출발선
깨져버린 pixel im gon get that
broke boys 피해가고 we gonna flip that uh
바짝붙어 저기 밑에 아님 기대
무의미 해져 그 핏대 uh
친구따라 약팔아 끽 해봤자
너네 없잖아 집에 새 지폐 uh
뒤에서 하는 beef에
붙어 핑계
im gon eat that
삼키지 한 입에 uh
passport 항상 나의 pocket
rocket 처럼 사라지기 전까지 오르막길
PAXXWORD got no time for yall bullsit
먼지 투성이여도 choose 꼭대기
try b do your best 옆에 없고 가있지
pop pills when i spit bars so toxic
crisis 내껀 못 뒤집어 no chances
옆에 pageturner 보여주네 new pages

top of the foodchain 꼭대기에
but feels like dusty on my way
top of the foodchain 꼭대기에
but feels like dusty on my way
top of the foodchain 꼭대기에
but feels like dusty on my way
top of the foodchain 꼭대기에
but feels like dusty on my way

I ain't play games
No trick, just treat you right
시작도 안해 내가 지는 싸움
뽄새가 달라 길거리 싸움에도
자로 잰듯한 칼각을 봐
난 우두머리 그릇, 칭기스칸
내 손으로 직접 피를 봐
넌 핏대만 세우곤
이렇다 저렇다 죄 핑계만
어디 약을 쳐 난 안 들어 약발이
Money flex 그래봤자 약팔이
Easy come and easy go 넌 거까지
딱 거까지 지금이 막바지
가족 같대 끝엔 고자질
아님 잠깐 놔봐 Let me talk about it
쳐닫던 입 열개도 모자라지
내 입 딱 한개 챙겨 난 악바리
uh uh 악바리로 굴려 나의 시침
어중간할거면 들어 내 시침
랩이나 잘해 그게 내 지침
wanna beef? okay 핏기
가시기전에 I'm eating this beat
난 직진
넌 찍찍
치대지말고 드가 저 뒷길

top of the foodchain 꼭대기에
but feels like dusty on my way
top of the foodchain 꼭대기에
but feels like dusty on my way
top of the foodchain 꼭대기에
but feels like dusty on my way
top of the foodchain 꼭대기에
but feels like dusty on my way

야 난 어린애처럼 늘 말하지
너보다 깊은 내 마음가짐
콧방귀 뀌어 난 타 타임머신
널 끼워주고 싶지만 만원이여
똑같은 놈들로 트럭을 채워 다
양념을 끼얹어 만든 값어치
마음이 부풀어서 난 못하지 각본대로
너넨 끽해야 망나니
내 서울 위치 NEWTOWN
너네 위 우뚝 솟아
앞 뒤 꽉 막힌 범퍼카
통장에 복사 코,코,콤마
삼류새끼 돈독 올라 꽁꽁 숨긴 신호탄
날개 단 니 트라우마 뻔한 다짐은 며칠도 못가
담을넘어 앞은 일방통행
급정거 너네 표정보니 달콤해
손대면 고메로 변해 우린 미슐랭
너네 얇게 써는건 눈 감고도 해
GD처럼 삐딱 하루종일
다시 뽑아왔어 BASS 급이 다른소리
404의 스티브잡스 다음은 여기
남양주 to worldwide 다음역에

op of the foodchain 꼭대기에
but feels like dusty on my way
top of the foodchain 꼭대기에
but feels like dusty on my way
top of the foodchain 꼭대기에
but feels like dusty on my way
top of the foodchain 꼭대기에
but feels like dusty on my way

i aint got no time to play game
i aint got no time to play game
i aint got no time to play game
i aint got no time to play game
op of the foodchain 꼭대기에
but feels like dusty on my way
top of the foodchain 꼭대기에
but feels like dusty on my way",20
59,비켜 좀 뒤로 (feat. Byungs),탬버리즈,"그만좀 쳐다봐, 눈알 굴리지 마
난 내 길 가고 있어, 네 뒷담화 크게 들려
턱에 걸린 삿대질, 말들은 맘에 자리나라
남들은 몰라 내 힙합 소나타

식탁 위에 차려진 베이컨처럼 눈길 땡겨
차가운 시선들, 내가 부셔 네 맘에 새김질
불꽃 튀는 눈싸움, 난 눈치 안 봐 뻔하지
깊게 파는 시선들, 난 독보적으로 불타지

그만좀 쳐다봐, 난 내 방식으로
제멋대로, 네가 뭘 알겠어?
마음대로 굴리지만 내가 누군지
난 내 세상을 만들어, 비켜 좀 뒤로

내 두 발로 걸어가는 성공의 논스톱 여행
바라보는 바람이 더 세질수록 난 더 높이
황금빛 열쇠 쥐고서 꿈을 감금했던 문
이제는 날아올라, 누가 뭐래도 난 날아 나

부러진 날개 다 실어, 난 다시 일어나
눈부신 저 태양처럼 난 빛나, 강해져
네가 뭐라 짓거려도 내 길을 갈거야
심장이 털려도 난 늑대처럼 삼켜 가

그만좀 쳐다봐, 난 내 방식으로
제멋대로, 네가 뭘 알겠어?
마음대로 굴리지만 내가 누군지
난 내 세상을 만들어, 비켜 좀 뒤로",0
60,집중해 끝나지 않아 (feat. HinecC),탬버리즈,"넌 좀 알아둬야 해, 이건 경고
난 이 게임의 원탑, 이제 시작했어

Money in my pocket, life 쇼핑 카트에 싣고
Future automatic, no 럭키 샷, just nitro
Generation next, 해커 감성 with fire
Everybody follow 내 뒤에 다 피어

Stop it, 너의 그 태도
Toppin' charts, milli club pronto
Stop it, 너의 그 시도
Right now, 내게 주목해 집중해

랩으로 베레이션, 톤 변화 like a storm
질투는 options, 전부 뒤로 가, no more
ELITE 랭크, 난 등극 했어 어느새
Thoughts in aligned, 비켜 다, I won't sway

진실은 거울 속, fake 없는 내 모습
밝게 빛나 prisma, top spot 용서 없음
마치 격파하는 Fist, 내려치는 심판
난 언제나 Clear, untouchable like dawn

Stop it, 너의 그 태도
Toppin' charts, milli club pronto
Stop it, 너의 그 시도
Right now, 내게 주목해 집중해

Stop it, 너의 그 태도
Toppin' charts, milli club pronto
Stop it, 너의 그 시도
Right now, 내게 주목해 집중해

넌 좀 알아둬야 해, 이건 경고
난 이 게임의 원탑, 이제 시작했어

Money in my pocket, life 쇼핑 카트에 싣고
Future automatic, no 럭키 샷, just nitro
Generation next, 해커 감성 with fire
Everybody follow 내 뒤에 다 피어

Stop it, 너의 그 태도
Toppin' charts, milli club pronto
Stop it, 너의 그 시도
Right now, 내게 주목해 집중해
집중해",0
61,Late Christmas,BE:hid,"끝날 줄 알던 스토리야
우리 만남은 미스터리야
keep love
슬픈 사랑일 줄이야
우리 만남은 고통이야
keep love
네가 없는 게 이젠 익숙해졌어
오히려 해방의 날이지
independence from the love
벚꽃이 다 지고서는
꼭 비 내리던 곳
가을 날 낙엽과 함께
falling, and I lost you and I
처음엔 다 괜찮을 줄 알았지
네가 참을 줄
한탄이 내게 감은 줄
나만을 위한 사슬들 옥죄여와
정말로 내가 찬 이유가 돈 때문이었나?
답해봐 이 **
네가 저지르고 벌인 짓을 봐 이 **
매번 너를 위해준게 누군데 이 **
또 하고 있지 랩만
그녀의 생일 케이크 안엔 원망과 질책만이
but 돌아갈 생각은 기대마
난 지금 더 성장했고 꿈꾸지 미래만
그래도 오늘 같은 날 갑자기 떠올라
너와 함께였다면 겨울날의 크리스마스
끝날 줄 알던 스토리야
우리 만남은 미스터리야
keep love
슬픈 사랑일 줄이야
우리 만남은 고통이야
keep love
슬픔은 우릴 강하게 만들어
눈물도 잠깐이야 그만 좀 울고
네게 들리진 않아도 내 말 잘 들어
나 말고도 사람은 많아
제발 나를 버려
먼 훗날, 너의 마음을 생각해 봐
지금 이 빗장만 한 장면에 미련이 있겠나
단지 서로 멀리서
닿지도 않는 거리에서
그대로 커가는 거지
내가 할 말은 ""기죽지 마""
내게 사랑이 뭔지를
그 마음의 원리를
조금이나마 짐작할 수 있게 해줬지
우리는 사랑의 현실을
그 마음의 손실을
직접 뼈저리게 느끼며 함께 흐느꼈지
괜히 나 센 척하며 ""괜찮아, 울지마"" 말은 했다만
'내가 참 못났지'하며 울었지 아직 애 같아
더 커서 언젠가
다시 보게 될 때까지
각자 그 자리에서 당당히 살기로
약속해줘
끝날 줄 알던 스토리야
우리 만남은 미스터리야
keep love
슬픈 사랑일 줄이야
우리 만남은 고통이야
keep love
한겨울 날의 크리스마스
지나가버린 크리스마스
keep love
비가 내린 크리스마스
온통 어둠인 크리스마스",4
62,Rollin,장요술,"나는 그냥 해버리는 존나 간지남
너도 망설이지 말고 just do it
졸라 재미없는 래퍼들아 빨리 따라와
너네들의 그 촌스러운 사고방식 직무유기
Rollin Roll Roll Roll
Roll Roll Rollin
네 남사친과 남친은 3류층 양아치
Rollin Roll Roll Roll
Roll Roll Rollin
내 친구들은 잘 배운 중산층 날라리
이건 벌사치 flow 아니고
여자 케이팝 아이돌 flow
흑인 머리 따라 하는 저 친구 너
생김새 완전 돌문어
난 그런 거 안 따라 해도 내 고추는 커
난 참이슬 소주 먹어 달리고 달리고
다음날 일어나 깔끔한 국물로 속을 풀어
해장 해장하자 해장 해장 파스타
보다 들 자극적인 콩나물 해장국
해장 해장하자 해장 해장 파스타
보다 가끔씩은 더 매운 짬뽕 쌀국수
Rollin Roll Roll Roll
Roll Roll Rollin
네 남사친과 남친은 3류층 양아치
Rollin Roll Roll Roll
Roll Roll Rollin
내 친구들은 잘 배운 중산층 날라리
내 옥으로 된 반지
넌 억울해서 빠직
사실 동묘에서 샀지
ya 간지 간지 여기 비트
보컬 샘플도 그렇다네
넌 집에 가서 밀린 빨래나 해
내가 하면 다 다 다 fresh
넌 어그로를 끌어봤자 뷁
아리따운 숙녀를 대할 땐
넌 가오 잡겠지만
나는 존나 젠틀맨
아가씨 왤케 예쁜데
몸매가 너무 쌔끈해
yeah yeah yeah yeah
이건 벌사치 flow 아니고
여자 케이팝 아이돌 flow
흑인 머리 따라 하는 저 친구 너
생김새 완전 돌문어
난 그런 거 안 따라 해도 내 고추는 커
난 참이슬 소주 먹어 달리고 달리고
다음날 일어나 깔끔한 국물로 속을 풀어
해장 해장하자 해장 해장 파스타
보다 들 자극적인 콩나물 해장국
해장 해장하자 해장 해장 파스타
보다 가끔씩은 더 매운 짬뽕 쌀국수
Rollin Roll Roll Roll
Roll Roll Rollin
네 남사친과 남친은 3류층 양아치
Rollin Roll Roll Roll
Roll Roll Rollin
내 친구들은 잘 배운 중산층 날라리",1
63,양치기 소녀,민경성(MK$),"Question
She tells me
쉿 Do you like me?
말 한마디에 도망치기 바빠
찍어 파파라치
눈치 안 보고 뱉어 니가 뭔 카와이
영원히 잘 자 Good Night^^
이번 생이 막차 Good bye^^
웃어 FXXX Get lost bye
死んでくれ 僕らは乾杯

말해봐 yes or yes
자기는 다르잖아 내 EX
내 팔이 피로 물들 땐
넌 이미 내 곁에 없는데
널 위해서 새겼잖아 나의 왼팔에
또 기믹이라 생각해 이건 사실인데
자기야 몇 번이나 말해
걔네들은 이상해
주변 남자 둘은 이해해
가사에 다시 나열해
난 ???, ?싫어해
그 남자 둘 다 그냥 죽여버릴게
사랑은 이런 거 아냐?
난 행복할래
사랑한다 말해
붉은 피는 너와 내 몸 흘러 뚝뚝뚝
찔린 칼 소리는 푹푹푹
널 사랑하는 마음에
눈물이 흘러도
넌 도망쳐도 안에 있어
여긴 너랑 나만 있는 우주

Question
She tells me
쉿 Do you like me?
말 한마디에 도망치기 바빠
찍어 파파라치
눈치 안 보고 뱉어 니가 뭔 카와이
영원히 잘 자 Good Night^^
이번 생이 막차 Good bye^^
웃어 FXXX Get lost bye
死んでくれ 僕らは乾杯

Question
She tells me
쉿 Do you like me?
말 한마디에 도망치기 바빠
찍어 파파라치
눈치 안 보고 뱉어 니가 뭔 카와이
영원히 잘 자 Good Night^^
이번 생이 막차 Good bye^^
웃어 FXXX Get lost bye
死んでくれ 僕らは乾杯

Question
She tells me
쉿 Do you like me?

찍어 파파라치

영원히 잘 자 Good Night^^

FXXX Get lost bye

P P BXXX Kawaii",2
64,skirt off!,Revy!,"formet scum on we gon skirt off
formet scum on pull up, i’m solver
formet time on born up
spin on niggas weapon up turn on
nah bitches swear to bone up
that bitch fuck that turn on
see all of my chain off take my shirt up
make some one make one now one perc up
pop perky and back in and perc’s cup
that bitches chop’s perc bone cup
me and my cup note silko
that nigga broke shit
i’ma first off
i fuck with the gang turn in on
suck my dick and her lingo
its spin in swap my niggas syrup off!

yeah i always skirt off
i never use Perco
시발새캬 불 좀 turn on

어지러움 걍 run it up해
이새끼들 시발 걍 fuck that
정의로운척은 ㅈㄴ게 싫기땜에

i got no time
우리 동네엔 없어 four five
그러니 가오 좀 쳐풀어 새꺄
병신같이 중립이 뭐냐

only 대가리 빈 새끼만 있네 시발 내 주변에
어쩌라고 시발새꺄 니 생각대가린 난 안궁금해

입에 물려 lsd
새끼 인생 족치지
서비스로 퍼플린
이제 됐네 사람새키

formet scum on we gon skirt off
formet scum on pull up, i’m solver
formet time on born up
spin on niggas weapon up turn on
nah bitches swear to bone up
that bitch fuck that turn on
see all of my chain off take my shirt up
make some one make one now one perc up
pop perky and back in and perc’s cup
that bitches chop’s perc bone cup
me and my cup note silko
that nigga broke shit
i’ma first off
i fuck with the gang turn in on
suck my dick and her lingo
its spin in swap my niggas syrup off!

formet scum on we gon skirt off
formet scum on pull up, i’m solver
formet time on born up
spin on niggas weapon up turn on
nah bitches swear to bone up
that bitch fuck that turn on
see all of my chain off take my shirt up
make some one make one now one perc up
pop perky and back in and perc’s cup
that bitches chop’s perc bone cup
me and my cup note silko
that nigga broke shit
i’ma first off
i fuck with the gang turn in on
suck my dick and her lingo
its spin in swap my niggas syrup off!",2
65,"그냥 들이켜, 맥주 한잔",996,"갑갑하지, 전부 답답하지
어제가 오늘인지도 모르고 또 지나가지
치여, 낡아빠진 밑창 다 닳았지
다시 맘을 다 잡아봐도 역시
이게 뭐라고? 이어폰 없인 나가질 못해
나는 나대로 열심히 잘 뛰어왔었는데
누가 뭐래도 주인공은 나라고 했는데
이젠 진짜 모르겠다
내가 뭘 하고 있는지

그냥 들이켜, 맥주 한잔
시원하게 목욕 한번 조지고 난 뒤에
뭐가 괴로워
괜찮아 다, 잔이나 부딪치자고 FaceTime받아

그냥 들이켜, 맥주 한잔
시원하게 목욕 한번 조지고 난 뒤에
뭐가 괴로워
괜찮아 다, 잔이나 부딪치자고 FaceTime받아


터덜터덜 걸어오는 퇴근길은
오늘따라 이쁜 것만 같아
뭐를 놓치고 있는지 모든 게
낯설은 지금 필요하지, 나는 맥주 한잔
가볍게 생각하래도 그게 잘 안돼
복잡한 놈이였나 봐, 난 나름 밝게
지내왔던 것 같은 데 왜
이리 축 처지는지

유튜브를 꺼놓으면 잠에 들지못해
옛날 예능을 다 틀어놓고
나오는 출연진들은 이제 동년배로
분명 한참 어른이었는데 말도
안돼 난 왜 아직 제자린데
맘대로 맬 이리 무너지네
내겐 아직 한없이 어려워
내겐 아직 한없이 어려워


그냥 들이켜, 맥주 한잔
시원하게 목욕 한번 조지고 난 뒤에
뭐가 괴로워
괜찮아 다, 잔이나 부딪치자고 FaceTime받아

그냥 들이켜, 맥주 한잔
시원하게 목욕 한번 조지고 난 뒤에
뭐가 괴로워
괜찮아 다, 잔이나 부딪치자고 FaceTime받아


그냥 들이켜, 맥주 한잔
시원하게 목욕 한번 조지고 난 뒤에
뭐가 괴로워
괜찮아 다, 잔이나 부딪치자고 FaceTime받아

그냥 들이켜, 맥주 한잔
시원하게 목욕 한번 조지고 난 뒤에
뭐가 괴로워
괜찮아 다, 잔이나 부딪치자고 FaceTime받아",5
66,좋고만 사이,고네,"오 제길 나 나 너를 사랑하는 걸까
걍 재미 다 봤으면
떠나야 맞는 건데
아 나 진짜 그러기 싫은데
이젠 널 만날 때마다
맘이 맘대로 안 되잖아

야 어저께 뭐했어
오늘 돼서야 내 연락을 받어
아 번호 물어보던 남잔 어땠어?
걔를 뭘 안다고 무턱대고 잤어

그치 내가 알빠 아니지 알빠 아니긴 한데 궁금은 하대
그러니 잘 알아봐 어차피 나만한 남잔 없어 뭐 맘엔 들대?

아 뭐 같잖네 누굴 놀리나
걍 담에 불러 퍽이나
질툰 뭔 질투 그건 안 해 난
근데 얘 원래 이렇게 예뻤나

진지해지면 안 되는데
자꾸 진지해질라 그러네
아 우린 스쳐지나가는 파트넌데
밤을 공유하는 그런 사인데

오 제길 나 나 너를 사랑하는 걸까
걍 재미 다 봤으면
떠나야 맞는 건데
아 나 진짜 그러기 싫은데
이젠 널 만날 때마다
맘이 맘대로 안 되잖아

내 맘에 뭔짓 했는지 알아? 더는 감당 안 돼 난
보고파 미쳐 거짓말 아냐 깨달았어 나

나 이런 적 없어 진짜 다 걸게
너가 좋아졌단걸 인정할게 yeah
Back to the Future 돌릴래
시간을 낯설던 첫 만남 때로

Oh 장난 아냐 장난 아니라니까 나도 장난임 좋겠어
알아 사랑 그딴거 쓸모없단거 아는데도 이젠 못참겠더라고

OK 내가 을이 될게
나 영혼이 짓밟혀도 좋아
할 수 있는 건 다 할테니까
떠나지마 정말

아 왜 날 밀어내 뭐 그렇게 싫은데
지금처럼 만나면 되잖아
누가 맘까지 달래?

오 떠나가 넌 떠나가
이리될 줄 알고도 기대했던
난 혼자만 남겨져서
고독한 시간은 느리게만 가",37
67,강아지별,Ralph (랄프),"나만을 바라보는 눈
나를 기억하는 코
나를 안아주는 너를
이젠 보내주려 또
썼다가 지웠다를 반복해
내일 해 뜨면 다시 노력해 볼게
아직 준비 안됐어
뛰어올 것 같아서
금방 괜찮아지려다
너의 밥그릇이 또
정리하던 내 발에 치이니 많이 아파
왜 가슴이 아파 고장이 났나
싶다가 한숨을 반복해
너 빼고는 다 그대로지만 안 행복해
시간이 됐나 너의 밥이 나올 땐
멍해지며 귀에 들려오는 사이렌
웃자 살아야지 어떡해
라고 말한 지 딱 10분도 안됐는데
베개에 얼굴을 파묻은 채
너의 냄새들과 함께 꿈을 이루네
저 강아지 별 안엔
네가 있어야 만해
써 내려간 추억에
남겨 놓자 흔적 ah yeah
저 강아지 별 안엔
네가 있어야 만해
써 내려간 추억에
남겨 놓자 흔적 ah yeah
미안해 더 잘해주지 못해서
너라는 별을 탐한 내가 많이 못돼서
사랑이란 이름 아래 과연 나는 무얼 줬나
행복은 했나? 난 잠을 못 자
네가 뜯은 벽지들은 잘있어
어울리던 빨간 목줄들은 다시 겨울
인 듯 옷장 안에 간직하며 adios
진짜 보고 싶네 아직도
덕분에 살았어 거짓말 좀 보태서
구경 많이 하고 다녀 그 별에선
뽀얀 눈 위 네가 달리면
뽀득 소릴 따라 걸을테니 안아줘
앞이 잘 보이는 곳과
간식이 넘치는 거리
장난감 나무와 구름 위 바다
모두 네 거지
사랑하는 나의 천사
우리 곧 다시 만나
내 꿈과 사랑
오늘 꿈에서 만나
저 강아지 별 안엔
네가 있어야 만해
써 내려간 추억에
남겨 놓자 흔적 ah yeah
저 강아지 별 안엔
네가 있어야 만해
써 내려간 추억에
남겨 놓자 흔적 ah yeah
저 강아지 별 안엔
네가 있어야 만해
써 내려간 추억에
남겨 놓자 흔적 ah yeah
저 강아지 별 안엔
네가 있어야 만해
써 내려간 추억에
남겨 놓자 흔적 ah yeah",11
68,"Purple, I'm Fine (Feat. Rredrain)",황지상 (HWANG JI SANG),"괜찮아 몇 번이든 떠나가도 돼
그때마다 난 여기 박혀 더 강해져 볼게
그러다 넘어져도 지나쳐줄래
빨간 비가 내려. 짜피 난 가야만 해

괜찮아 눈에서 피 눈물이 흘러도
내 몸과 마음이 상처투성이여도
난 정말 괜찮아 이미 익숙하잖아
괜찮아 괜찮아

괜찮아라는 말로 내 주변들을 속여
안그럼 내가 민폐를 끼칠 게 뻔히 보여
그냥 녹음하기 전에 약을 삼키면 돼
겨울이라 다행이야 *만 안 걷으면 돼

응 안 들키면 돼 이런 날 누가 대체
사랑하겠어 ** 나도 날 혐오하는데
이런 놈인 나를 찔러줄래 악플로 날 태워줄래
다신 착각하지 않게 제발 나 좀 죽여줄래

미안해 이런 가사를 써서
나도 재밌는 음악만 내고 싶었어
그런데 내가 지금 이런 걸 어떡해
내일부턴 다시 잘 속여 볼게

괜찮아 몇 번이든 떠나가도 돼
그때마다 난 여기 박혀 더 강해져 볼게
그러다 넘어져도 지나쳐줄래
빨간 비가 내려. 짜피 난 가야만 해

괜찮아 눈에서 피 눈물이 흘러도
내 몸과 마음이 상처투성이여도
난 정말 괜찮아 이미 익숙하잖아
괜찮아 괜찮아

Yeah 말 안 해도 알잖아 내 이름 Rred
Yeah 난 속 썩이던 얘 이제 벌어 whole lotta bands
괜찮아 후회는 죽어서 하면 돼
비가 안 내릴 것 같던 삶에서 rain

난 왔어 저 지옥에서 삶이 넘 위험해 더욱 꽉 물었어 teeth
내 두 발로 뛰어 매일 꽃들을 피웠네 쉰 적이 없어 이 짓
가진 게 없던 게 아픔이었지만 이젠 다 알아 내 name
가진 게 없던 건 아픔이었지만 이젠 다 알아 내 name

괜찮아 걍 뱉으면 돼 봐왔잖아 안 괜찮았던 내가 여기
이젠 they be payin me 7 figure money for my stage
Yeah I made this by my own
기억하고 있어 처음 결국 여기까지

괜찮아 몇 번이든 떠나가도 돼
그때마다 난 여기 박혀 더 강해져 볼게
그러다 넘어져도 지나쳐줄래
빨간 비가 내려. 짜피 난 가야만 해

괜찮아 눈에서 피 눈물이 흘러도
내 몸과 마음이 상처투성이여도
난 정말 괜찮아 이미 익숙하잖아
괜찮아 괜찮아",39
69,No Tears,진진,"머리가 좀 어지러워
너한테 기댈 거 아니니까 좀 비켜
딱 보면 알아 네 맘을 말야
같잖아 진짜 가짜를 말야
나에게 보여 주는 건 뭐야
사실 좀 속은 내가 뭐가 돼 (shhh)
너를 위한 눈물 따윈 없어
그냥 한 번 스쳐가는 그런 사랑
따위에 쓸 시간 없어
그냥 내 눈 앞에서 사라져
그렇게 날 바라보면
내 맘이 좀 바뀔거라 생각한거니
 딱 보면 알아 네 맘을 말야
같잖아 진짜 가짜를 말야
나에게 보여 주는 건 뭐야  
사실 좀 속은 내가 뭐가 돼 (shhh)
너를 위한 눈물 따윈 없어
그냥 한 번 스쳐가는 그런 사랑
따위에 쓸 시간 없어
그냥 내 눈 앞에서 사라져
사실 나 그 때 나 
바빠서 전화를
못 받은 것 같아
미안해 다시는 
이런 일 없을 거 같은데
한번만 기회를 주면 나 
잘할게 진짜야
그냥 가 제발 이제 나 충분해 그만
끝난 영화 다시 볼 생각 없어 난
너를 위한 눈물 따윈 없어
그냥 한 번 스쳐가는 그런 사랑
따위에 쓸 시간 없어
그냥 내 눈 앞에서 사라져",0
70,LEESEUNGWON,Wong,"나를 다 믿어줬던 만큼 나 후회도 할게
나를 다 잃어왔던 만큼 다 채워도 갈게

매일 들었던 물음을 답해
''이제 나 이승원으로 살게''
내 말들이 하늘에 닿기엔
멀어도 웃어볼게 밝게

Me and my melody are stay more time
Me and my melody are stay more time

매일 들었던 물음을 답해
''이제 나 이승원으로 살게''
내말이 하늘에 닿기엔
멀어도 웃어볼게 밝게

이런 비트위에 멜로디를 다시
뱉게 됐어, you feel my mind
담겨있는 말들이 달라도
가슴속은 그때와 같아

의미 없는 밤이 지나가도
기대돼 이제 내일이 난
지나버린 긴 시간이 날
확신하게 만들었지 다

여기저기 쌓인 고민
담아내지 못한 story
의미가 달라진 내 소리
다른 곳으로 가 멀리

여기저기 쌓인 고민
담아내지 못한 story
의미가 달라진 내소리
다른 곳으로 가 멀리

난 뭘 위해 걸어왔고
뭘 위해 벌어왔는지

난 뭘 위해 잡아왔고
뭘 위해 멀어졌는지

난 뭘 위해 잃어왔고
뭘 위해 이뤄왔는지

이제야 알거같아
여태껏 내가 왜 버텨왔는지

나를 다 믿어줬던 만큼 나 후회도 할게
나를 다 잃어왔던 만큼 다 채워도 갈게

매일 들었던 물음을 답해
''이제 나 이승원으로 살게''
내 말들이 하늘에 닿기엔
멀어도 웃어볼게 밝게

Me and my melody are stay more time
Me and my melody are stay more time

매일 들었던 물음을 답해
''이제 나 이승원으로 살게''
내말이 하늘에 닿기엔
멀어도 웃어볼게 밝게",5
71,푸른 봄,KAMEL,"어느 순간부터 젊음보단
터널 끝 청춘이 보이는 나이
어른들의 부럽다는 소리 보단
어린 친구들에게 잔소리하는 나이
드디어 찾게 된 나이기에
돌아갈 수 없는 길이기에
좁은 길은 걸어가는 기억들을
아름답게 만들고 싶어 졌네
질보단 양 이젠 양보단 질
우리가 즐겼던 순간들이
많았단 말보단 추억이
됐다는 말이 더 기쁨이 됐지
우리들의 목소릴 위로
삼으며 퇴근길 에도
내일을 기대하길 바래
오늘도 하루가 무사히 지나갔네
이게 우리애
우리가 했던 것들이
가지고 있던 젊음이
헛되이 되도 웃음이
함께여서 난 기쁘지
Not alone, but two
i'm dying to do
함께 하자는 꿈
다같이 이루고 싶을뿐
우리가 했던 것들이
가지고 있던 젊음이
헛되이 되도 웃음이
함께여서 난 기쁘지
Not alone, but two
i'm dying to do
함께 하자는 꿈
다같이 이루고 싶을뿐
친구를 만나 밥을 먹고 술도 마셔 가끔 취해 밤길을 걸어
내가 지금 어디로가는지 몰라도 난 상관없어 밤은 길어
덧칠해진 추억사이 남은것들은 전부다 어디로 갔어
칠벗겨진 사이로만 훔쳐보는 기억들은 내겐 좋지않을 것만 같아서
그때 옛 모습을 추억하지 나만 기억하던 우물에 모여
삼삼오오 각자 써온 가사들을 읊조리며 손은 흔들리고
별것아님에도 즐거웠던 밤을 썼던 가사들
그게 뭐라고 남는 비트엔 혼자 신나 퓨어를 뱉었지
우리가 했던 것들이
가지고 있던 젊음이
헛되이 되도 웃음이
함께여서 난 기쁘지
Not alone, but two
i'm dying to do
함께 하자는 꿈
다같이 이루고 싶을뿐
우리가 했던 것들이
가지고 있던 젊음이
헛되이 되도 웃음이
함께여서 난 기쁘지
Not alone, but two
i'm dying to do
함께 하자는 꿈
다같이 이루고 싶을뿐
난 무언갈 찾아
아니 본능적으로 쫓아
그게 뭔지 조차
몰라도 그 무언간 벅차
가진거 없이 판치는 가짜
그들은 말해 이제는 놓자
느껴 본적이 없잖아 진짤
다른거 없이 그 손을 잡자
그래 친구들의 손을 잡는 것
부름에 한달음 달려가는 것
굳이 말 안해도 지켜주는 선
굳이 말 안해도 알아듣지 척
우리들 사이엔 없잖아 법
같이 있을 때는 하나 먹지 않아 겁
우릴 묶어놓는 한글자 벗
멈추지도 않고 끊임 없는 웃음으로 보여지는 멋
삶은 늘 내게만 가혹한 것 같다가도
또 잠깐이면 잊곤해
우린 봄 앞의 흰눈이어도
온힘을 다해 녹아내야만 해
im doing die for you
무너지지않게 서로의 맘에 기대
im going down for you
후회하지 않게 눈을 감아 내일의 미래는
우리가 했던 것들이
가지고 있던 젊음이
헛되이 되도 웃음이
함께여서 난 기쁘지
Not alone, but two
i'm dying to do
함께 하자는 꿈
다같이 이루고 싶을뿐
우리가 했던 것들이
가지고 있던 젊음이
헛되이 되도 웃음이
함께여서 난 기쁘지
Not alone, but two
i'm dying to do
함께 하자는 꿈
다같이 이루고 싶을뿐",4
72,NO P NO P (높이 높이),TEM,"Let’s go!

높이높이
높이높이
높이높이
높이높이
높이높이
높이높이
높이높이

매일밤마다 밥말리 와나
드리켜 한약 마치 하늘 나라
나르면 비행기 비행기는 높아
높으면 탬 탬공주가 짱! (AH!)

Ni men ting de dong wo shen zai shou hua?
Yellow cone head mega minion Gus
TEM don’t be needing to go this hard
What should I say I don’t mean no harm

Let’s go!

가나다가 마바사
하늘높이 날아라
높이높이 날아라
Fly away 펄펄 (펄펄)
Butterfly (butterfly) 훨훨 (훨훨)
Let’s go (let’s go) 높이높이 (높이높이)

높이높이
높이높이
높이높이
높이높이

훨훨 butterfly 높이높이 날아가
훨훨 butterfly 높이높이 날아가

매일밤마다 밥말리 와나
드리켜 한약 마치 하늘 나라
나르면 비행기 비행기는 높아
높으면 탬 탬공주가 짱!",3
73,깨진약속,융팝,"(Yeah uh)
You said forever but it’s gone now (gone now)
추억 속에 갇힌 난 still breaking down (breaking down)
네가 했던 말들 다 거짓이었어 (lies)
""영원히 함께""라던 네 맹세는 dust (dust)
널 믿었기에 더 깊게 베였어 (베였어)
상처 위에 남은 건 broken trust
너는 날 떠나 아무 말도 없이 (why?)
뒤돌아보지도 않고 so cold icy (icy)
너와 웃던 순간 이제는 독이 돼 (독이 돼)
I’m drownin’ in regrets 어둠 속에 stay
Falling I’m falling but you’re nowhere (nowhere)
모든 게 무너져 can’t repair (can’t repair)
너 없는 현실은 너무나 unfair
But I’ll rise from this I swear
Broken promises 네가 남긴 scars (scars)
뒤돌아보지 않는 넌 so far (so far)
Love was a lie now I know who you are
But I’ll rise from this I swear
Broken promises 네가 남긴 scars (scars)
뒤돌아보지 않는 넌 so far (so far)
Love was a lie now I know who you are
내 눈물 속에 널 버려 no more stars
너와 함께했던 밤은 너무 fake (fake)
달콤한 말투 뒤에 hidden blades (blades)
네가 떠난 뒤 난 깨달았어 late (late)
You played me left me now I’m filled with rage
네 번호를 지워도 남은 건 기억
너와의 추억은 전부 다 비극
거울 속의 내가 너무 초라해 (초라해)
But now I’m building up no time to decay
내 맘에 fire 더 이상 cryin’ (cryin’)
너 없는 세상이 이제는 fine (fine)
내 가슴 깊이 새긴 건 배움의 sign
이제는 나만을 위해 빛날 time
Broken promises 네가 남긴 scars (scars)
뒤돌아보지 않는 넌 so far (so far)
Love was a lie now I know who you are
But I’ll rise from this I swear
Broken promises 네가 남긴 scars (scars)
뒤돌아보지 않는 넌 so far (so far)
Love was a lie now I know who you are
내 눈물 속에 널 버려 no more stars
(Yeah uh)
You said forever but I see the truth now (truth now)
너 없인 stronger I’ll never back down (back down)
배신의 상처 속에 피어난 pride
I’m moving on no tears tonight",0
74,COYOTE (feat. holidayhvre),dylitt,"pullup with my buddy
더 쌓아 많은 balls
옆에 태워 girls
내 옆에 태워 널 난 필요해
trip with drug in my 피 like a K
make it skrrr okay
배기음 소리는 fade
모든걸 투자 전부 my day
have one coin
drive with me 조인
찍고와 new point
장소는 너가 choice
오늘밤은 나 락스타
밤을 달려 끝까지
넌 날 볼 수 없었어 낮
cuz I'm a star
I'm on shit yeah give me more
달려 jet ski
달라 이 개새낀
달려 jet ski
I'm on shit yeah give me more
배기음 소리는 vrrr
쟤넨 다 말했어 wow
새로운 차는 droptop
완전히 새로운 우리를 see
완전히 새로운 우리를 see

My droptop be TOYOTA
Run it up, but I ain't coyote
폭주할 거야 매주 화요일
꼬라박지 과학 3호기
쉴 새 없는 싸이렌
T자코스가 빡세지, 빠요엔
이 사건이랑 관련된 용의자들
색출 끝나면 화형식
과열된 TEC-9 ""brrrrra!""
강투수 한번 더 스트라이크!
쟤네 하는 말 다 구라
난 못 참아 조수석에서 '뜨라'
의지는 D, 이니셜 D
부딪혔다가 그대로 전치
언니들 각오해, 가끔 역주행도 해
남은 시나리오 중에서 베스트
왜 또 울어? 표정 풀어
너네도 무릎을 빨리 꿇어
마음껏 부릉 부릉 부릉
핸들이 고장난 덤프트럭
거리 위 트롤
나를 마주했다면 알아서 비켜
I got I got l got woo
쟨 또 발작하나봐
Lesskki~",1
75,Waiting For You,LAREN,"청소년 보호법에 따라 성인 인증이 필요한 콘텐츠 입니다. 성인 인증 후 이용해 주세요.
성인 인증",2
76,겨울 길 (Feat. L(엘)),harusok,"내 시간들이 무서워서
난 still I got a pain yeah
돌아가기가 난 두려워
Boy you got a lot of pain

또 이런 공기가
날 짓눌러 더 이상 일어나지 못하게
난 억지로 stay
And wanna be da star
빌어먹을래 rapper가 되기 위해

빈털털이가 되어도 쏟아 부어서 만들어 album
좀 양아치 같아도 뭐 어때 꿈을 꾸는 난 dreamer
감정을 다 뺀 체로 walking` through
이런 내가 시체랑 다를 게 뭐냐고
Big money
난 그런거 신경 안 써
라고하기엔 먼 길을 와버렸어

2022년부터 나 이걸
했고 안 돌아 아니 못 돌아가 이제
많은 사람들의 기대
더 벌어 나는 지폐가 아니면 안 돌아가 내 집에
긴 시간들의 tape
나를 붙잡아 놓아 달라 해도 말을 듣지를 않네
여기까지 왔네 나 어느새
힘들어도 버텨내
난 나름 행복해

행복한 음악 만들어
걱정 마 나는 웃어
행복해 정말 나는
여기에서 만큼은

음악 때려쳐
지금만큼은 진심으로 또 즐기자고
너도 어울릴 수 있게 이젠
어울려
걱정하지 말고 행복만을 찾아봐
즐겨줘

아프지도 않다 그래 여러 사람들과 나누었던 사랑들이 아프지도 않아
강요받고 요구 받은 게 남들처럼 살아가란 아버지 그럼 나는 대체 뭐야
우리 가족 행복하자 이 한마디를 지켜려고 하루 이틀 매일 마다 웃어
솔직한 게 좋은 거래 그래서 나 아팠나봐 행복한 게 고민이 된 맘을 네가 알아

챙겨야 할 건 산더미고 뭣 같은 기분에 머릿속마저 다 비워
잊어야 후회도 즐겁지 오해와 이해의 차이 속의 나를 막지 마라
눈앞은 흐리고 뒤집어진 나의 속 미소를 보였지 보기 좋대서
착해서 좋데 야 절대로 아냐 내 더러운 맘은 곧 퍼질 거면서도

Yes we got to much pressure
견디기 힘들어
반전이 없는 drama속에
주인공은 어디로 woah
바보처럼 미소 지은 뒤 상처는 눈물로
But 우리 시간들은 아직 떠나
Still I got a pain
고통을 행복으로 바꿔

행복한 음악 만들어
걱정 마 나는 웃어
행복해 정말 나는
여기에서 만큼은

음악 때려쳐
지금만큼은 진심으로 또 즐기자고
너도 어울릴 수 있게 이젠
어울려
걱정하지 말고 행복만을 찾아봐
즐겨줘",31
77,GOIN' DOWN,HYDE,"Goin’ down
My business goin’ down
Goin’ down
My business goin’ down
Goin’ down
My business goin’ down
Goin’ down
My business goin’ down
Ooouuu B you wake up
난 more stash up
나눠 우린 take off
I want you to be as you right here
Turn up poppin’ 멀리
눈까리 돌아 빨리
I want you to be right here right now
Now you better catch up
B I’m so gassed up
Lean got me messed up
뭐를 팔아 take off
Late night I’m waiting you right now
이 친구 물을 부워 손목 위에 cartier
돈 벌게 나를 불러 너가 있는 party
It’s gonbe
누나들 타
Bumpin’ in my car
Incentive 따따블
그려 몸에 tat
그려 몸에 tat
매 순간 목숨 바꿔 dollar
Make the party go all down
We rich n young n wild
Fly to mars yeah
We be high in the car
Goin’ to war
막히면 돌아서 가
Lookin’ around 걘 없어 definitely
빨리 떠야 해 난 I gotta a leave
Cookin’ it makin’ it raw
돈은 더 굴리는 법
죽기 전에 있어 뭐
몰라 없어 나는 겁
Cookin’ it makin’ it raw
사랑은 맥이는 거
Only believe what I saw
죽기전에 있는 거
그려 몸에 tat
매 순간 목숨 바꿔 dollar
Make the party go all down
We rich n young n wild",0
78,5AM,Godiva,"If you wanna get high, it starts with
You should fight with him.
Don't be held back by injury yet.
It's 5AM.
You don't know yet how it goes. (Hallelujah)

If you want to get (something) with me,

Motivate, motivate, motivate!

Why do you take me, I think I'll get away.

All day
All the demons tell me.
Swear to me tonight
(And they're saying, they're saying)

Wanna get pop, pop, pop, pop, pop at 5AM,
Go up up up up
What if God is saying to me?

Fight, I, I, I, 5AM,
Go up, up, up, up!",1
79,휙휙,Publicnoise (퍼블릭노이즈),"go skinny
내 다리엔 다시 billie jeans
딴 trap과 차이점
있다니까 이건 아냐
아냐 quiz
홀로 빈 도로에 레이싱
알아낸 파훼법
‘간절’이 다했어
인마 지나쳐 휙휙
ye my style 닥치고 1찍
go 아녀도 직진
keep it basic 갖고 휙휙
그래 인마 지나쳐 휙휙
ye my style 닥치고 1찍
go 아녀도 직진
keep it basic 갖고 휙휙
Don't know what I'm saying
but no waste it
한 번도 대충 뱉긴
I’m not bad B——
늘 kick and snare ma friends
이건 no 객기
날 씹어봐라 yo chat
fuck y'all fake shit
what you think
bout’ hiphop. what you think
멋있지
근데 왜 조용해 내 speaker
what you think
bout’ hiphop. what you think
난 몰라 사람들이
뭔 재미로 듣는지 이걸 but
go skinny
내 다리엔 다시 billie jeans
trap과 차이점
있다니까 이건 아냐
아냐 quiz
홀로 빈 도로에 레이싱
알아낸 파훼법
‘간절’이 다했어
인마 지나쳐 휙휙
my style 닥치고 1찍
go 아녀도 직진
keep it basic 갖고 휙휙
그래 인마 지나쳐 휙휙
my style 닥치고 1찍
go 아녀도 직진
keep it basic 갖고 휙휙",0
80,luSt,KayemKyle,"look in the mirror
to make it more clear
blinded by your claire
no clue here from there
thirsty and salty
burnin so slowly
i mean
my throat
or
whatever
used to have much to tell you
but now all i can say is what’s made-up with some syllables
plz tell me the answer, can you
the pieces of your silhouette are not feelable
fragrance of you
traces of you
your face tellin me bout things of your preference/
all need to be kept in my body
but i got no image for reference/
lack of your/ scents
make me face the lust/
what should i do then? just make em rust?/
here, come close, can you feel the pulse
hate to say but, well, it’s all yours

trapped in the lust
no way out im lost
(would you mind) if i call it love
words perch on the tongue
things need to be cert
are still fuckin blur
but i want you so badly
that’s all i can sure
got no excuse for you i
dont know what’s inside my mind
babe you make me breathe like ah
need you to be mine

felt the fate
when did i face your face
just dont be maintained
as fuckin sadness
silently insane am i
i wont ever be able to find a way out
and i be like oh
my lord
im stuck in the maze that i draw
you’ve become my weakness for sure
baby for me you mean love or the more
was numb
i know
but now it is clear cuz everyday i learn
that i breathe the thoughts of you
it tastes so bitter
but what would i do
it already is yours
ah i love you
still and forever
maybe far more than you know
i fuckin want you
means more than just love
you’re my eternal urge for the most

trapped in the lust
no way out im lost
(would you mind) if i call it love
words perch on the tongue
things need to be cert
are still fuckin blur
but i want you so badly
that’s all i can sure
got no excuse for you i
dont know what’s inside my mind
babe you make me breathe like ah
wanna get inside

you’ll hate me
if you know what i think of
you’ll blame me
if you know what i dream of
ay you fuckin tamed me
now that you’re my jesus
that makes sense
cuz in front of you im a sinner

trapped in the lust
no way out im lost
(would you mind) if i call it love
words perch on the tongue
things need to be cert
are still fuckin blur
but i want you so badly
that’s all i can sure
got no excuse for you i
dont know what’s inside my mind
babe you make me breathe like ah
need you to be mine
trapped in the lust
no way out im lost
(would you mind) if i call it love
words perch on the tongue
things need to be cert
are still fuckin blur
but i want you so badly
that’s all i can sure
got no excuse for you i
dont know what’s inside my mind
babe you make me breathe like ah
let me get inside",0
81,"GOD, Bless ME",Cray Jiwon,"Love & Peace I don’t get it 나의 기억 뒤에서
강하게 서 있었던 그때의 난 먼지 속으로

Monster in the mirror 깨있는 시간이 싫어져
억지로 슬픔에 잠겨 가사를 써내려가 그 어떤 모든 순간에도

환호로 가득 찬 무대 위에 그날에도
두려울 게 없었던 친구들과의 밤에도
죽을 만큼 사랑한 널 떠나보냈던 그때도
(어쩜 난) You can’t stop anymore 세상이 무너진대도

Oh I Hate me
너에게 완벽한 난 Always blame me
매일 기도해 Oh GOD, bless me
Oh 난 이대로 괜찮은 건지 용서받을 수 있는지

Love & Peace I wanna get it 나의 기억 뒤에서
환하게만 빛났던 별을 품에 안고 살았던
주머니 속 행복을 찾고 사랑만이 전부로 믿었던 난
아름다웠던 Colors 뒤섞여 결국 어둠이 돼버렸네 또

도망치고 싶었던 무대 위에 그날에도
영원할 줄 알았던 친구들과의 밤에도
이 세상 하나뿐일 널 미처 몰랐던 그때도
(어쩜 난) I can’t stop anymore 세상이 무너진대도

Oh I Hate me
너에게 완벽한 난 Always blame me
매일 기도해 Oh GOD, bless me
Oh 난 이대로 괜찮은 건지 용서받을 수 있는 사람인지

지금도 난 후회와 실수를 반복해
이런 나라도 너를 안아도 되는지 Oh GOD, Bless me
Oh 난 이대로 괜찮은 건지 용서받을 수 있는지",2
82,by High (Bye Hi),OBJUAN (오비완),"책상 구석 한편
먼지 쌓인 계획표
망가져 버렸지
신경 쓸 새 없이

모르는 척 피했던 어제도
쌓여버린 시간과 후회로
은근슬쩍 미뤄온 모습은
참 바보 같은 잔상

피곤함에 등 돌린 이불 속
바라보던 네모난 놀이터
변명으로 매일을 속였던
이제서야 두 손을 털어보네

방 안에 갇힌
과거는 닫지
밖에서 다시
인사해 hi

Good bye

To high

길을 잃은 수많은 다짐
속에 잊어버린 결심
다시 찾아 만날 나를
위한 인사 by high

난 지금 깨진 시계 조각 위를
걷고 있던걸, 찔리고 나서 알았네
새어 나갔던 나날들은 뒤늦게
다시 돌아와 후회로 고였네

걸음을 재촉할수록 되레 빠져들어
안간힘 써봐도 깊숙이 파묻혀 가는 걸
Swim it out! 한숨을 들이마
시고 고개를 세워 스스로 되묻는 거야

What do you want to be?
바라는 대로, 다 이뤄낼 수 있어. 날 믿어 보는 거야
What do you want to be?
당장 눈앞의 망가진 계획표 위로 새롭게 덧칠해

난 믿어, 내가 더 빛나길
정말로, 길이 짧지만은 않겠지
손가락 걸어, 거울 속 나 자신과
웃으면서 마주할 그때까지 BYE

Good bye

To high

길을 잃은 수많은 다짐
속에 잊어버린 결심
다시 찾아 만날 나를
위한 인사 by high",1
83,Lotto Castle (Sweet Pop Edit),아이드플레이,"Settling the big down
Long days like a weight down
Get smiling I let your
Calm down from the senses
I'll sell coffee when they go
Put you in my head and never felt wise
I sense my choker untied
It's just good times I need more
Spit out chickpeas
Sweat out
Sweat out shit to me
Now you learn what you mean
It's like you're left to me
Hear me out what you feelin when you're fading
So, I'm talking 'bout draw use me
'Cause, oh~

oh~
돈이 돈을 벌어주지
oh~
부자가 더 부자가 돼
oh~
돈이 돈을 벌어주지
oh~
부자가 더 부자가 돼

Wow! Lotto Castle?
난 로또 같은거 안해
Yeah! Lotto Castle?
이 집 현금으로 샀어
Wow! Lotto Castle?
난 로또 같은거 안사
Yeah! Lotto Castle?
내 운명은 내가 정해

로또 같은거 필요 없어
종이돈 역시 쓸모 없어
로또 할 시간이 어딨어
Two job three job four job

Your house, your palace,
your secret safe, your sanctuary,
Your fortress, your shield,
your own space, your pyramid,
Your house, your palace,
your secret safe, your sanctuary,
Your fortress, your shield,
your own space, your pyramid,

oh~
돈이 돈을 벌어주지
oh~
부자가 더 부자가 돼
oh~
돈이 돈을 벌어주지
oh~
부자가 더 부자가 돼

계급 수저 탓하지마
너와 나의 갭은 더 벌어져
꿈을 향해 목숨걸고 달려
너와 나의 레벨차이 좀 봐

When you wake up to a brand new day,
There's a simple thing to make it okay.
Keep smiling, and let your troubles stray,
Find your peace, in every single way.
Keep smiling, through the rain,
Keep smiling, ease the pain.
In every moment, bright or dim,
Keep smiling, let the light in.
And that's true

oh~
돈이 돈을 벌어주지
oh~
부자가 더 부자가 돼

Yeah! Lotto Castle?
이 집 현금으로 샀어
Wow! Lotto Castle?
난 로또 같은거 안사
Yeah! Lotto Castle?
내 운명은 내가 정해
내 기회는 내가 정해

ooh ooh ooh ooh
ooh ooh ooh ooh
ooh ooh
oh oh oh oh oh
ooh ooh ooh ooh
ooh ooh ooh ooh
ooh ooh
ooh ooh ooh",0
84,매너,BADI,"청소년 보호법에 따라 성인 인증이 필요한 콘텐츠 입니다. 성인 인증 후 이용해 주세요.
성인 인증",0
85,POP IT,윌라 (WILLA),"Baby you can help me
눈이 번쩍하다 말아
I can going 어디든지 가자마자 빨아
POP IT 위스키 헤네시 랑 소주같이 말아
Baby you want my number ?
I got girlfreind 집에 가라
Why 또 아이고야
My ball
으 하나 말고 다른 거를 만들고
High에서 hi로 바꿔버려
아이고
한국 pye로 전 세계를 다니고
Where is my boy
I got a 4 people
In this room
정신 놓고 놀았더니 나와 이런 곡
Im a try new something
심심해 네 곡
You don’t know
매일 밥 먹는 것처럼
만들어
They call me you busy boy
Ay 잘 새겨들어 봐 너
왜 앞에서 말도 못 해
P***y 같은 너 빠져
니가 하는 힙합 uh
뭐
Smoking d**P Z***
Ay yo ***k
Have u ever done it ?
S**k my d*** h**
이거나 먹어 보 huh
난 지켜 비밀도
넌 없어 비밀 uh
Ay bro tired?
엄마 찾아
MAMA pick up
제발 받아
아빠 찾아
왔다 갔다
당장 빠따 맞고
빤짝
눈을 떠
This is 선물 tho
Ay bro show me some
너의 재능 uh
Baby you can help me
눈이 번쩍하다 말아
I can going 어디든지 가자마자 빨아
POP IT 위스키 헤네시 랑 소주같이 말아
Baby you want my number ?
I got girlfreind 집에 가라
Why 또 아이고야
My ball
으 하나 말고 다른 거를 만들고
High에서 hi로 바꿔버려
아이고
한국 pye로 전 세계를 다니고",4
86,흔적,Lazyboy(레이지보이),"wake up in the morning
어제와 달라진 오늘 sorry
너를 잊어버린건지
나를 조여오던 아픔이 사라졌지
그래도 그러나 그럼에도
나의 하루는 같은 모양새로만 돌아가
금방 너가다시 스쳐 떠오른거 같아

점점 더 필요해진 도파민에
기준 높아진 금요일의 밤
생각도 전혀하지 못 한
괴로움에 한탄
나의 밤은 길어져만 가
그럴 때마다 나를위해 건배
빼내지 못할 몸에 쌓인 노폐물
숨이 막혀 쓰러질 것 같아

또 시작 되버렸어
내가 굳이 말안해도
비슷한 그 아픔이 괴롭혀
나의 상처를 너가 맨손으로
잡아버린 그날의 흉터가 남아
it`s not about altitude sickness
romance movie sad ending sequence
다시 돌려받은 christian dior
허나 내게 등을 돌려버린 나만의 venus

빛나던 너의 그 눈빛
추억을 말해주던 입술
희미해져가
잊어버려야만 하는걸까
이 바람은 어디에서 왔고
나를 어디로 데려가는지
말을 안하네
그때 그 길위에
우리 작은 흔적이라도 있길

정신이 들어 나
거기 누구 없나
커튼을 열어봐
아직 새벽인가
몇시에 잠에들어 버린거야
하루가 내겐 하루가 아닌거야
그런 시선으로 나를 보지 않아도
이미 미쳐가고있어

내일도 기대가 없는걸
헌데 가끔 좋아지는건 뭐냐고
그러다 아파 죽어 망상
그날 끝까지만 버텨
내가 가진 이놈 bipolar
하늘로 먼저가면 땅을치고 후회하진 못하잖아
너만 잘 살 거잖아
나를 잊어버릴 거잖아
그날의 너는 이미 맘이
떠나버렸지만 같은 하늘아래 몸이라도

내가 만들어 낼 세상에
널 초대한다면
그땐 아무 걱정없이
다 제쳐두고 와주길

저 파란 하늘의 색을
나 지난여름엔 누리지 못했네
막막한 가을의 차가운 공기마저
두려워지네

빛나던 너의 그 눈빛
추억을 말해주던 입술
희미해져가
잊어버려야만 하는걸까
이 바람은 어디에서 왔고
나를 어디로 데려가는지
말을 안하네
그때 그 길위에
우리 작은 흔적이라도 있길",3
87,K2 (까도스) (Feat. Ripley),Lin Hwan,"Yea I’m a 전천후 어머니께 전해 이 승전보
심장을 바쳐 for country rather die in Valhalla
도발엔 두 배 복수엔 세 배 감당되겠냐
평화엔 말보다 주먹, 주먹보다 K2(까도스)
Yea I’m a 전천후 어머니께 전해 이 승전보
심장을 바쳐 for country rather die in Valhalla
도발엔 두 배 복수엔 세 배 감당되겠냐
평화엔 말보다 주먹, 주먹보다 K2(까도스)

If it’s DMZ then I got something to say
Memories fade as I keep myself intoxicated
Ain nobody trip I done my shit
Out of my way I’m free again
더럽고 덧없는 날 돌아보니 의미있네
Pour the liquor for me 근데 넌 왜 여생을 허비
옵저버 마냥 이 시대를 지켜보니 u gon puss out
생각은 참 쉽지 끝까지 오르기 can’t really change identity follow me
이보다 더 쉽게 설명은 불가능 끝장을 봐야만 정신을 차리지

We keep losing our own
We lost another son
Why the war ain over
While no soul has won
Why
We keep forgetting
가져갈 수 없는 걸 두고 싸우는 인간들

Yea I’m a 전천후 어머니께 전해 이 승전보
심장을 바쳐 for country rather die in Valhalla
도발엔 두 배 복수엔 세 배 감당되겠냐
평화엔 말보다 주먹, 주먹보다 K2(까도스)
Yea I’m a 전천후 어머니께 전해 이 승전보
심장을 바쳐 for country rather die in Valhalla
도발엔 두 배 복수엔 세 배 감당되겠냐
평화엔 말보다 주먹, 주먹보다 K2(까도스)

초소에서 바라본 별 어둠 속 저 맞은편
지워져 나가는 날짜 속 무의미한 새해를 맞으며
하루하루 잠과의 전쟁 매일 새로운 한계
시간을 태워버려서라도 끝이 오길 원해
스스로 최면을 걸어 버텨봐도
[최전방의 겨울은 너무나도 길어]
어느새 들려오는 포성 자욱이 깔리는 연기
엄습해오는 죽음의 그림자
너와 나의 꿈을 짓밟는 자들에게 최후의 통첩
Aiming 원점의 원점 Ready for 선조치 후보고
선봉의 영광은 영원 Hats off to 호국 영령
[그대 이름을 영원히 기억해]

If it’s DMZ then I got something to say
Memories fade as i keep myself intoxicated
Ain nobody trip I done my shit
Out of my way Im free again
더럽고 덧없는 날 돌아보니 의미있네
차가운 철조망 사이
피어난 꽃의 운명
거칠은 대지 위 흩어질지라도
같은 뿌리 같은 희망 (이건)
한평생 서로를 기다린 자들의 이야기

Yea I’m a 전천후 어머니께 전해 이 승전보
심장을 바쳐 for country rather die in Valhalla
도발엔 두 배 복수엔 세 배 감당되겠냐
평화엔 말보다 주먹, 주먹보다 K2(까도스)
Yea I’m a 전천후 어머니께 전해 이 승전보
심장을 바쳐 for country rather die in Valhalla
도발엔 두 배 복수엔 세 배 감당되겠냐
평화엔 말보다 주먹, 주먹보다 K2(까도스)",1
88,BRB,notjustmalo,"Yeah I’ve been stuck in my room
Things are really getting wrong
Can't just gettin more confused

Yeah I’ve been stuck in my room
Things are really getting wrong
Can't just gettin more confused

Sick of tired,
But fixed and wired
I’ll be on time if you’re looking terrified

Quipped and tired,
but I’ll show you, take a time
Reap the climb, then It’ll be just fine

I talked about what's her favorite flower is
Then made her flower wrist
She took my worries

Yeah, so you tired of getting showing up,
manage it we’ll be fine
I’ll be on time,
Yeah, all things on our side

Yeah I’ve been stuck in my room
Things are really getting wrong
Can't just gettin more confused

Yeah I’ve been stuck in my room
Things are really getting wrong
Can't just gettin more confused

Can't just gettin more confused (yeah)
Don’t treat me like that it’s so rude (yeah)
I need some clue to read your mood (yeah)

Baby you know I’ll be good for you
Kinda home for you

Shawty what you want, I can give it all
Girl I’m on my way, Ima’ hit you up
Tell me who’s the next to come
We should keep this on the low

Let’s get up all night, roll the dice hon

Yeah, so you tired of getting showing up,
manage it we’ll be fine
I’ll be on time,
Yeah, all things on our side

Yeah I’ve been stuck in my room
Things are really getting wrong
Can't just gettin more confused

Yeah I’ve been stuck in my room
Things are really getting wrong
Can't just gettin more confused",1
89,"Act,love",Anko,"Uh
Scripture
John Verse 3:18-19
저거 봐 저거봐
세상은 또 타올라
사랑은 사라진 사람들의 싸움 싸운 다음
주앞에 무릎 꿇고 올리는 말두세마디면
어느새 나도 되어있는듯 바리새인
말로만 맨날 또 안고가 왜 난
진심으로 사랑을 못하는 걸까
행동을 보이면 진리가 보이고
또 이곳에서 가질수 있지 peace in your heart

주와 같이
사랑하길
Love as God did
사랑을 총알처럼 배달하지 탕탕탕

A-c-t l-o-v-e 사랑은 말이 아닌 행동
Like he did yeah like he did 말하지 우리 가진 행복
A-c-t l-o-v-e 사랑은 말이 아닌 행동
So act love act love act love 진실된 사랑을 위해

자녀들이여 우리는 말로만
사랑하지 말고 무례없이 함께 follow God
마음을 가져가 평안 마중나와 편안한 날 errday sunday
그분의 사랑 묻은 이 사람 smell like J. Christ

A-c-t stop hating please
평안한 나날 되길 매일이
A-c-t stop hating please
매일 매일 내일도 내일은 avoiding hate of satan


흔들림없이
편안한 이 (사랑이)
너에게 닿길
사랑을 총알처럼 배달하지 탕탕탕 (ack!)

A-c-t l-o-v-e 사랑은 말이 아닌 행동
Like he did yeah like he did 말하지 우리 가진 행복
A-c-t l-o-v-e 사랑은 말이 아닌 행동
So act love act love act love 진실된 사랑을 위해

One, Two, Three, Four!!!

So Act, Love Act, Love
Act, Love Act, Love
Act, Love Act, Love
사랑을 총알처럼 배달하지 탕탕탕

Act, Love Act, Love
Act, Love Act, Love
Act, Love Act, Love
사랑을 총알처럼 배달하지 탕탕탕 Yeah",6
90,Strolling,Rustic Velvet,"[가사 준비중] 멜론 회원 여러분! 가사 등록을 기다리고 있어요.
가사등록하기",1
91,Inside Story,Soliq,"[가사 준비중] 멜론 회원 여러분! 가사 등록을 기다리고 있어요.
가사등록하기",0
92,얼쑤,이슬림탄탄,"청소년 보호법에 따라 성인 인증이 필요한 콘텐츠 입니다. 성인 인증 후 이용해 주세요.
성인 인증",0
93,철부지,PG-13,"듣기 좋은 앨범은 아니야, feel me?
근데도 이 곡까지 들어 고마워 인마
아니야 내겐 그저 취미
틈만 내서 간신히 낸 앨범이야
(우리 하는 것만 잘하면 되는 거 아니야?)
나도 그 생각 바뀌지 않았지만
내 삶이 멈춘다 해도 세상 돌아가기에
두 발을 맞추려 해
서서히 달려 볼게, 어른이 되는 동안

(Look)
핑계 대지 말고 그냥 finish
때론 필요해, to think like businessmen
합의 보지 말고 담아 의미
필요하면 물어뜯어 like an arena
(흔한 어른이 되는 것인가)
(흐릿해도 기억해, but the art is on my mind)
한 때 철없게 우린 살아 이렇게
모두 자라 미덥게, it won't matter we okay

(Hey!)
철부지처럼 놀았던 기억이 많았으면 해
어른이 돼서도 지금처럼 웃었으면 해
처음 그때처럼
널 조금만 더 내려놨으면 해
철부지처럼 즐긴 하루가 너에게 왔으면 해

We came so far away
But we're still going far in a way

낄 틈이 없던 그네는
주인을 잃어버렸네
정오의 놀이터
이제는 노을이 떠미네
아이와 어른 그 사이
멈추지 않는 세월의 나이
과거와 지금의 차이
커버린 신발의 사이즈
이대로 아이로 살다가 보면
꿈꾸는 대로 살지 않을까

(Hey!)
철부지처럼 놀았던 기억이 많았으면 해
어른이 돼서도 지금처럼 웃었으면 해
처음 그때처럼
널 조금만 더 내려놨으면 해
철부지처럼 즐긴 하루가 너에게 왔으면 해

We came so far away
But we're still going far in a way",1
94,니가 뭔데?,융팝,"(Yeah yeah uh)
니가 날 알아? (Nah nah)
니가 뭔데? (Who you think you are?)
내 삶은 내가 책임져 don’t push too far (back off)
머릿속에 외치는 말 지금 시작해 (let's go)
아침부터 밤까지 날 조이는 deadline (tick-tock)
너의 말투 갑질 attitude it’s out of line (out)
너는 위에서 내려봐 마치 king 같은 vibe (nah)
근데 내겐 아무것도 아니야 just a big lie (fake)
난 참고 참아왔어 but I’m done (끝)
내 맘속 불만이 총알처럼 쏘아져 run (bang)
지금 내 속마음 가사로 쏟아내 (spill it)
니가 뭔데 이래라저래라 하지 마 (stop it)
내가 날 알아 내 길은 내가 정해 (my path)
니가 아무리 말해도 난 내 방식대로 해 (my way)
혼자 외치지만 속은 다 타올라 (burn)
이제는 끝이야 I’m rising higher (high)
니가 뭔데 내게 이래라저래라? (What what?)
니가 뭔데 내 삶을 휘둘러 봤자 (nah)
니가 뭔데 난 내 길 갈 테니까 (go go)
내 맘속에서 외쳐 don’t cross the line (back off)
니가 뭔데 내게 이래라저래라? (What what?)
니가 뭔데 내 삶을 휘둘러 봤자 (nah)
니가 뭔데 난 내 길 갈 테니까 (go go)
내 맘속에서 외쳐 don’t cross the line (back off)
니가 뭔데 내 머릿속 echo (echo)
니가 뭔데 내 속은 이미 폭발 직전 (boom)
니가 뭔데 stop telling me what to do (stop)
혼자 외치는 내 화풀이 속사포 랩 (let it out)
Every meeting every briefing 같은 말 반복 (blah blah)
""넌 부족해 넌 틀렸어"" 잔소리 nonstop (shut up)
너의 기준에 맞추려다 내가 무너져 (falling)
이젠 벗어나야 해 난 자유를 원해 bro (freedom)
Keyboard warrior처럼 뒤에서 말하지 마 (no way)
니가 내 하루를 몰라 stop trying to drive (backseat)
내 속 깊은 곳에서 울려대는 bell (ding)
더 이상 참지 않아 welcome to my hell (roar)
(Yeah) 혼자서 던지는 펀치 shadow boxing (punch)
너의 존재감 따위 나에겐 passing (whoosh)
내 꿈과 내 삶은 내가 다 그려가 (paint it)
니가 뭔데 내 앞길 막으려 하나? (move it)
니가 뭔데 내게 이래라저래라? (What what?)
니가 뭔데 내 삶을 휘둘러 봤자 (nah)
니가 뭔데 난 내 길 갈 테니까 (go go)
내 맘속에서 외쳐 don’t cross the line (back off)
니가 뭔데 내게 이래라저래라? (What what?)
니가 뭔데 내 삶을 휘둘러 봤자 (nah)
니가 뭔데 난 내 길 갈 테니까 (go go)
내 맘속에서 외쳐 don’t cross the line (back off)
니가 뭔데 내 머릿속 echo (echo)
니가 뭔데 내 속은 이미 폭발 직전 (boom)
니가 뭔데 stop telling me what to do (stop)
혼자 외치는 내 화풀이 속사포 랩 (let it out)
(Yeah) 내 안에서 울리는 외침 (shout)
""니가 뭔데 내 삶은 내가 책임"" (responsible)
니가 만든 룰은 내겐 없어 out (gone)
내 길은 내가 개척해 no doubt (no doubt)",0
95,DL4M(feat.Rei),Addy Wrz,"Dad, stop calling me
나 하고 있잖아 chillin
I got to succeed my team
난 내 것만 see me

Tell me what you want to kill
die die kill
kind kind me
Tell me what you want

나를 좀 신경 쓰지 마
잘 지내니까
난 매일을 get down
I have to make money , shit fahther

잠깐 좀 쉬는 거니까
말 좀 걸지 마
널 죽일 거니까
fucking 다 get down

If you fuck around imma just ride with a stick
Can’t fuck with nobody cause I’m with a heat
Can’t trust nobody when I’m on a street
Pull up on your block, you don’t know how to spin
This shit ain’t funny how you talk about drill
Racks up
All we gotta do is getting my racks up
Fuck all your bullshit you tryna be a dancer
I ain’t a follower I am a chaser
좆만한 새끼 넌 보이면 팼어
Fuck on your bitch 난 해야겠어
얼른 챙기고서 떠나야겠어
Free all my brodies we don’t want no handcuff
(Free’em)
Bitch I make it rain I make my bitch go stupid
(made her juicy)
Walk in a timb boots like I’m from the Brooklyn
Bool it down, bool it down I’m a
Young baby stoner
Lil Ketchum in this bitch, go

Dad, stop calling me
나 하고 있잖아 chillin
I got to succeed my team
난 내 것만 see me

Tell me what you want to kill
die die kill
kind kind me
Tell me what you want

나를 좀 신경 쓰지 마
잘 지내니까
난 매일을 get down
I have to make money , shit fahther

잠깐 좀 쉬는 거니까
말 좀 걸지 마
널 죽일 거니까
fucking 다 get down

on god
get money real
mommy처럼 feel like

oh god
daddy는 feel die
이제 진짜 get out

밖으로 나오니 새로운 가족이 생겨 my ski
그때로 돌아가긴 싫어 저기 저 깊은 곳 deep down

poppin on my 다 지워
바쁘니까 신경 꺼
지금 나는 존나 fine

switch 내
친구들이 나를 찾아 난 미치네

잊을래
수준이 맞지 않아 이제 딴 팀이네

Dad, stop calling me
나 하고 있잖아 chillin
I got to succeed my team
난 내 것만 see me

Tell me what you want to kill
die die kill
kind kind me
Tell me what you want

나를 좀 신경 쓰지 마
잘 지내니까
난 매일을 get down
I have to make money , shit fahther

잠깐 좀 쉬는 거니까
말 좀 걸지 마
널 죽일 거니까
fucking 다 get down",2
96,Money Dance,HWAN_$,"Seoul city night, all in for Money Dance! Show up with your money stance
I Don't give up, I take my chance
I Don't give up, I take my chance

Seoul city night, all in for Money Dance! Show up with your money stance
I Don't give up, I take my chance
I Don't give up, I take my chance


B City 아니고 Seoul City night
돈 벌어 사주기엔 아직 어린 나이
나 원한다 했잖아 손목에 3000의 롤리
이젠 바라지도 않아 몇백의 언저리
진절 머리 나니 그러지
너니 그렇지 딱히 달라진 건 없어 내 처지
Ex y2k Jersey
그녀가 입었던 버건디 Adds
바꿔버려 그년을 팔아 번 돈은 너나보?
(Huh? nice yessssss)
거기 나랑 같이 추자고 Money Dance!
I'll make money by drawing Dance!
@mks_youngartist
돈 내 통장으로 KDB Through pass


비싼 옷 재꿔두고 나는 왔어 seoul
알잖아 돈 밝히는 새끼 보여줬어 거울
발엔 Balenciaga
뭘 알아 이 *발아
언더판에 밀어라
좋은 말론 '기어라'

What’s going on?
알잖아 너네 우리 성격 바로 나온거
우린 다시 위기 느낌
but 찼어 핏기
우째 말라 미친
상종 안 해 너네 *itch

*ckin begin a begin
shut up fake it fake it
전부다 배신의 배신
게을렀어 *ussy인가 왤케 lazy
fake *hit 맞어
갱신해 basic하게
돈 벌어 꽂혀 cash

니가 뭔데 ghetto 탓을 해
나는 내가 만들고 진짜 이겼어
너네 hiphop 그거 돈벌이 안돼
너도 알잖아 5년 짜리 1년한테 *발 개발린거


Seoul city night, all in for Money Dance! Show up with your money stance
I Don't give up, I take my chance
I Don't give up, I take my chance

Seoul city night, all in for Money Dance! Show up with your money stance
I Don't give up, I take my chance
I Don't give up, I take my chance


Seoul city Night, 바꿔 어머니 벤츠
To Porsche 노년 간지 거리에
Mommy Cass 이제는 Jack Daniel
지갑 가득해 돈 넣어 바지에

성규쨩 500짜리 피규어
경성이 call 쥐어 Full option 재규어
태원이는 구재불능이여
환이 비행기 태워 To Thailand Tour
준희 망고 부어

내가 먹어 Seoul , 그 다음에는 World
우리 너무 추워 , 그래도 계속 Burn
안태워 떨 , 계속 올라갈껄
이걸 반복 성공을 장전

도착지까지 400으로 밟어
가는길에 흔들어놔 이 반도


Seoul city night, all in for Money Dance! Show up with your money stance
I Don't give up, I take my chance
I Don't give up, I take my chance

Seoul city night, all in for Money Dance! Show up with your money stance
I Don't give up, I take my chance
I Don't give up, I take my chance",5
97,Bubble Shower,Hazé,"[가사 준비중] 멜론 회원 여러분! 가사 등록을 기다리고 있어요.
가사등록하기",1
98,Shoot Goal Like Sonny,AIR-82,"I shoot it up goal like sonny
Maddison we Clyde and Bonnie

Prem trophies we want it
Our players makes it burning

I shoot it up goal like sonny
Kulusev we Clyde and Bonnie

Europe champions go and get it
N17 makes burning

C O Y S we own this london city
No red no blue it's white you alreay know it

Every night n day my team gon crazy
4231 formation building up score is amazing

Nice one sonny yeah nice one son
Too fast to catch our winger Johnson

All the ball stops where the VDV stands
With Romero we the best defence

Pedro Porro Udogie they murder
All the bixxh axx opps send back to gutter

Pape Sarr bissouma mid on fire
Whole squad we never get tired

I shoot it up goal like sonny
Maddison we Clyde and Bonnie

Prem trophies we want it
Our players makes it burning

I shoot it up goal like sonny
Kulusev we Clyde and Bonnie

Europe champions gon get it
N17 makes burning

Pump that Archie grey you got potential
Djed Spence got talent don't mention

Front press keep the patience
No rest we forgot vacation

Ay Bentancur show us some move
top on the league so we got a prove

no one can stop us what you gon do
we got possetion you got no room

keep runnin on Dejan Kulusevski
Slide on a ground like a fast jetski

We got number 19 Dom Solanke
Postec knows how to attack it

Yo Levi spend some money
We need players to kill that gunnies

Don't test me we want the trophies
Slicein opps just make into 4 piece

I shoot it up goal like sonny
Maddison we Clyde and Bonnie

Prem trophies we want it
Our players makes it burning

I shoot it up goal like sonny
Kulusev we Clyde and Bonnie

Europe champions gon get it
N17 makes burning",0
99,후회없게,TMC (티엠씨),"난 끄적여 매일 오 이젠 음악이 뭔지도
모르겠어 난 어디로 흘러가는지
다 부질없네 한번 사는 인생 인데
후회없게 후회없게
누가 나에게 별로 라고 말해봤자 별로
신경안써 난 이걸로 나의 한계를 볼꺼야 결론
짓지마라 아직 하지도 안았어 본론
절대 찌그러 지지 않아 볼보
처럼 걍 찌그러져있어 쫄보는
뒤에서 돋보기처럼 관찰만
하는 인생 안살어 난 올랐지 돈독
돈자랑 하는 새끼들은 없어 돈도
살아 보니까 보통 그렇더라 좆도
그냥 발전 하는 얘기 like 소통
그냥 그런게 좋더라 마치 포토
사진 처럼 나의 작품을 남겨
아이디어가 밥이라면 안남겨
계속 밟어 나는 파업 안해
너는 싸워 난 하지 사업
난 끄적여 매일 이젠 음악이 뭔지도
모르겠어 난 어디로 흘러가는지
다 부질없네 한번 사는 인생 인데
후회없게 에이 후회없게",2
100,06.00.00,dMy(디마이),"네 그래요 전 이제야 스물이 코앞인데요
그 앞이 두려워 바보같이 후회만 했네요
꿈은 이루는 거라 배웠고 미친 듯이 노력했어요
근데 왜 쫓고만 있죠 난 어디에 있는 건가요?
걘 꿈을 포기했어요 쟤는 삶을 포기했고
찬란한 이십대 여긴 해뜨기 전 어둠일까요
꿈을 꾼단 건 이제 사치가 되었고
어른들은 노력이란 풍선에 열등감을 찔러 넣죠
이제야 십대의 끝자락인데 이곳에 디딜 곳 하나가 없네
시간은 자꾸 날 밀쳐내는데 세상은 나까지 반기질 않네
다들 멀어 멀어 멀어만 가 뒤 한 번 안 보고 걸어만 가
다 같이 행복할 줄 알았 는데 또다시 혼자만 도태가 됐네
빛났던 꿈 빛나야 할 건 사람 빛나는 건 돈
자랑할 재능 없고 기회가 돈뿐이라 희미한 꿈
내 꿈을 버린 사람들 사이에 열아홉 완전하기 전의 나이에
꿈을 잃지 않았다니 대단해 수고했단 말이 너무 간절해
근데 이 성공의 압박 주변의 행복에 정신병이 걸릴 지경 나 어떡해 아빠
그냥 병동에서 좀만 쉬고 나서 열심히 날아볼게 날 믿고서 지켜봐봐
열등감 따위 쓸모없어 나도 아는데도 숨쉬기가 미친 듯이 아파
괜찮은 척 웃어봐도 눈물이 흘러 겨울 핑계 있어 다행인 것 같아
꿈이 빛나는 삶 안에 빛나는 사람 안에 빛나는 맘 그 사람 이름은 남
나만 이런가 행복을 바랐던 삶 시기 탓에 난감 난 그저 떨거진가
모두 다 실패한 후에 애써 해주는 마지막 수고했다는 그 말은 너무 늦은 거 아니었나",0
101,Smirnoff,Modif,"At 1AM
I fucked another hoe
I grab her fine ass
Modif always puts it more deeply
I spank it too fast
We never regret it
どうぞ 이 밤엔 꼭 closer
Oh, oh...
Just havin` a round
She told me ""Take off that rubber""

Shawty, you’re buzzed
Shawty, you’re buzzed
Shawty, you’re buzzed
Shawty, you’re buzzed

I never cappin`
넌 다르잖아, 매 순간이 진심
But we can't promise too much
너와 날 재울 Smirnoff
그저 기분 좋았으면 됐어
이 시간을 멈춘 우리 몰골을 봐
너무 We`re so wasted

At 1AM
I fucked another hoe
I grab her fine ass
Modif always puts it more deeply
I spank it too fast
We never regret it
どうぞ 이 밤엔 꼭 closer
Oh, oh...
Just havin` a round
She told me ""Take off that rubber""

Shawty, you’re buzzed
Shawty, you’re buzzed
Shawty, you’re buzzed
Shawty, you’re buzzed",2
102,여전해 (Feat. 정재헌),Millivv,"하루하루가 바빠
일 년이 너무 짧아
가지 않을 것만 같던
시절 다 지나가
덕분에 나 살아
너 덕분에 나 살아
지나간 사랑
의미 없는 거 알아
나타나 달라고 해도 바람 불면
사라질 걸 알았었네
그래도 여전해
memory my iphone에
꽉 쥘래 안 놓게

여전히 여전해 어쩐지 허전해
마음을 덜어내도 티가 나 더럽게
차라리 뭐 어때 차라리 뭐 어때
여전히 여전해 영원이라 말해도
여전히 철없게 돌아가나 봐 어떡해
차라리 뭐 어때 차라리 뭐 어때

날 널 그만 보는 게 왜 안돼,
아침에 해가 뜨면 또 넌 어디 사라져 버려
반은 내 잘못 같아 cuz
‘bout time this shit has stopped,
그렇게 난 다시 목에
줄을 감고 너에게 run 못
멈춰 나를 내가
go on, just blame me, 막 대해도
you know i need you back
자꾸 멀어지는
널 잡는 이런 난 제일 병신 같애
cuz i know it’s late to say sorry
but i know it’s gonna be okay
너가 있을 땐,
난 너가 필요해

여전히 여전해 어쩐지 허전해
마음을 덜어내도 티가 나 더럽게
차라리 뭐 어때 차라리 뭐 어때
여전히 여전해 영원이라 말해도
여전히 철없게 돌아가나 봐 어떡해
차라리 뭐 어때 차라리 뭐 어때",4
103,Dirty Flavor Trap (Feat. HD BL4CK),리퍼스 미티(Repus Meti),"청소년 보호법에 따라 성인 인증이 필요한 콘텐츠 입니다. 성인 인증 후 이용해 주세요.
성인 인증",1
104,3000DUST,재즈말 (JAZZMAL),"[가사 준비중] 멜론 회원 여러분! 가사 등록을 기다리고 있어요.
가사등록하기",1
105,Home,Bazarr',"내 돌아가는 길을 제발 비춰줘
어린 아이처럼 소릴 지르며
그걸 묻으려 음악을 키우면
내 머리가 아파오네 악몽은 저리가 ye

정신상태
어느새 악마가 내 코앞에
날 키워낸 사랑으로 덮길바래
딱 그만큼 날 믿고싶어져 더욱 용기가 더 필요해 난

퀴퀴한 곰팡이 냄새 내 이불
먼지 가득한 테이블
맞춰 더러운 컵 내 입을

그 사랑엔 없대 이유
발걸음마저 게으른
Dumb boy 시간지나도 나의 favorite

더러운 양말 벗네 집밥이나 먹게
익숙함 내 가면을 전부 벗게 해
어딜 걷는지도 모르던 내 wrong way
드디어 돌아온 아늑한 나의 home ye

we gon get it right?
더 많은 사람 사이에서
필요해 비집고서 들어갈 담대함
아마도 우린 하나의
하늘 아래 살아왔고 피 터질 준비가 되어있어 나
못할 게 없을 거야
못 가진 게 없는 너를
곁에 두고 영원히 노래나 부르겠어 나
내 집을 떠나 가시밭 맨발로 끝까지
아무도 바라지 않던 그런 지하까지

어느새 다 빠져나갔어 온기도
남은거라곤 애매하게 표시 해 놓은 지도
흔적은 향만이 남아 멀어져 연기로
같은 사랑 다르게 느껴져 추운 위로

cold world 차가운 바람이 덮쳐
주마등처럼 스쳐간 기억이 너무 서러워

따듯한 문을 열어 줄 사람을 찾아 걸어
나의 등뒤에 여럿 날 반겨줄까 싶어서

time to come back shit
내 말이 돌고돌아 제자리에
차린 정신 무서운 걸 가리게 해

It's time to come back shit
눈물이 고여
겁쟁이같은 날들이 이젠 안줏거리 삼을 추억 uh

겨울같이 나를 얼리고있던 시간 지나
끝에는 굳세게 서있는 그런 이야기야
그들이 키웠지 날
주인공처럼 빛나

Danny homecoming day 바로 오늘이야

더러운 양말 벗네

나 집밥이나 먹게

익숙함 내 가면을 전부 벗게 해

어딜 걷는지도 모르던 내 wrong way
드디어 돌아온 아늑한 나의 home ye",2
106,출근,희미하다,"새벽 다섯 시의 거리
차가운 겨울 냄새와 서리
해는 언제나 지각을 하지
북적이던 상가들의 침묵이 어색해도
내 발걸음은 쉴 틈도 없이 돈을 벌러 가지
이젠 사람답게 사는 법을 알았어
주말을 쫓아 달려가는 마라톤
무슨 감정인지 궁금했는데
91.9에서 이건 세상을 여는 아침이래
차들이 부릉부릉
하지만 아직 쓸만해 내 두 무릎들은
하늘에 그려진 저 구름이
나의 print of blue
살아가는 이유
여전히 심부름꾼이지만
난 중소기업의 newshcool
how can i be down
how can i be uh
미련한 생각은 정류장에 두고 왔어
사실 난 더 자고 싶은데
고속도론 조금도 밀릴 생각이 없어 보이네
(go into a tunnel)
내 생각들이 변하는 것 같애
숨겨놓은 과거들과 함께
흔들리는 버스가 깨워 날
창밖은 물들어 더 파랗게
터널 속에 줄 서있는 바퀴들은
어딘가 좀 지쳐있어 보여
매일 서로 각자 다른 사연들이
신호등을 건너
결국 항상 같은 차선으로 모여
비 소식을 전하는 누나의 목소리엔
왠지 모를 슬픔이
조금 묻어있는 것 같아도
오늘까진 무사히 지나가줘
빗방울에 속도는 좀 더 빨라져서
난 그 자리에 몸을 웅크렸네
비가 그치기 전엔 이곳에서 내리지 못해
이제 오르막길만 지나면 되는데
내 마음이 말을 듣지 않아서야
내게 잠시만 시간을 줘 지금 나오는
음악이 끝이나면 서둘러 내릴게",4
107,투트랙 (Prod. 사윤),VAN KIDEN,"요즘은 생각해도 뭔가 많아
머릿속을 헤집어 놓고서 나간 너가
다시 돌아와서 빈 마음에 실을 떠 보곤 하지
그럴 때마다 하루종일 나는 폰만
바라보다가 강의를 째고 너에게
가고 싶어도 학점들이 날 가시돋게
노려본 시선 견디지 못한 비겁
자가 어디에 있나 싶었는데 바로 나였네
wanna be a professor 아버지같은 사람
문젤 내는 쪽이 더 편할 것 같아
라는 생각들 또한 괜한 말인 나는
결국 도서관 자리를 맡고 커피를 싸가
baby 시간 내는 건 돈보다 어렵다는 걸
알아줬으면 싶다가도 내가 너무한 걸
알아도 말야 이번 시험을 끝내고서 말야
너가 원하는 곳 어디든 promise never broke down


안돼겠어 하루살이같은 사랑만
더는 지쳤으니 라는 말만은 꺼내지 마
아니 그런 거 말고 이상한 거 말고
only U that's all i got babe
걷자 두 손 꼭 잡고 너와 둘이서 가고 파
앞에 놓인 나의 two track

well 음악과 대학이란 척진
둘 사이 친하게 만들고 다니다 나 역시
no focus 사실이야 최근 몆번은 말야
근데 그게 내 전부는 아니야 알지 딱 너만
아는 곳 거기 cafe 맛집 뒤 photo 함 찍게
가볼래 다음은 어디에 짚어주면 I'm okay
계획 stop no thanks 조별과제 왔기에
결국 상처주게 돼 완벽히 mess it up then
switch it up 됐어 몰라 그러니 학점 다 버려
이만하면 이제 됐으니 대충 GPT 시켜
cause my riddle will be beat up
no matter what 난 be winner
너와 함께 있는 지금
짜릿해 마치 thriller
너는 싫어하지만 내가 감싸줄게 horror movie
그치만 우리는 영화로 보면 melo ain't it?
star 가득한 은막의 커튼이 닫혀도
여기는 계속 빛이 나니까 춤을 추자고",2
108,Living Life (Lazy Boy Part.1),Gambo Park,"Depends how you do
내가 하기 나름이지
무슨 말을 들어도
내가 와닿지 않으면 관심없지
난 그냥 내가 듣고 싶은 음악
만들어야지
나는 나답게 사는게 내 목표
내 삶은 내가 정하는거지
남들이 정해주는 삶
그런 삶 살고 싶지않아
This is my life or living my life

Baby I'm living my life
I'm tryna live my god damn life bro
I'm just living my life
Like dum dum digi
Like a dum dum digi

Dum dum digi
Dum dum dum digi
Drizzling tears in the cloud
Giggling like a dummies
Smile like a joker
Faker is no.1 Lol
What's ur eta
Just know where u head
Its been too messy
Crumble like cookie
Looking for attention
I'm a hype boy
That's my name gambo
Craving for gumbo
Rambo
계속 되는 난사
Where to aim
Where's my target
Looking for panda
Allamanda
Take some gambar
Nasi Tambah
This is my life

Baby I'm living my life
I'm tryna live my god damn life bro
I'm just living my life
Like dum dum digi
Like a dum dum digi",4
109,막이 내리고(THE CURTAIN FALLS),E.DLE,"Hey baby 어디야
늦지 않게 들어가요
매번 같은 레퍼토리지만
다 알면서 눈 감아요

Yeah 친구 만나고 오겠단 거짓말도
어쩜 그리 성의 없나요
오늘은 우리 기념일이라는 것도 그댄
잊었나 봐요

But keep this in mind 그대
이건 부디 잊지 마요
Today is our anniversary
and the day I dumped you

Yeah, you are the worst
Let's break up
Was I crazy? I must've been crazy
You are shit in the sack
I can't trust you
I hate the fact that you made me love you

막이 내리고
난 춤을 춤을 춰
나비같이 아주 가벼운 몸짓으로

오 거기 그대
함께 출까요
Huh 도망가지 말고 날 좀 꺼내줘요

그래 훌렁 벗고 나면 자유로워
질 거라 생각했어
무거운 너라는 Coat

아무리 씻어내도
지워지질 않아
이미 내 몸에 밴 너의 향기

Yeah 준비한 총 두 자루와 딸기 생크림 케익을 챙겨 넣어 가방에

꾹 누른 초인종 소리에 눈 비비며 나온 넌
나를 보곤 조금은 놀래

케익에 담밸 꽂으며 신난
날 가만히 바라보고 넌 계속 벙쪄

챙겨온 총 두 개를 너의 앞에 꺼내 들어
주섬주섬 떨고 있는 네 손에 다른 하난 내 손에

내 총구는 너의 머리에
네 총구는 내 머리에
바짝 갖다 대고 난 너에게 말해 이렇게

""이제 우리 동시에 이걸 당기면
둘만의 천국으로 떠날 수가 있게 돼""

비명을 지르며 도망가는 널 안은 채 난,
말했지 달도 우리를 향해 축하를 해

It's finally time to go to paradise

3 2 1 0

Yeah, you are the worst
Let's break up
Was I crazy? I must've been crazy
You are shit in the sack
I can't trust you
I hate the fact that you made me love you

막이 내리고
난 춤을 춤을 춰
나비같이 아주 가벼운 몸짓으로

오 거기 그대
함께 출까요
Huh 도망가지 말고 날 좀 꺼내줘요

그래 훌렁 벗고 나면 자유로워
질 거라 생각했어
무거운 너라는 Coat

아무리 씻어내도
지워지질 않아
이미 내 몸에 밴 너의 향기",1
110,"No Reason (feat.텐아워, 최규연)",은평레일건즈,"보증금 없는 내 방
보증해 언젠가 수많은 rhymes 

창문은 없어서 smoke in a while
가끔은 여기서 토끼고파

Eat lunch but 또 배고파
Frozen dinner again you better not 

Too bad for body I know
No money then, what should I eat for living (huh)

What should I do for living 

살아갈 이유를 줘봐 난 지금 지쳐 이 짓 
No limit (whoa)
계속하지, no reason (yeah)

이유가 없어서 그만둘 이유도 
없어 fuck i knew it
Do it till the morning
꿈이 돼 오늘이

No reason i go go go
No reason i go go go
No reason for sure sure sure
No reason for sure sure

No reason i go go go
No reason i go go go
No reason for sure sure sure
No reason for sure sure

이게 없었다면 내겐 걸음 멋 없지
내가 맨땅에 헤딩 했던 때는 뜨겁지

걸어가 그 속에도 나는 다른 길 없이
남다른 걸음걸이 내가 따른 내 법칙

전북자치도 힙합 한길로
I don't waste my time 답게 pull up

몇대 맞더라도 베어있어 color
내 색깔 맞춰 힙합에 걸어 나의 background

나한테 있어 백날 기를 때까지
매일 밤 땀에 젖은거 내 Face ID

계속 했던거 또 난 맨발

매일 방안에서 챙겨 나는 두가지
두 팔을 벌려 맞이하네 그래 two vibes

힙합 아닌건 저기 투하
이 step이니 gap이 나 독하게 나 출발

No reason i go go go
No reason i go go go
No reason for sure sure sure
No reason for sure sure sure

No reason i go go go
No reason i go go go
No reason for sure sure sure
No reason for sure sure sure",39
111,다가온 시간 앞에서,J1,"이 순간이 오지 않을 것 같았어
유유히 흐르던 시간은 어느새 우
리를 여기까지 데려왔나봐
한순간도 널 잊은 적이 없는데 이렇게
다가온 시간 앞에서
예쁜 미소를 네게 보여줄게

The first time 조금은 어색한 눈빛
as time goes by 서서히 살아나는 미소

우리 처음부터 알고 있었던
경솔한 내 마음이 미루기만 했던
수없이 연습하고 연습했던 작별 인사
신중하게 따뜻하게 너에게 남기고 싶은 바로 이
지금 니 앞에 있는 어색한 내 모습과 마주하는
현실이 믿어지지 않아

I don't mind it
그저 잊고 싶음 잊고 간직하고 싶음 간직하면 돼
하지만 don't forget
고개를 저어 네게 고개를 갸웃거리는 세상에게

제일 소중했던 사람들을 절대 잊지마
이제부터 언제 어디서 누구와 어떻게 지내든
원하던 너의 꿈을 절대로 잊지 말어
keep your dream

이 순간이 오지 않을 것 같았어
유유히 흐르던 시간은 어느새 우
리를 여기까지 데려왔나봐
한순간도 널 잊은 적이 없는데 이렇게
다가온 시간 앞에서
예쁜 미소를 네게 보여줄게

The last time 너에게 하고 싶은 말
Even as time goes by 변하지 않는 것에 대해

윤슬처럼 반짝이고 빛나는 너의 모습을
소중하게 간직하길 바라고 또 바래
희미하게 지워져갈 나쁜 기억들은 마치 입
김처럼 어느 순간 사라질 거야 세상이 정한
규칙과 잣대로 판단하지 말고 그들이 만든
리그 속에 절대 갇히지마

You don't deny it
그저 살아가는대로 그냥 살아가려고 하지는마
하지만 don't hurry it 서두르지 말고
허리를 굽히지 말고 너만의
박자에 맞춰 차근차근 네 갈 길을 걸어가 때론
민첩하게 언제 어디서 누구와 어떻게 살든 삶이란
영화 속의 주인공은 바로 너니까 keep your life

이 순간이 오지 않을 것 같았어
유유히 흐르던 시간은 어느새 우
리를 여기까지 데려왔나봐
한순간도 널 잊을 수가 없는데 이렇게
다가온 시간 앞에서
예쁜 미소로 너를 보내줄게",4
112,그리고 마주한 현실 (Feat. 김예린),노블레스,"며칠이 지났을까 생각보다 많이 힘들진 않아
너도 그래? 나도 그래… 우린 사랑한 게 아니었나 봐

눈 뜨자마자 멍해 생각 없이 물 한잔 마시고 창문도 활짝 열지
아침이구나 평소와 다름없는 특별할게 없는 그런 하루구나
아무거나 대충 먹고 아무거나 주워 입고 나가야지 오늘도 살아야지
다 그렇게 사는 거지 어차피 사람 인연 잡는다고 잡혀지는 게 아니니까
정신없이 아침을 보내고 뭐라도 먹어야지 조금은 힘내야지 별일 없는 것처럼
언제나 그랬던 것처럼 남의 눈이 뭐라고 이렇게 예민해
변한 건 하나도 없는데 좀 쓸쓸한 것 같기도
나도 사람인가 봐 홀가분한 것 같기도
일상 속에 녹아있던 한 사람 그 한 사람 없다고 뭐 달라지겠어

며칠이 지났을까 생각보다 많이 힘들진 않아
너도 그래? 나도 그래... 우린 사랑한 게 아니었나 봐

사계절을 함께 보낸 우리였지 일주일을 매일 만난 우리였지
그게 뭐 중요한 게 아니더라 함께 보낸 시간 따위 의미 없더라
정리할게 많아 뭐 그리 대단한 건 아니지만 어쨌든 신경 쓸게 많아
함께일 때 보다 생각할게 더 많아 왜 그렇게 피곤하게 살아
만날 사람 생각보다 별로 없다는 거 알지 혼자란 거 잘 알지
하고 싶었던 건 많았는데 하나도 기억 안나 뭐라도 해봐야지
근데 우리 헤어진 게 벌써 이렇게나 됐네 시간이 나만 두고 가나 봐
어쩌겠어 그때나 지금이나 준비된 게 하나 없지

며칠이 지났을까 생각보다 많이 힘들진 않아
너도 그래? 나도 그래... 우린 사랑한 게 아니었나 봐

정신없이 지내보니 어둑해지고 혼자만의 일상이 더 익숙해 더 지나봐야
알겠지만 내 몸 하나 건사하기도 위태로운 세상이라 그런가 봐

내가 못났던 게 아닐까 조금은 모났던 게 아닐까 아무렇지 않다면 다 거짓말이지
어떻게 아무렇지 않겠어 나도 사람인데 어쩔 수 없는 거지
언제부터 누구부터 잘못된 게 뭐가 중요해 그냥 끝난 거지 딱 거기까진 거지
넘을 수 없는 서로 다름을 인정한 거지

사는 게 그런가 봐 죽을 만큼 많이 아프진 않아
나만 이래? 다들 이래? 다시 누군가를 사랑하는 건 안되겠지",60
113,염증 (inflammation),곡식,"oh oh oh yeah
oh oh oh yeah
oh oh oh yeah
oh oh oh yeah

간질간질한 느낌에,
찌릿찌릿한 느낌에,
손대면 아파서 멀리로
또 신경 쓰여, 널 만지려 해

나름 합리적인 난데 (대체 왜)
한시적인 쾌락에 (빠지네)
네 가식적인 자극에 (아는데)
까짓것 좀 아프고 말지, 반복해

너는 염증처럼 어느 날 나타나서
나를 잔뜩 긁어놓고는 또 사라져
where you at? where you at?
oh, where you at? where you at?

너는 염증처럼 계속 신경 쓰이게 해
손을 뻗으면 내게 아픔을 남기네
What do you want me to do? to do? yeah
What do you want me to do? to do? yeah

됐어, 나도 아프기는 싫어서
좀 더 편해지고 싶어서
너를 신경 끄길 원해
우리 관계 지우개를 건네

always 너에 대한 생각만
너는 원해 날, 그리고 해방감
불공정 거래, 등가교환의 약속은
개나 줘버렸지, 어쩌면 나 혼자만의 약속

너는 염증처럼 어느 날 나타나서
나를 잔뜩 긁어놓고는 또 사라져
where you at? where you at?
oh, where you at? where you at?

너는 염증처럼 계속 신경 쓰이게 해
손을 뻗으면 내게 아픔을 남기네
What do you want me to do? to do? yeah
What do you want me to do? to do? yeah

What do you want me to do? yeah
널 사랑하는 것도 놔버리는 것도 맘대로
하지 못하게 하는 그 태도에 나는
미칠 것 같아, 제발 지워줘 이 염증을

너는 염증처럼 어느 날 나타나서
나를 잔뜩 긁어놓고는 또 사라져
where you at? where you at?
oh, where you at? where you at?

너는 염증처럼 계속 신경 쓰이게 해
손을 뻗으면 내게 아픔을 남기네
What do you want me to do? to do? yeah
What do you want me to do? to do? yeah",87
114,Jackpot (feat.Kymishawty),LiL Maid,"Seven
Seven
Seven
Seven
Seven
Seven
Seven
Seven

Hit a lotto Hit a Jackpot
Don’t mess it up while we earn sum

No matter what you got
just fuck it up and earn sum
Trynna escape from the broke
Flip card Triple seven on the

Seven
Seven
Seven
Seven
Seven
Seven
Seven
Seven

없어 너가 있을 자리
꺼져 절대 넌 아냐 thotty
없었어 game i got thing 여긴 dope
Feel like boss lose and become ghost
됐어 we will go tryna get busy

I get seven numbers
싹 다 걸어 잃은 돈때매 못 핀 떨
까지 i'm not done 내게 돈이 걸린 문제라면

I wanna take some one
In my wallet i got none
올인치고 bitch you know?
Ice on my wrist 빼 one more
Start did it 계엄령

Seven
Seven
Seven
Seven
Seven
Seven
Seven
Seven

Hit a lotto Hit a Jackpot
Don’t mess it up while we earn sum

No matter what you got
just fuck it up and earn sum
Trynna escape from the broke
Flip card Triple seven on the

Seven
Seven
Seven
Seven
Seven
Seven
Seven
Seven

Yeah

Sippin’ 7up
알아 난 전부 Bet Enough
챙기고 떠 I Had Enough

Should I move in silence?, Lemme do the slide
잭팟 터짐 I’ma turn it to the mine
Make love with your bitch in late night
Like garcons She got eyes on my heart (Woah)

Don’t act like a tough, bitch
You just a nerd shit
I do it for fun bitch
You didn’t get it

두 명이서 훔쳐 뉴스에다 폭격
주연으로 출연 늘려 우리 수명
도박장에 출석 잭팟을 터뜨려
절대로 안 멈춰 경찰이나 불러

Seven
Seven
Seven
Seven
Seven
Seven
Seven
Seven

Hit a lotto Hit a Jackpot
Don’t mess it up while we earn sum

No matter what you got
just fuck it up and earn sum
Trynna escape from the broke
Flip card Triple seven on the

Seven
Seven
Seven
Seven
Seven
Seven
Seven
Seven",0
115,Fortissimo,도베르멍,"Doctor의 mes 아님 깡패 품의 사시미
내 말이 어떤 칼이 되는가에 불 킨 심의
비난과 비판 방아쇠를 당기기 전에
덮어쓰지 검은 비닐
네가 원하던, 원치 않던
너의 머리 위 열기로
난 떠오르는 balloon
다섯 평의 room에서
높이는 speaker의 volume
성공의 공기 sample
폐 깊이 들이 킨 뒤
위를 바라보며 달빛과
briefing 회의
대지 위에 설계도를
그리지 매일
훔쳐 titan의 도구들을
너무 높아 잡지 못했던 뜬구름을
내 행동 반경에서는 잡지 못해서
나왔지 문을

holic 아님 phobia
뛰게 만들 CPR
과거는 지금 지하
숙성 될 nostalgia

상상의 무게 깃털 같아서 날개를 펴
비상과 낙하 또 반복해 난
모든걸 피했던 난 책임은 본인의
몫이라는 것을 느끼게 된 날
Fortissimo, Fortississimo
불안에 흔들리는 나를
잡아주는 주파수의 신호
침 튀기는 walkie-talkie
쏟아진 빛에 비치는 조감도
흰색에 스며든 검은 펜촉의 획
목소리 뜨거운 선율에 타는 tea bag
투명 무색 안으로 던지네
더 진해지도록 번지게
불투명의 공간 내 안에서 새어 나오는 향
낡은 책장으로 들어가게 될 nostalgia
지금의 발걸음은 그 기록을 위한 것

holic 아님 phobia
뛰게 만들 CPR
과거는 지금 지하
숙성 될 nostalgia",0
116,미안,민시티,"[가사 준비중] 멜론 회원 여러분! 가사 등록을 기다리고 있어요.
가사등록하기",1
117,Home Alone,HOSHi,"[가사 준비중] 멜론 회원 여러분! 가사 등록을 기다리고 있어요.
가사등록하기",0
118,Lovesick (With. 예은),TAEHUN,"우리 처음엔 그렇게 좋았었는데
This rain reminds me of our lovesick

나는 다시
비가 내린 밤
그 사이를 걸어다녀
아픈 줄도 모르고
하지만 이번만큼은
다시 못 볼 거야 널
비가 내리던 게 뭐 오늘뿐인가

this kind of lovesick
oh with a fantasy

아직 넌 사랑을 얘기하고
거짓말같이 사라진
우리 모든 얘기들을 여기 담아
버려질 것만 같아서

It's a lovesick
넌 나 없이 잘 지낼 수 있나
난 못 할 거야

lovesick
넌 나 없이
그럴까
난 아직 안 될 것 같아

우리 처음 만난 그날처럼
비가 오는데
모든 게 바뀌어버렸어
마지막 엔딩 속
너는 어떤 모습일까
희미해지는 우리 사이가 겁이 나

this kind of lovesick
oh with a fantasy

이런 걸 사랑이라고 하려나

Uh-oh 비가 와
우리는 마지막까지도 아닌가 봐 uh
이러다 우리가 나눈 장면들까지
다 잊어버리면 어떡하지 불안해지나봐

혹시 한 번만 다시 날 사랑한다면
비가 오던 그날처럼 보내지는 않을 텐데 uh-oh

It's a lovesick
넌 나 없이 잘 지낼 수 있나
난 못 할 거야

lovesick
넌 나 없이
그럴까
난 아직 안 될 것 같아

(what)

It's a lovesick
넌 나 없이 잘 지낼 수 있나
난 못 할 거야 (난 못할거야)

lovesick (oh lovesick)
넌 나 없이
그럴까
난 아직 안 될 것 같아",16
119,Not Okay,Sihu,"잊는 거보다 잊혀지는 게 더 쉽다했는데
그때처럼 바뀌지 않는 모습 보니 알겠네
때론 아프다고 말했었는데
그 눈빛 보니 내가 뭘 어떻게 해야할까 고민해
멀어질까 두려웠던 이 아이를 바라봤더니 그대가 또 속지
다른 반전이 없다고 얘기하고 싶어도 한 번 말하고 없지
Ay I'm okay
라고 말하면 멀어 baby
10 years 지나고도 끝이 없어질 거 알고 있잖아

I'm 완전 not okay (not okay)
이제는 자유롭게 가버렸는데 (가버렸는데)
괜찮다고 항상 내게 말했는데 eh
다시는 만나지 말자고 했잖아 (했잖아)
I'm 완전 not okay
이제는 자유롭게 가버렸는데
I'm 완전 not okay
싸늘한 눈빛, 날 쳐다보고 가는거였네

잊혀지는 것보다 잊는 게 더 쉽다했는데
생각보다 마음대로 안돼
어쩌면 그 말들이 전부 다 틀렸을 거 같애
Um 생각보다 별로, Yeah 괜찮지가 않아
Oh-oh 추임새를 썼을 때 겉멋이 안 나게
넌 그런 거 싫어했으니까, 나에게도 변화를 줄게
잔소리보단 너를 위한 소리를, 그래 뜻 깊은 가사가 너를 위해
Ay I'm not okay
라고 말하기 힘든게
It's been 10 years 끝나고도 끝이 안 없어질 거 알잖아

I'm 완전 not okay (not okay)
이제는 자유롭게 가버렸는데 (가버렸는데)
괜찮다고 항상 내게 말했는데
다시는 만나지 말자고 했잖아 (했잖아)
I'm 완전 not okay
이제는 자유롭게 가버렸는데
I'm 완전 not okay
싸늘한 눈빛, 날 쳐다보고 가는거였네

I'm 완전 not okay
이제는 자유롭게 가버렸는데",4
120,Winter Haze,Tracktern,"[가사 준비중] 멜론 회원 여러분! 가사 등록을 기다리고 있어요.
가사등록하기",0
121,지금 (ft. mistelee),윤태언,"yeah listen

cold night이 지나갔음에도 불어오는 차디찬 바람
처참하게 밟히겠지 세상을 향한 마지막 발악
시간이 갈수록 분간하기 힘들어져가는 가식과 사랑
권력자의 모가지를 꺽기 전에 일찌감치 가치관 말살

가리온의 체스판보다 가치 있기를 빌었어
하지못해 개수작조차 거리낌 없이 비틀어
지난 시대의 폐해를 평생 동안 믿었어
빌어먹던 순간에도 내 눈빛은 죽지 않았어

정해진 운명 따윈 없을거라 생각했던 소년은 변해가네
저 세상에 가서도 차별적인 시선에서 못 벗어나네
우리가 지닌 편견 밖의 편법 답게 재력가들은 선전하네
얻어갈게 없는 인생에서 처절함에 깃대어서 걸어갈게

정해진 건 오로지 죽음 밖에 없는 세계
뻔하디 뻔한 패배는 지겨워 승자만이 바꿀 수 있는 체제
쟁쟁한 강자들을 제끼고 팽배한 이 판을 제패할 거란 맹세
단지 서면에 불과한 세태일 뿐 래퍼들에게 시급해지는 대책

야 손 빼 차디찬 바람이 부는 날을 참아가며 남아 나지 않은 나의 자존심을 담아 닳아 사라지기 전까지는 나름 맞서 싸워 서 있을 거라는 가는 약속이 끊어져 힘 없이 아랠 향해 항해하는
나의 배는 앞을 가르기에 너무 낡았나
아니면 에초부터 상대도 안되었었나 이미 후회하기는 너무나 늦은 나인가 난 뭘 해야 하는가

여긴 어딜까 끝 없이 어두운 얼음 속에 갇혀
어느 방향으로 가도 답이 없는 기분에 난 소름이 돋았네 시야 점점 좁아지는데 내가 왜 이래 된 걸까 어 그래 그때부터 였었나 넌 어떻게 생각해 됐어

난 살고 싶어 living legend 그 과정 속 입은 내전
살고 싶어 숨어서라도 아무도 모르게 날 죽어가고 있었었는데
니가 그래 잘 살고 겁쟁이 질투가 났고 나만 빼고 전부 왜 또 또 나의 세상은 heavy smoker
커지기만 했던 난데 내 앞 빙판길 밑은 하도 까매
긴장만 했던 놈 진짜 꿈만 꾼 놈이
불안했던 몰골 철밥통 보험 든 패배자로서 난
어떻게 생각해
한심하지 뭐 난 졌나봐
먼지 날리는 나 아니 내가 할 수 있나 아 근데 너무 춥네 다시 손 집어넣어

Im think Im just losing my love now
이 artform은 대체 누굴 위한 걸까
내 마음을 담아서 아무리 얘기해봐도
돌아오는건 메아리뿐 everywhere I go",0
122,Lunar Lounge,Lila Ray,"[가사 준비중] 멜론 회원 여러분! 가사 등록을 기다리고 있어요.
가사등록하기",0
123,쓰촨의 맛,오렌지노,"마라 마라, 내 혀가 날아
매운맛의 폭풍 속으로 달아
화자오의 스캔들, 입안의 댄들
쓰촨의 불꽃은 내 삶의 Handle
혀 위에서 번쩍, 마라의 Magic
입안에서 터져, Spicy Classic
한 젓가락에 세계가 흔들려
단순한 맛 아냐, 쓰촨의 맛
“맵다” 하던 내가 변했어
이젠 국물 없이 못 살겠어
마비와 매운맛의 Collaboration
혀끝에서 시작된 나의 mission
매운맛은 내 혀의 스승님
“한 입 더!” 외치며 굴복한 입맛
마라탕, 훠궈, 샹궈의 삼위일체
너 없으면 난 그냥 밍밍한 한 끼
마라 마라, 내 맘을 발라
훠궈 먹어 고수는 필수
마라 마라, 이건 내 나라
매운맛집 여행 쓰촨의 맛
마라 마라, 내 맘을 발라
훠궈 먹어 고수는 필수
마라 마라, 이건 내 나라
매운맛집 여행 쓰촨의 맛
마라 마라, 내 혀가 날아
매운맛의 폭풍 속으로 달아
화자오의 스캔들, 입안의 댄들
쓰촨의 불꽃은 내 삶의 Handle
마라, 내 입맛의 Picasso
빨간 국물 속의 Espresso
혀끝에서 퍼지는 진한 맛
이건 쓰촨 만의 히스토리
첫 한 입에 Electric Shock
혈액 속에 침투하고서
뜨거운 국물 속 뱃속의 Salsa
위장의 평화를 위한 쿨피스
화자오의 비트, 마라의 멜로디
혀 위에서 펼쳐지는 맛의 심포니
국물까지 클리어, 완벽한 피날레
혀는 스촨에 이미 도착해
마라 마라, 내 맘을 발라
훠궈 먹어 고수는 필수
마라 마라, 이건 내 나라
매운맛집 여행 쓰촨의 맛
마라 마라, 내 맘을 발라
훠궈 먹어 고수는 필수
마라 마라, 이건 내 나라
매운맛집 여행 쓰촨의 맛
입안의 불꽃놀이, 혀 끝의 parade
쓰촨의 매운맛은 Hidden Card
“맵다!” 외치며 웃는 이 irony
마라야, 네 매력의 끝은 어디니
마라 빠바 빨간 맛
맵찔이였던 나도 반한 맛
입안에서 피어나는 레드의 기적
쓰촨은 마라, 마라는 쓰촨
마라 마라, 내 맘을 발라
훠궈 먹어 고수는 필수
마라 마라, 이건 내 나라
매운맛집 여행 쓰촨의 맛
마라 마라, 내 맘을 발라
훠궈 먹어 고수는 필수
마라 마라, 이건 내 나라
매운맛집 여행 쓰촨의 맛",1
124,할아버지,Geon,"어려우면 때려 처
난 아직 준비가 안 돼 있었어
그땐 꿈은 없었어
알아서 다 될 줄 알았어

냉정한 할아버지
나는 매우 원망했지
계속 꿈을 지적했지
아직도 믿기 힘들기만 했지

힘들게 한 일상은
암이라는 비참은
할아버지를 아프게 했지만
난 아무것도 할 수 없었어

밤마다 날마다 외친 말이
들리지도 않은척해 단지
내 말이 맞다 주장하는 날이
그의 상처마저 점점 더 번지는 거지

(hook)
꿈이 없던 나에게
희망이 없던 나에게
음악이란 창작이란 꿈
노력을 안 함 힘들겠지만 이젠

절대로 포기 안 해
자퇴란 짐을 짊어야 해
아직 몰라 사람들은 성공해야 되는 이유 그건 가족

꿈이 없던 나에게
음악이란 꿈이 생겨버린 나에게
믿기지 않는 광경이래  가족들은
가진 적도 없는 꿈을 가졌다네 친구들은

맨 처음 썼던 시선이란 mixtape
바뀐 실력 후 더 냉정해진 할아버지
물론 더 잘 됐으면 했음 마음이지
그때도 그의 말을 그냥 흘렸겠지

미래와 분위기 때문에 고백했던 자퇴
실력  부족한데 무슨 자퇴냐는 말에
내 자신 믿고 늘 소홀 했던  탓에
취미로 했던 사람보다 안 했던  의지

깨달았지 성공에는 노력
하지 않으면 아무것도 못 줘
할아버지 속 썩여서 미안
이제는 책임질게 가족과 나를 위해서

(hook)
꿈이 없던 나에게
희망이 없던 나에게
음악이란 창작이란 꿈
노력을 안 함 힘들겠지만 이젠

절대로 포기 안 해
자퇴란 짐을 짊어야 해
아직 몰라 사람들은 바로 성공해야 되는 이유 그건 가족",3
125,shy (Feat. CHERRY BOY 17),SEYUN,"i don't give a **** about what you said
여기저기 ** 돌려 보니 다 꼰대
모두 다 같은 질문 니 ** 뭐해?
난 다 쓸어버려 마치 나폴레옹
사춘기 소녀처럼 너넨 shy shy shy
고개 들어 제발 숨지 말고 다 다 다
내가 말했잖아 전부 다 ha ha ha
래퍼라는 놈들이 ** shy shy shy
일진 놀이로 연명 중 다신 안 갈 거야 거기에
나였으면 부끄러워서 절대 못 들어 고개
병 걸린 **들 사이에 껴서 같이 놀래
그저 돈에 눈 돌아간 놈들 왤케 많아 여기에
i don't know 편 가르기엔 지쳤어
도움은 *도 니들 말한 거 잊었어?
거의 미쳤어 분수에 맞게 살지를 못 해
사기꾼 **들 동네에서는 역시 똥내
문화사랑 **하지 말고 제발 현실 좀 봐봐
난 요즘 고갤 내려 왜냐하면 ** shy shy
이 새끼들 꼬라지 없어 이 다음 판
시비 걸어도 이제는 생각이 딴 판
돈 갖고 와 당당하면 말야
목숨 걸어본 적 없는 너넨 말이 많아
너넨 **보다는 그저 ****
난 너 같은 놈들은 사람으로 치지 않아
i don't give a **** about what you said
여기저기 ** 돌려 보니 다 꼰대
모두 다 같은 질문 니 ** 뭐해?
난 다 쓸어버려 마치 나폴레옹
사춘기 소녀처럼 너넨 shy shy shy
고개 들어 제발 숨지 말고 다 다 다
내가 말했잖아 전부 다 ha ha ha
래퍼라는 놈들이 ** shy shy shy
head shot face down
to hater from the timeline
***** i’m a fixing every night
더 벌기 위해 Top Line
이 벌스 하나 쓰기 위해서 내 밤낮
을 바꿔 너는 이해 못 하겠지 난 항상
더 뱉기 위해 삼켜 모든 음악들을
안 하면 노려져 뒤에 적들은
내가 망하기만 바라겠지 매일
mistake까지 계획 제발 똑바로 좀 해 구분
who really who really want me? 요새 대세는
자기 PR Yes I know
센 척을 하며 홍보를 피해 부끄럽다면
다음 세대에 와 bye boy
stackin rap video 많을수록 내일
바로 뜨기 쉬워 바이럴 일반인도 있네 FAN
요샌 연예인도 늘고 있어 TV에
안 나와도 인스타 하나면 너도 이제 연예인
i don't give a **** about what you said
여기저기 ** 돌려 보니 다 꼰대
모두 다 같은 질문 니 ** 뭐해?
난 다 쓸어버려 마치 나폴레옹
사춘기 소녀처럼 너넨 shy shy shy
고개 들어 제발 숨지 말고 다 다 다
내가 말했잖아 전부 다 ha ha ha
래퍼라는 놈들이 ** shy shy shy
i don't give a **** about what you said
여기저기 ** 돌려 보니 다 꼰대
모두 다 같은 질문 니 ** 뭐해?
난 다 쓸어버려 마치 나폴레옹
사춘기 소녀처럼 너넨 shy shy shy
고개 들어 제발 숨지 말고 다 다 다
내가 말했잖아 전부 다 ha ha ha
래퍼라는 놈들이 ** shy shy shy",6
126,Time,VeiL,"시간을 멈춰줘
그대로 돌릴 수 있게
아직 흐르면 안 돼
I feel lonely
내 옆엔 아무도 없네
벌어진 거리감에 난
(미쳐가)

그리워 그리워
언제까지 이렇게
태우고 애태우고
마음만 태운 건지
정말 끝인 걸까
그리워 그리워
바래진 것 같은데
한 번쯤은 돌아보길
바라고 바랐었는데 eh yeah

The time tick-tack
The time tick-tack
우리가 함께했던 시간
무얼 했든지 간에
더는 너는 없고
The time tick-tack
The time tick-tack
정말 끝이 나버렸네 내가

지난 일로 떨어져 버린 내 가치
남겨 두는 것 자체가 내겐 사치
필요했어 맘의 안식처가 단지
알지만 닿기에는 멀어지는 거리

관심사 가정사
짧은 시간 안에 깊은 것을 나눠
인연이 아니였었다는 말로
시간이 없어지진 않잖아 인연아

I fell in love but u were gone
우리가 나눈 시간은 그저 fake love
시간이 약이라고 누가 그러더라
근데 약은 너무 쓰잖아 괴로워

그리워 그리워
언제까지 이렇게
태우고 애태우고
마음만 태운 건지
정말 끝인 걸까
그리워 그리워
바래진 것 같은데
한 번쯤은 돌아보길
바라고 바랐었는데 eh yeah

The time tick-tack
The time tick-tack
우리가 함께했던 시간
무얼 했든지 간에
더는 너는 없고
The time tick-tack
The time tick-tack
정말 끝이 나버렸네 내가",2
127,Ring Ring,Typo (타이포),"난 좀 2faces, Right now
Without conscience 너를 찾으니까
도망가지는 마 전부 다 내가 잘못했으니까
처음처럼 다시 돌아가는 건
무리인 걸 알아도 그땐 조금 어렸어서
한마디도 지기 싫어서 그랬던건
두 번째부턴 당연한 거라 생각했어서 그래
난 좀 많이 바보 같아서 이래
You the type that make me boss up
변했고 날 싫어하는 네 친구들 말에
흔들리지 않았으면 해
They don't know how it feels to lose memories
잠깐 하는 말이 아니라
평생을 걸고 하는 말이야 Baby
딱 한 번 더 말해줘
미쳤다고 지겹다던 백번도 말한 그런 Love
I won't drop you back into the abyss
이젠 남는 게 시간이니 Talk
잠깐이면 돼 하나 없어 뵈는 게
No one cares 진짜 죽기 전에
심장이 다시 너를 데려오라 말해

Call me if you get lost
umm umm umm
할 수도 없으니 이젠 Bluff
일단은 걸어 생각이 나면 yeah
Call me if you get lost
umm umm umm
원하면 Just like when we first met
일도 미루고 볼 테니까 널 umm yeah

I can wait, 또 stackin racks
널 위해서지 누구를 위해서 이러겠어 매일
You know I only look at one goal
이제서야 온전히 널 위해
There's no perfect human being
알아 그 자리에서 볼 땐
기대보다 불안함이 큰 게 당연한 거지
All I'm saying is this is better than another start baby
말해줘 미쳤다고 지겹다던
백번도 말한 그런 Love
I won't drop you back into the abyss
이젠 남는 게 시간이니 Talk
잠깐이면 돼 하나 없어 뵈는 게
No one cares 진짜 죽기전에
심장이 다시 너를 데려오라 말해

Call me if you get lost
umm umm umm
할 수도 없으니 이젠 Bluff
일단은 걸어 생각이 나면 yeah
Call me if you get lost
umm umm umm
원하면 Just like when we first met
일도 미루고 볼 테니까 널 umm yeah",0
128,Teddy Bear,강한국,"I'll follow you everywhere
These days, you're into Teddy Bears
내 심장을 아프게 해 너의 포니테일
왠지 너의 앞에 서면 자꾸 어리게 변해
(이게 아닌데,,)

어쩌다 보니 그만 너가 던진 미끼를 물어 버렸네
잘하던 것도 어이없게 너의 앞에 선 고장 나

Hey, please somebody help me
어떡해 이게 아닌데,,
되고 싶지 않아 그저 너의 buddy yeah
아침이면 되어줄게 너의 Teddy Bear
I'll follow you everywhere
These days, you're into Teddy Bears
내 심장을 아프게 해 너의 포니테일
왠지 너의 앞에 서면 자꾸 어리게 변해
(이게 아닌데,,)

하늘이 흐릿해 소나기
비가 오고 넌 우산도 없이 걸어가지
걷다 보니 어느새 손 뻗으면 닿을 거리
너의 이름 대신 어깨를 건드려 나의 손이
말을 건네듯 우산을 건네
손발이 오그라들지만 해야겠어 난
머리가 하얘져 심호흡 한번 yeah
고장 난 초점으로 너에게 난 말해

I'll follow you everywhere
These days, you're into Teddy Bears
내 심장을 아프게해 너의 포니테일
왠지 너의 앞에 서면 자꾸 어리게 변해

Hey, please somebody help me
어떡해 이게 아닌데,,
되고 싶지 않아 그저 너의 buddy yeah
아침이면 되어줄게 너의 Teddy Bear
I'll follow you everywhere
These days, you're into Teddy Bears
내 심장을 아프게 해 너의 포니테일
왜인지 너의 앞에 서면 자꾸 어리게 변해
(이게 아닌데,,)

평소처럼 yeah I woke up in the morning
왜 날 도와주지 않는 거야 타이밍
iphone에 알람이 떠있네
""뭐해 안자면 잠깐 나와볼래""
""oh shit""
왜 하필 어제 일찍 잠에 들어
무심하게도 너는 전화를 안 받네
ㅠ.ㅠ 지금 어디야
연락이 없는 핸드폰 흘러만 가는 시간
널 생각하는 게 당연해지는 일
내 손에 쥔 과자를 너에게 나눴지
이건 아무나 주는 게 친구한테나 주는 그런 게 아냐
What do you think? 만약
우리 같은 생각이라면
I'll run to you

Hey, please somebody help me
어떡해 이게 아닌데,,
되고 싶지 않아 그저 너의 buddy yeah
아침이면 되어줄게 너의 Teddy Bear
I'll follow you everywhere
These days, you're into Teddy Bears
내 심장을 아프게 해 너의 포니테일
왠지 너의 앞에 서면 자꾸 어리게 변해

Hey, please somebody help me
어떡해 이게 아닌데,,
되고 싶지 않아 그저 너의 buddy yeah
아침이면 되어줄게 너의 Teddy Bear
I'll follow you everywhere
These days, you're into Teddy Bears
내 심장을 아프게 해 너의 포니테일
왠지 너의 앞에 서면 자꾸 어리게 변해
(이게 아닌데,,)",4
129,"KC2 (Feat. JMIN, 김하온 (HAON))",식케이 (Sik-K),"KC
Throwing up that KC
Throwing up that KC
Throwing up that KC
KC

Tip her like a strippa
Watch my racks they getting bigga
KC, yeah, we too official
I’m a real sauce drippa
Screaming KC
Throwing up that KC

KC
Throwing up that KC
Throwing up that KC
Throwing up that KC

Throwin’ up, throwin’ up
When the bass drop you know what the f**k is goin’ on
Got the cash out million을 꺼내 챙긴 다음에는
Sinning with my European h**s
누군가는 Passed out 아니야 패싸움
다 픽픽 쓰러진다고 해
Soon as it get started
나를 Test 하지 마
너넨 배신
And I don’t know how to do that
Yeah, I got a list
오늘 밤에
Who wanna be my babe
I put a lil baddie on the table
And she tryna kiss my face
My s**t is on fleek, don’t leak
Let’s get lit
Turn your TV off
You know what I’m on

Tip her like a strippa
Watch my racks they getting bigga
KC, yeah, we too official
I’m a real sauce drippa
Screaming KC
Throwing up that KC

KC
Throwing up that KC
Throwing up that KC
Throwing up that KC

Racks on racks
Your b**ch she like my drip
Yeah, she like my d**k
Said she wanna take a lil trip
Just to get a lick
Get that dough
Never fold
I can’t f**k with rat h**s
Acting like y’all trapping, y’all ain’t trapping, y’all some p**sy h**s
B**ch I’m cutthroat
B**ch we cutthroat
Getting cheese like a rat but I ain’t never told
How you claiming that you THUG but tell on your bro
Screaming f**k the world it’s just me versus me I do my thang

Tip her like a strippa
Watch my racks they getting bigga
KC, yeah, we too official
I’m a real sauce drippa
Screaming KC
Throwing up that KC

KC
Throwing up that KC
Throwing up that KC
Throwing up that KC

나오잖아 자세 우 셋, 좌 셋
가오 잡아 안 빼 죽기엔 팔팔하네
I beat the case let me beat ‘em up
And I’m beat ‘em up again
한시름 놓았을 때
기습하지 너가 또 왔을 때는
분위기 싸해진 뒤지
넌 못 들고 다녀 네 Face
생각 못 하지 Debate
너 때문에 내 도파민이 지체해
Go listen Dopamine 지젤
네 얘긴 Nobody cares
너희들 죽을 때까지
난 존재해 일어날 때 누울 때까지 KC

KC
Throwing up that KC
Throwing up that KC
Throwing up that KC",788
130,Blue Pleasure,Hazé,"[가사 준비중] 멜론 회원 여러분! 가사 등록을 기다리고 있어요.
가사등록하기",1
131,Walk it Talk it (feat. Errday jinju),타자코비,"청소년 보호법에 따라 성인 인증이 필요한 콘텐츠 입니다. 성인 인증 후 이용해 주세요.
성인 인증",4
132,격파,광주,"어둠속에서
매우 어두운 곳에서
눈물이 흐를때에도 이 눈물을
결국은 웃음으로 헤쳐 나가리
살면서 희미한 빛이 보일때 쯤
강한 비바람이 나를 막아도
절대로 후회하지 않을거야
나의 꿈 너의 꿈 우리의 희망을 위해
잠시 아주잠시 하늘을보고
별들에게 속삭이며 아름다운 내일이 온다고
밤하늘을 내가 길들여서
찬란한 태양을 뽑아내리라
힘겨운 날들을 지나 새로운 아침을 맞이하기위한
달콤한 도전을 맘껏 즐기자
아무리 어두워도 빛은 더욱 더 밝을테니까
이 음악이 폭풍우처럼 들릴거야
그걸 부정하면 돼
나아가라 전진해라 그리고 맘껏 웃어라


어둠속에서
매우 어두운 곳에서
눈물이 흐를때에도 이 눈물을
결국은 웃음으로 헤쳐 나가리
살면서 희미한 빛이 보일때 쯤
강한 비바람이 나를 막아도
절대로 후회하지 않을거야
나의 꿈 너의 꿈 우리의 희망을 위해
잠시 아주잠시 하늘을보고
별들에게 속삭이며 아름다운 내일이 온다고
밤하늘을 내가 길들여서
찬란한 태양을 뽑아내리라
힘겨운 날들을 지나 새로운 아침을 맞이하기위한
달콤한 도전을 맘껏 즐기자
아무리 어두워도 빛은 더욱 더 밝을테니까
이 음악이 폭풍우처럼 들릴거야
그걸 부정하면 돼
나아가라 전진해라 그리고 맘껏 웃어라",0
133,"No More Love (feat.ruletheworldboi, WOLF, unknown)",고준서,"끝난 사이에 널 못 잊어
말했잖아 잘 지내 my babe
내가 어떻게 널 잊어
너 같으면 잘 지낼까 babe
야이 너가 못 잊게 해 놓고서
다른 앨 만나잖아 난 뭐 어떡해
샹리언아 너가 날 무너뜨리고서
내가 다 알아서 일어서길 바래
너도 무너지기를 바랬어 어제
사실 아니야 맘이 계속해서 변해
담배 한대 꺼내 물고 계속 puff that
지워지지 않아 여기에 내 마음 전해
너는 나에게 미련 없어
cuz u remember that freaked up
너가 원하던 걸 전부 다 줄 걸
시간들이 흘러 맘의 거리는 멀어
이제 너에게 갔던 길을 다시 돌아가
너에게 갔던 길을 다시 돌아가
아직 못 해준게 너무 많아
너가 알려줬잖아 진짜 사랑
잃어버리기 싫어 다시 돌아와
예전처럼 다시 날 꼭 안아
끝난 사이에 널 못 잊어
말했잖아 잘 지내 my babe
내가 어떻게 널 잊어
너 같으면 잘 지낼까 babe
야이 너가 못 잊게 해 놓고서
다른 앨 만나잖아 난 뭐 어떡해
샹리언아 너가 날 무너뜨리고서
내가 다 알아서 일어서길 바래
아직도 널 못 잊어서 너무 힘들어
그때 그 고집 때문에
I don't love you anymore
근데 눈 감으면 앞에 너가 아른거려 내 눈에
어두운 밤하늘 you make me star
해 뜨는 낮에 널 비추는 light
같이 걷던 길은 추억으로 자리잡는데
우리가 지금은 멀어져도
이 밤 지나기 전에는 제발 돌아와줘
내 마지막 순간은 너가 아니어도
지금은 떠나지마 전보다 훨씬 더 잘할 테니까
끝난 사이에 널 못 잊어
말했잖아 잘 지내 my babe
내가 어떻게 널 잊어
너 같으면 잘 지낼까 babe
야이 너가 못 잊게 해 놓고서
다른 앨 만나잖아 난 뭐 어떡해
샹리언아 너가 날 무너뜨리고서
내가 다 알아서 일어서길 바래",9
134,춤 !,Koo ki,"무지개 꽃이 펴
한쌍의 나비 옆

생각도 못했는데
곁에 살랑 앉았네 !

행운이 가득해
두손 모아 감사해

뭐지 오늘 운이 좋아
그냥 다 좋아

달밤에 떠오른 향
일렁이는 가로수

이런 날이 종종 있지만
놀라긴 이르지

머나먼 여행 시작
곧 만나게 될테니

거기서 지켜봐줘
언제, 나 춤 출테니

(HEY)

살랑 살랑
피어올라

살랑 살랑
춤을 추듯

살랑 살랑
피어올라

살랑 살랑
춤 추듯이

살랑 살랑
피어올라

살랑 살랑
춤을 추듯

살랑 살랑
피어올라

살랑 살랑
춤 추듯이

한송이 꽃처럼
그 향기 처럼

걸음걸음 피어나길
나 바라고 바랬네

헌데 독기 없인
이 땅에 서질 못해

나아갈 수 없네
빈번히 떨어져

의미를 찾아야만
발걸음이 떨어져

각기 다른 신호탄에
빈번히 휩쓸렸어

허나 곧 이 세상에서 나 피어날테니
그곳에서 지켜봐줘 기꺼이 춤 출테니

살랑 살랑
피어올라

살랑 살랑
춤을 추듯

살랑 살랑
피어올라

살랑 살랑
춤 추듯이

살랑 살랑
피어올라

살랑 살랑
춤을 추듯

살랑 살랑
피어올라

살랑 살랑
춤 추듯이",0
135,Life is so boring,장성우,"[가사 준비중] 멜론 회원 여러분! 가사 등록을 기다리고 있어요.
가사등록하기",1
136,Better Day,XWALLY (왈리),"아침이 밝아 눈을 뜨면 빛이 가득해
어제와는 다른 기분 yeah I’m feelin’ great
거울속에 내가 웃고 있어 made a face
Woke up
Sun on my face
Yeh it’s a better day
Confronting all of my problems
There be no escape
하늘 바라보고 말하지 난
s'il vous plaît
더 멀리 더 높이 올라 가야돼
Woke up
Sun on my face
Yeh it’s a better day

마포대교 타고 빌딩 사이로 여의도행
한번 쯤은 넘어져도
It gon’ be okay
내 안에 voices talking to me
All inside my head
지금 내 앞에 보이는 길에 집중해
끝이 안보여도 멈추지는 않아 nono
I’m working on myself everyday I gotta go go
Remember all them
깊은 Nights
She was always down to ride
Now we here boutta shine
Yeh she wanna catch a vibe
계획대로 가는건 솔직히 없지
올라갈수록 진짜들이 뚜렷하게 보이지
They don’t wanna believe the vision
I said leave it on me
삶을 소중이 다루면 우주도 반응하지
Please don’t kill my vibe
I been only grinding
I don’t play around
I don’t got the time
매일 수영하지 in a pool of dime
그녀는 loving how a young brudda shine
숨을 깊게 들이쉬어 맑은 공기를 마셔
마음 속 깊이 피어나는 이 평화로움 yuh
Smoke in the air 이 순간은 소중해
눈을 뜨자마자 느껴
오늘은 다르네

아침이 밝아 눈을 뜨면 빛이 가득해
어제와는 다른 기분 yeah I’m feelin’ great
거울속에 내가 웃고 있어 made a face
Woke up
Sun on my face
Yeh it’s a better day
Confronting all of my problems
There be no escape
하늘 바라보고 말하지 난
s'il vous plaît
더 멀리 더 높이 올라 가야돼
Woke up
Sun on my face
Yeh it’s a better day",22
137,나만이 없는 거리,포이 (POY),"난 지금 뭉게구름 위를 밟고 서 있어
저기 내가 살던 내가 없는 거리 uh
지폐는 아냐 이곳의 행복의 기준점이
뭐, 생각하기에 따라 바뀌는 여행은 걸리버

저기 나만이 없는 거리에 누가 날 찾을까
관심 병자로 만드는 상상
분명 사랑은 받는데 뭔가 부족해
외로움은 꼬리표보다 긴 꼬리로 떨어지지 않아

그래서 난 나만이 없는 거리를 떠나
날 잃어버린 세상 날 잊어버린 듯 돌아
누군가는 나를 찾고 있을까
사라진 날 아직도 아무도 모를까

이곳은 상처만큼 행복을 얻기 쉬워
차별과 사랑 원하는 걸 고를 수 있을지도
불만 있는 사람은 여전히 불만에 살아
이 망상은 오래가지 못하는 걸 알아둬

다 알아 나의 망상
구름 위를 걷는 기분이야 나의 삶
저기 나만이 없는 거리에
나를 제외한 모두가 나를 찾아준다면 말이야

If I uh uh If I yeah
If I uh uh If I yeah
If I uh uh If I yeah
If I uh uh If I yeah

애정결핍? 사랑을 갈구해
독차지한단 전제하에 부어 방부제
유치원이 가기 싫던 아이 상상력에서 시작된
이 거리에서 내가 사라진다면

날 찾는 할머니, 엄마, 아빠 uh
괜히 뭉클한데 웃기게 외로움 사라져
Think it over. If I die..
나의 죽음을 누군가는 믿지 않아 ey

장례식장엔 익숙한 얼굴들이
다 비슷한 슬픔으로 차 이 시간은 나만을 위하니까
모든 사람들 Wait 내 삶을 돌아봐
많은 사람들이 내 죽음을 슬퍼할까

음..
외로움이 내리는 병적인 판단
걱정 마 내 사고는 이상 현상을 겪지 않아
이 망상은 오래가지 못하는 걸 알아서

다 알아 나의 망상
구름 위를 걷는 기분이야 나의 삶
저기 나만이 없는 거리에
나를 제외한 모두가 나를 찾아준다면 말이야

If I uh uh If I yeah
If I uh uh If I yeah
If I uh uh If I yeah
If I uh uh If I yeah",7
138,I SA!D,Osama Ape,"I said I said I said I said I said
I said I said I said I said I said
I said I said I said I said I said
I said I said I said I said I said

They call me hell diver
all my opps are demon
이세상은 왜
나한테만 계속 *랄을 해

They don’t give a ***k about me
Hell yeah I’m geeked
Let’s play game
Who gon’ *e first? god or me?

Yo yo yo yo
This one for all my plans
****h I’m not insane
I said This one for all my plans

절대로 믿을게 못된다고 신은
They said ‘but I need’
세상 참 *같고 나도 *같지
How can I do pretty ***t

The Demons wanna be my friend
But I only choose the Succubus
돈 여자 많음 좋은데
huh not enough

If you trynna teach me
I’m pull up to your turf
Yeah I know, Ape no mercy
Yeah yeah I’m dirt

I said I said I said I said I said
I said I said I said I said I said
I said I said I said I said I said
I said I said I said I said I said

They call me hell diver
all my opps are demon
이세상은 왜
나한테만 계속 *랄을 해

They don’t give a ***k about me
Hell yeah I’m geeked
Let’s play game
Who gon’ *e first? god or me?",1
139,Winter Night Whispers,Star Whale,"[가사 준비중] 멜론 회원 여러분! 가사 등록을 기다리고 있어요.
가사등록하기",0
140,Come Thru (feat.coldcandy),가우(GOW),"baby just come thru

내가 보여줄게 너 앞에서 전부

이제 거지에서 약간은 성공

너 하나쯤은 먹여살릴 정도

쟤넨 입만 살아대서 still 뻐끔

그냥 위아래로 맞춰줄게 명품

그냥 위아래로 맞춰줄게 몇천

그 옷파는 랩퍼 오빤 접고

넘어와 just slide 그만 걷고

비가오니까 I'm in hotel

눈이오니까 I'm in 현대

시원하니까 그냥 롯데

이따 퇴근하면 나랑 놀래

604 service 입은채로 f***

난 걍 끄덕이고 너는 알아채고 꿇어

뇌 너무 받아도 난 더 gettin dumb

그냥 넌 **이고 우리 형은 쩔어

명심해 오빤 서울 city를 떠 버려서

날 갖고 싶다면 롱디

밤마다 DM 메시지 요청칸이 full

미안해 내가 낸데 call me coldie

oh jesus 난 사랑해버렸어

너무 더러운 여자를 자주 벗어

but I'm still 나쁜 놈 폰을 바로 껐어

하루 만에 까먹었어 그녀는 내게 전적 ha ha

what u gonna do 넌 호텔

여기 나가면 나 아는 척은 못해

바쁘니까 걍 나 안은 걸로 족해

가짜는 아닌데 나 인정 안해 romance

각자 가던 길로 or 내일

담엔 더 가볍게 놀고 싶니 okay

도신 차가운데 뜨거워진 돗대

나는 담배 안 피니까 나가서 계속해

baby just come thru

내가 보여줄게 너 앞에서 전부

이제 거지에서 약간은 성공

너 하나쯤은 먹여살릴 정도

쟤넨 입만 살아대서 still 뻐끔

그냥 위아래로 맞춰줄게 명품

그냥 위아래로 맞춰줄게 몇천

그 옷파는 랩퍼 오빤 접고

넘어와 just slide

Baby just come thru

Baby just come thru

Baby just come thru

Baby just come thru

Baby just come thru

내가 보여줄게 너 앞에서 전부

이제 거지에서 약간은 성공

너 하나쯤은 먹여살릴 정도

쟤넨 입만 살아대서 still 뻐끔

그냥 위아래로 맞춰줄게 명품

그냥 위아래로 맞춰줄게 몇천

그 옷파는 랩퍼 오빤 접고

넘어와 just slide",3
141,Let's bounce with us,최민섭,"lets bounce with us on the dance floor
lets bounce with us on the dance floor
lets bounce with us on the dance floor
lets bounce with us lets bounce bounce


아찔한 몸매 솔직히 목매 시커멓게 타버린
너와 나의 속내 황홀한 너의 허리 놀림은
달콤하게 내 영혼과 육신을 혼내
bodyline 따라 내 손길로 down 멈추지마
bodyshake 섹시하게 now, wow 좋아 그렇게
거친 숨소리에 주위 시선 따윈 몰라 완전 Speed out


ma fellas get your style tight ma brothas
ma ladies get your ass tight ma sistas
don't be silly 나랑 같이 즐겨봐
상관없어 그저 미친 듯이 흔들어봐
wake up 일어나 on the spot light
I'm ready for the show put your hands up
오늘 밤만은 you're ma star 주인공
음악에 몸을 맡겨 다 같이 lets put it on


we gonna party like the birthday
오 boom boom 너와 나의 hot day
we gonna party like the birthday
오 boom boom 우리만의 show night

lets bounce with us on the dance floor
lets bounce with us on the dance floor
lets bounce with us on the dance floor
lets bounce with us lets bounce bounce

left right back front
lets go like drop it like its hot
left right back front
lets go like drop it like its hot


화끈한 열기 홀딱 벗은 이 밤을 좀 더 불태울
내 이름 더스키밤 죽여주는 스타일 기억했지
검게 그대 두 귀를 물들여 줄게 지겹게
찬란한 조명 아래 달아오른 몸 이 시간을
즐기는 건 we got the going on
죽이는 기분이 술에 난 취해 살 비비는 미친
분위기에 만취돼


잠깐만 스탑 내 맘에 스파크를 튀게 한 특이한
매력에 난 푹 빠져 버려
스타킹 스모키 블랙다이아몬드 내 이상형은
섹시 핫팬츠
저 펜스 위를 넘겨 홈런 널 위해 롱런 흔들어줘
shake it nake it break it 다음 널 위한 타운
만들게 다음 차례는 너야 bounce


lets bounce with us on the dance floor
lets bounce with us on the dance floor
lets bounce with us on the dance floor
lets bounce with us lets bounce bounce

we gonna party like the birthday
오 boom boom 너와 나의 hot day
we gonna party like the birthday
오 boom boom 우리만의 show night

we gonna party like the birthday
오 boom boom 너와 나의 hot day
we gonna party like the birthday
오 boom boom 우리만의 show night",4
142,남아있어,JFMm,"stay with me forever
stay with me forever
사라지지마 남겨진 날
혼자두지마

불꺼진 방안에서
두눈을 감아봐도
보이는 잔상들은 왜
사라지질 않아

사라지질 않아 왜 자꾸 나타나 날 망가트려 왜
차라리 남아있는 것들 다 가지고 사라져줘
지금 뱉어대는 담배 연기 처럼

버리질 못해 남아 있어
내 방 모든곳에
너가 남기고 간 향기에 취해
창가에 기대어 또 지새는 밤
버리질 못해 남아 있어
내 방 모든곳에
너가 남기고 간 향기에 취해
창가에 기대어 또 지새는 밤

끝이란건 없을거라
생각했던 너와의 밤도
이젠 지나가버린
따듯했던 여름날도

불을 켜봐도 밝아지질 않아
이젠 매일이 어두울뿐이잖아
같은 곳을 바라보며 행복했는데
차가운 얼음처럼 변한거야 넌 왜

생각 조차 안했어 그저 그냥 바랬어
너가 내 곁에 있는 순간이 영원하길
너가 내게 말했던 한마디가 잠에서
계속 맴돌잖아 내가 어떻게 떠나겠어

여전히 니곁에서 떠나질 못해 계속
남기고 간 향기에 취해서
여전히 내 맘속에 자리잡은 널 못빼
아직까지도 보내주지를 못해

버리질 못해 남아 있어
내 방 모든곳에
너가 남기고 간 향기에 취해
창가에 기대어 또 지새는 밤
버리질 못해 남아 있어
내 방 모든곳에
너가 남기고 간 향기에 취해
창가에 기대어 또 지새는 밤

stay with me forever
stay with me forever
사라지지마 남겨진 날
혼자두지마
영원한 사랑하자 했잖아
근데 넌 왜
내 방 모든곳에
너가 남기고 간 향기에 취해

버리질 못해 남아 있어
내 방 모든곳에
너가 남기고 간 향기에 취해
창가에 기대어 또 지새는 밤
버리질 못해 남아 있어
내 방 모든곳에
너가 남기고 간 향기에 취해
창가에 기대어 또 지새는 밤",0
143,if (사랑 == 너) {존재 = 나},아와카게(Awakage),"꺾인 건 아래
그 아래 숨겨둔 칼 그 위에 내 마음
가지지 못해서 결국엔 부숴버렸군
이젠 필요도 없어 (맞아)
너가했던 그 말들
마지막 한 톨의 희망
기어이 갖고 간 심장

기분의 대변인은 beat 피고는 가사
아마 죄 지은 건 나
정말 기분 나쁜 일이야
우리가 다시 만나지 못할 줄이야
(정상에서) 약속은 묻혀버렸고
훗날을 기약하고파

무책임하게 또 난 그날의 기억을 지워
회피하고파서, 배가 넘 고파서
텅 빈 나를 채우려 위장 속에 뭔갈 집어넣는 건
불쾌한 짓, 알콜 만큼이나 지독한 일

잊고 취해, 잊고 취해
그 날들이 반복될 때마다 내겐
말들아 “울려 머리에”
내가 생각하는게 옳지 않지 않다고 답해주렴
나만을 위해 살아 내 말을 들어주렴

더 이상 그게 안될 때
난 진짜 너를 볼 수 있어
몇 가지 약, 상담과 진찰
그런 것보다도 난 날 부정할 때
그제서야 진짜 너를 볼 수 있어

always find another way
사랑은 느껴 나란 존잴
always find another way
가끔은 잊어 나란 존잴
always find another way
사랑은 느껴 나란 존잴
always find another way
가끔은 잊어 나란 존잴

나는 다시 사랑하고 싶어서 너를
나를 부수는 것 말곤 증명할 방법이 없어서 너를
소중히 여기란 말을 이해 못해 멍청한 나는
물 속에서 잠궈 자물쇠 사랑이 갇힌

가친 나의 곁에 이딴 음악이 증명하진 않네
그때 본 너의 눈빛은 말하는 듯해
우린 여기까지, 내 진심이 아닌
잘못나왔을 뿐인, 난 나를 속여 다시

난 언제나 기쁜 마음이었는데
이런 내 마음이 널 다치게 해
난 언제나 널 위한 맘이었는데
이런 내 마음이 우릴 불안하게

난 언제나 기쁜 마음이었는데
이런 내 마음이 널 다치게 해
난 언제나 널 위한 맘이었는데
이런 내 마음이 우릴 불안하게

always find another way
사랑은 느껴 나란 존잴
always find another way
가끔은 잊어 나란 존잴
always find another way
사랑은 느껴 나란 존잴
always find another way
가끔은 잊어 나란 존잴

사랑은 느껴 나란 존잴
가끔은 잊어 나란 존잴
사랑은 느껴 나란 존잴
가끔은 잊어 나란 존재",0
144,붕장어 (boong-jangeo),칠암일번지,"칠암일번지 장어
붕장어, 붕
붕장어, 붕장어, 붕
붕장어, 붕장어, 붕붕
칠암일번지 장어
붕장어, 붕
붕장어, 붕장어, 붕
붕장어, 붕장어, 붕붕
칠암일번지

칠암 붕장어 요리, 부산을 대표하지
이름의 유래가 마치 생긴 게 활이랑 닮아서지
한류, 난류 한데 모여 환상적인 서식지
예로부터 많이 났지, 붕장어 최대 산지
아나고 아니고, 우리말 붕장어
자산어보에서도 나오지 해대려로
확실해, 유일해, 바닥에서만 살어
먹어나 봤을까, 없어서 못 먹어, 회, 구이, 매운탕
양식은 없지, 전부 다 자연산
잡아다 왔지, 좋은 거 먹고 산
너무나 많지, 필수 아미노산
모든 남자의 필수, 자양강장

장어 털어, 장어 털어
장어 물기 쫙 빼고 털어
장어 썰어, 장어 썰어
장어 잔뼈 싹 빼고 썰어

칠암일번지 장어
붕장어, 붕
붕장어, 붕장어, 붕
붕장어, 붕장어, 붕붕
칠암일번지 장어
붕장어, 붕
붕장어, 붕장어, 붕
붕장어, 붕장어, 붕붕
칠암일번지

You know? 붕장어회
얼핏 보면 눈꽃 같기도 해
후후 불면 바로 날아갈 것 같기도 해
뼈 있어? 아니야, 비린내 전혀 없으니까 걱정하지 마
놀라지 마, 입에 넣자마자 바로 없어질테니까
그 다음은 구이, 숯불로 구운 구이
40년 양념을 입은 뒤 먹겠지, 첫입에 바로 반하겠지
칼을 잡았던 나이, 열다섯살의 아이
흔하디 흔한 국민학교 못 나온 아이
악 물고 버텼던, 붕장어 위해서 바쳤던
청춘시절 갈아내서 만들었어, 지금 가게
오십세월 녹여내서 만든 초장 지금까지

장어 털어, 장어 털어
장어 물기 쫙 빼고 털어
장어 썰어, 장어 썰어
장어 잔뼈 싹 빼고 썰어

칠암일번지 장어
붕장어, 붕
붕장어, 붕장어, 붕
붕장어, 붕장어, 붕붕
칠암일번지 장어
붕장어, 붕
붕장어, 붕장어, 붕
붕장어, 붕장어, 붕붕
칠암일번지

마무리로 먹어보자, 장어 들어간 매운탕, 후
장어 껍질, 방아, 산초, 비법들이 다 들어간, 후
걱정말고 남녀노소, 누구라도 혹 반할곳
반드시 가고픈 거기가 어디라고?

칠암일번지 장어
붕장어, 붕
붕장어, 붕장어, 붕
붕장어, 붕장어, 붕붕
칠암일번지 장어
붕장어, 붕
붕장어, 붕장어, 붕
붕장어, 붕장어, 붕붕
칠암일번지",13
145,Dying,아우릴고트 (OUREALGOAT),"거짓말
아냐
떠나지 마

아직 난
할 말이
남았잖아

후회가
된다고

몇 번을 말해봤지만

I'm Dying, Dying, Dying
서서히 죽어갈 뿐이야 내 삶은

거짓말
아냐
떠나지 마

아직 난
할 말이
남았잖아

후회가
된다고

몇 번을 말해봤지만

I'm Dying, Dying, Dying
서서히 죽어갈 뿐이야 내 삶은

잊지 못한다는 말은
더는 소용이 없어서
억지로 붙잡아보려 해 난 구차한 놈처럼

널 위했던 나의 맘은
변해본 적이 없어
알잖아 언제나 나보다 네가 먼저였어

이 기나긴 시간 지나도
좀처럼 괜찮아지지 않아서

지금 내 모습을 봐
툭 치면 그냥 쓰러질 것 같잖아

거짓말
아냐
떠나지 마

아직 난
할 말이
남았잖아

후회가
된다고

몇 번을 말해봤지만

I'm Dying, Dying, Dying
서서히 죽어갈 뿐이야 내 삶은

거짓말
아냐
떠나지 마

아직 난
할 말이
남았잖아

후회가
된다고

몇 번을 말해봤지만

I'm Dying, Dying, Dying
서서히 죽어갈 뿐이야 내 삶은",206
146,"얌전한 고양이 부뚜막에 먼저 올라간다 (Remix) (Feat. SINCE, Ash-B, Polodared)",Luci Gang,"폴로는 얌전한 고양이 한마리가 아니라 백두산 호랑이
난 브레이크가 고장난 8톤 트럭 그녀들 나한테 치여 like 고라니
로맨스 스캠 피싱으로 낚아버려 그녀는 쏘가리
하도 날 쫓아다니더니 she say 나갔대 도가니

얌전한 고양이 한마리
부뚜막에
먼저 올라가지
더는 못참아 사장님
난 더 많은 돈을 바래왔지
얌전한 고양이 한마리
부뚜막에 먼저 올라가지
난리를 쳐 여긴 내자리
넌 두손 두발 다들었지

이건 놀이 놀이 놀이 놀이 놀이
난 머릴 꼴래 더 더 like 브로콜리
미용사 언니 언니
그녀의 부드러운 솜씨
좋아 죽어 난 추운겨울 무더위

개소리하는 놈 목줄을 걸어
아무한테나 꼬릴 흔들지 나와는 천적
달렸더니 열이 올랐어 39도
ice 녹은 rapper들 발자국소린 첨벙
판 벌려 뒤엎어 돈 쓰고 또 벌어
내 style은 도끼라도 못 훔쳐
잡종 길고양이 Luci 뼛속까지
순종하려면 토하는 습성

Excuse me I'm so sorry
but you so boring
Watch this mukbang today
I'm gonna eat you like Trolli
사연팔이같은건 질색이야
I ain't your Mary Poppins
눈물 쥐어짜는 EX에게 전해
니가 원하는건 손에 쥐여줄순 없으니

이효리처럼 10 minute
아니 hook이 나오기도 전에 내다 꽂지
문과 출신 내가 참이란 걸 증명해내
그저 이건 어린애들 놀이
약장순 떨어져주길
사시사철 난 가루 알레르기
어둠 속 태양처럼 솟아오르는 걸
봐봐 여긴 이미 정동진

얌전한 고양이 한마리
부뚜막에
먼저 올라가지
더는 못참아 사장님
난 더 많은 돈을 바래왔지
얌전한 고양이 한마리
부뚜막에 먼저 올라가지
난리를 쳐 여긴 내자리
넌 두손 두발 다들었지

이건 놀이 놀이 놀이 놀이 놀이
난 머릴 꼴래 더 더 like 브로콜리
미용사 언니 언니
그녀의 부드러운 솜씨
좋아 죽어 난 추운겨울 무더위

나와 있으면 Pop pop
소리도 왈왈 내게 돼 잘

날 보며 사타구니 안 탁탁
죽쳐 매일 밤 홍대 Drop top

Ash는 바빠
On my plate lob lob
비싼 것만 처먹어
わたしは star

저 새낀 뒷짐
I love my *******
고양이 상에 잘나가는 년이랑 Lalala

Make it grra
예쁜 얼굴 날 보고 Wow
엄마랑 놀러 가 인천 롯데 루이
이년들 월세나 내줄까?

처먹은 것도 없는데 넌 '켁'
네가 Hot cake? 응 니 엉덩인 flat
흔해빠진 쟨 가슴팍에 GAP
구찌 프라다 입어도 구린 네 Swag

나보다 못 버는 트랩퍼들 빼
니네가 망한 걸 힙합 탓해
힙합이 아닌가 난 Counting racks
거지 래퍼들 매일 거짓말

또 뻥이고
난 포기요
삶의 허비요
난 스튜디오

화 좀 풀어봐, 우리 오래 보려면 말이야
산은 산이요 물은 물이로다

얌전한 고양이 한마리
부뚜막에
먼저 올라가지
더는 못참아 사장님
난 더 많은 돈을 바래왔지
얌전한 고양이 한마리
부뚜막에 먼저 올라가지
난리를 쳐 여긴 내자리
넌 두손 두발 다들었지

이건 놀이 놀이 놀이 놀이 놀이
난 머릴 꼴래 더 더 like 브로콜리
미용사 언니 언니
그녀의 부드러운 솜씨
좋아 죽어 난 추운겨울 무더위

얌전하게 올라가네 저 위로
겁쟁이는 구경만 해 show window
너무 꽉 차대 나의 오디오
그럴수록 난 더 채워 고밀도
내 얼굴엔 기름져 like 올리오
먹을게 많아 다이어트를 미뤄
살 찐 목 가려 목걸이로
이거 못된 고양이 아니고 Dior

feelin' like 루시갱
날 모름 간첩 혹은 무식해
dancin' like 푸시캣 돌스
눈길을 끌어 모아 눈치게임
내 한방 묵직해
얕보던 개새끼들 때려 눕히네
보란듯이 누가 이겼는지 확인시켜 너네
눈깔을 뒤집어 like 부침개

SINCE는 바닥을 leave
멈추는 법을 몰라 only
달리고 달려 하니같이
머리가 닿게 하늘까지
시간이 어떻게 흘러간지
모를정도로 늘 빡세게 굴러왔지
꾸준하게 덩치를 불려가지
볼일은 없을거야 내 곤두박질

얌전한 고양이 한마리
부뚜막에
먼저 올라가지
더는 못참아 사장님
난 더 많은 돈을 바래왔지
얌전한 고양이 한마리
부뚜막에 먼저 올라가지
난리를 쳐 여긴 내자리
넌 두손 두발 다들었지

이건 놀이 놀이 놀이 놀이 놀이
난 머릴 꼴래 더 더 like 브로콜리
미용사 언니 언니
그녀의 부드러운 솜씨
좋아 죽어 난 추운겨울 무더위",944
147,1225,LEON (딥상어),"끝나버렸지 아쉽게
너가 없인 어떻게 살아가야하지
Day by day
같이했던 시간 속에 넌 너무 예뻤어
사랑했었던 너에게
남겨줄게 이 노랠 쓰고 있어 편지지에
너에게 하지 못한 말들이 너무 많은데
Oh baby 예전처럼 넌
환하게 웃어줄래
마지막으로 너를 기억할 수 있게
Oh baby 아직 마주할
준비가 안됐는데
이별은 첫눈처럼 내게 다가오네

Oh Merry Christmas
같이 있기로 했던 날
지키지 못했어 미안
이제 난 가야 돼 Ooh
Oh Merry Christmas
같이 있기로 했던 밤
우리는 헤어졌지만
항상 넌 행복해야 돼

추운 거 싫어했던 너
그 목도리는 따뜻해?
선물로 줬었지 우리 헤어진 그날 밤에
미안해 이것밖에 더는 해줄 수가 없겠네
다신 볼 수 없겠지 한여름 밤의 꿈같아
흐려져가네 너의 모습이
기억해 내려 해 하루 종일
같이 찍은 사진 봐
다시 너가 돌아올까
Oh baby 예전처럼 넌
환하게 웃어줄래
마지막으로 너를 기억할 수 있게
Oh baby 아직 마주할
준비가 안됐는데
이별은 첫눈처럼 내게 다가오네

Oh Merry Christmas
같이 있기로 했던 날
지키지 못했어 미안
이제 난 가야 돼 Ooh
Oh Merry Christmas
같이 있기로 했던 밤
우리는 헤어졌지만
항상 넌 행복해야 돼

Merry Christmas :)",254
148,그래서 난 몇 점이야,흘림,"24시간 중 내가
너랑 보내는 시간이
그리 짧지 않은데
뭐가 또 불만족인 거야
원하는 건 뭐든
다 해주고 있잖아
불안하게 왜 그래
내가 뭘 잘못한 거야
너의 기분을 물어봐도
답변은 항상 괜찮음
근데 뱉은 말과 반대로
지금 네 표정은 언짢음
그래서 나 지금 어떻게 행동해야 해
나는 추위를 잘 타서
이 분위기 감당 못해
계속 그런 표정 지을 거면 음...
계산하고 나가자
24시간 중 내가
너랑 보내는 시간이
그리 짧지 않은데
뭐가 또 불만족인 거야
원하는 건 뭐든
다 해주고 있잖아
불안하게 왜 그래
내가 뭘 잘못한 거야
무의미한 시간만 흘러가는 중
무의미한 시간만 흘러가는 중
무의미한 시간만 흘러가는 중
무의미한 시간만
이상적인 판단을 로딩 중
이상적인 답변을 로딩 중
이상적인 행동을 로딩 중
내 작은 생각주머니로는
하나도 이해가 안 돼서 그래
일단 진정해 봐
눈에 힘 좀 빼라 튀어나오겠다
삐져나온 입 넣고
이성적인 대화를 나눠보자꾸나
그래서 그랬구나 날씨가 문제구나
잠깐 잠깐 잠깐 여기서 문제
그게 내 점수가 낮은 이유?
나의 잘못을 물어봐도
답변은 항상 뭐 없음
근데 뱉은 말관 반대로
지금 네 표정은 초지일관 언짢음
그래서 나 지금 어떻게 행동해야 해
나는 해답이 없어서 이 문제를 풀지 못해
계속 그런 표정 지을 거면 음...
그냥 집에나 가자
24시간 중 내가 너랑 보내는 시간이
그리 짧지 않은데
뭐가 또 불만족인 거야
원하는 건 뭐든
다 해주고 있잖아
불안하게 왜 그래
내가 뭘 잘못한 거야
그래서 네가 내게 매긴 평점은
5점 만점에 그냥 딱 2점
평가란에 쓰여있는 너의 코멘트는
분발 혹은 그냥 마침표.
과연 있을까 내게 이점
나는 그냥 네 삶의 찍힌 오점
오점 오점 •••
24시간 중 내가
너랑 보내는 시간이
그리 짧지 않은데
뭐가 또 불만족인 거야
원하는 건 뭐든
다 해주고 있잖아
불안하게 왜 그래
내가 뭘 잘못한 거야",122
149,한 번 두 번,파사딕 (Posadic),"한 번 두 번도 아니고
기다리네 널 아직도
이렇게 이렇게 이렇게 널 보내지 또
한 번 두 번도 아니고
이게 맞나 참 많이도
아직도 왜 아직도
정신 못 차리는 내가 참 바보야

지금 뭐 해? 새삼스럽게
보낼까 어디에? 있겠지 멀리에
보고 싶은 걸 참어 네 컷 찍은 걸
보니 더 이쁜 걸 내 눈이 멀게

더 이쁜 여자애들은 널렸다는데
더 좋은 여잔 많단 것도 아는데
의미 없게 들려 부질없네
니가 아닌데

한 번 두 번도 아니고
기다리네 널 아직도
이렇게 이렇게 이렇게 널 보내지 또
한 번 두 번도 아니고
이게 맞나 참 많이도
아직도 왜 아직도
정신 못 차리는 내가 참 바보야

한 번 두 번 다시 또
기다리네 아직도
한 번 두 번 다시 또
후회해 참 많이도

바다 건너 800키로
보낼 수 없어 이대로
너와 내 800일
그게 당연했었는데도
너 없는 오른팔에
허전한 왼손엔
너 말곤 여길 들어올 사람은 없는데

my babe 빌게
구차하지만 이렇게
이젠 곁에..
아니 상상하기도 싫은데
oh babe 후회해 그땐 그땐 (woah)

한 번 두 번 다시 또
기다리네 아직도
한 번 두 번 다시 또
후회해 참 많이도

한 번 두 번도 아니고
기다리네 널 아직도
이렇게 이렇게 이렇게 널 보내지 또
한 번 두 번도 아니고
이게 맞나 참 많이도
아직도 왜 아직도
정신 못 차리는 내가 참 바보야",84
150,회전,brightstone,"[가사 준비중] 멜론 회원 여러분! 가사 등록을 기다리고 있어요.
가사등록하기",0
151,고백은 새벽에 대답은 아침에 (feat.노훈),데니스프로젝트,"이건 널 위한 고백 Midnight Session
오직 내 눈에만 Sweet Obsession
거부할수 없게 My Confession
보여주고 싶어 It's My Fashion

이건 널 위한 고백 Midnight Session
오직 내 눈에만 Sweet Obsession
거부할수 없게 My Confession
보여주고 싶어 It's My Fashion

어색 할 줄 알았던 우리의 첫 만남
난 그때 알아봤어 넌 정말 달라
I Wonder Every Night Walking The Same Line
너와 같은 삶을 살고 싶어 Yeah We Find

적당한 거리 따스한 온기
너의 에너지에 난 매일 불타오르지
할말이 많아 매일 당장 나와
매일밤 너와 Driving Me Crazy

꽤 많은것을 우린 공유하고 있고
너로 인해 깨어난 새로운 Ego
더 이상 말이필요 없지 No Amigo
그 이상을 원해 Here We Go

밤새 뒤척이다 어느덧 새벽
네 생각에 잠못 이뤄 그리움만 커져
어색한 웃음 뒤에 내 맘을 숨겨
친구라고 했지만 내 마음 감출 수 없어

이건 널 위한 고백 Midnight Session
오직 내 눈에만 Sweet Obsession
거부할수 없게 My Confession
보여주고 싶어 It's My Fashion

이건 널 위한 고백 Midnight Session
오직 내 눈에만 Sweet Obsession
거부할수 없게 My Confession
보여주고 싶어 It's My Fashion

이건 널 위한 고백 Midnight Session
오직 내 눈에만 Sweet Obsession
거부할수 없게 My Confession
보여주고 싶어 It's My Fashion

이건 널 위한 고백 Midnight Session
오직 내 눈에만 Sweet Obsession
거부할수 없게 My Confession
보여주고 싶어 It's My Fashion

함께 했던 모든 순간 잊혀지지 않아
너와의 대화 눈빛 함께 웃던 시간
매일밤 꿈속에서 너를 만나
더 이상 숨길수 없어 용기를 내볼까

아주 깊은 밤을 지나 진심을 담아
조심스럽게 고백하고 싶어 Right Now
잠든 너에게 전화를 걸어
지금 내 마음을 속삭이고 싶어

아침에 깨어나면 네 대답이 궁금
내 마음을 받아줘 불러 내 이름
두려움과 설렘 심장이 쿵쿵
후회없이 내 마음을 전하고 싶어

새벽녘 널 향한 진심을 담아서
So Nice 내 맘은 하늘을 날아서
잠든 너에게 전화를 걸어
대답은 아침에 나 지금 심각해

이건 널 위한 고백 Midnight Session
오직 내 눈에만 Sweet Obsession
거부할수 없게 My Confession
보여주고 싶어 It's My Fashion

이건 널 위한 고백 Midnight Session
오직 내 눈에만 Sweet Obsession
거부할수 없게 My Confession
보여주고 싶어 It's My Fashion

이건 널 위한 고백 Midnight Session
오직 내 눈에만 Sweet Obsession
거부할수 없게 My Confession
보여주고 싶어 It's My Fashion

이건 널 위한 고백 Midnight Session
오직 내 눈에만 Sweet Obsession
거부할수 없게 My Confession
보여주고 싶어 It's My Fashion",1
152,Our Time,나승우,"Baby, it's our time
I can't just waste my life
Bought two racks of Louis Vuitton
Why don't you be my half right now

You kill me every night that I see you front your house
You make me feel excited
So be my wife right now

Right now
I can't wait to

See your body
Want you to stay all night

On my arms
Don't you love me quite a lot?

So stay around my life

우린 매일 서로의 곁에 있었기에 안 성급해
Don't be silly 난 일일히
박자를 세 그대의
발걸음에 내 발을 맞춰
너가 말할 땐 항상 내 마음을 받들어

상처투성이였던 매일밤의 날
녹였었던 너는 마치 like a fire uh

People around me
남자들은 다 date a girl

Why don't we start a relationship
I'm ready for the show

준비는 됐으니 Reply on
Why you so sticky?
Just try on
밤마다 침대에 누워 네 생각뿐인 새끼
That's my own uh

Baby, it's our time
I can't just waste my life
Bought two racks of Louis Vuitton
Why don't you be my half right now

You kill me every night that I see you front your house
You make me feel excited
So be my wife right now

Right now
I can't wait to

See your body
Want you to stay all night

On my arms
Don't you love me quite a lot?

So stay around my life",3
153,Murphy's law (Prod. PhreDdy M.),귀쇼 (Guishaw),"Why does bad thing always only
happen to me like Murphy's Law
Heavy raining, always storming,
only at times where’s my umbrella
hah hah hah hah,
so exhausted, please stop it now
Turn turn it on and lemme know that
how to get like lucky strike

Ain’t no your booty booty booty
Shake that booty booty booty
Ain’t no your booty booty booty
Shake that booty booty booty

너무나 걸림돌 많아 도대체 디딤돌 뭐하나
Not all damm things come as surprising, cuz
that's all part of my bad karma
Can't stop bothering me, tho’
Ain’t no right to lemme withdraw
Don’t let out a menacing growl and
lemme forget my tales of woe

Ain’t no prophet but seems unfair shit
All this situation, that’s so harsh
think all is bullshit? am I a jackass?
call me a black sheep? said have a bit of hush?

Ain’t no your booty booty booty
Shake that booty booty booty
Ain’t no your booty booty booty
Shake that booty booty booty

Why does bad thing always only
happen to me like Murphy's Law
Heavy raining, always storming,
only at times where’s my umbrella
hah hah hah hah,
so exhausted, please stop it now
Turn turn it on and lemme know that
how to get like lucky strike

Hakuna Matata ta ta
I really don’t wanna get down
Hakuna Matata ta ta
Murphy's the bane of my life
If you’re the one supreme being,
please give me a luck
If you’ve the heart with mercy,
pick a fourleaf clover

One in a million, if you are a brilliant,
cuz I get better, so give a right opinion
that is so radiant, better than guylian
I’ll do my ass off best like someone who is valiant

Ain’t no your booty booty booty
Shake that booty booty booty
Ain’t no your booty booty booty
Shake that booty booty booty

Why does bad thing always only
happen to me like Murphy's Law
Heavy raining, always storming,
only at times where’s my umbrella
hah hah hah hah,
so exhausted, please stop it now
Turn turn it on and lemme know that
how to get like lucky strike

비나이다 비나이다 천지 신령님께 비나이다
비나이다 비나이다 천지 신령님께 비나이다
비나이다 비나이다 천지 신령님께 비나이다
비나이다 비나이다 천지 신령님께 비나이다",0
154,NONSTOP (feat. Weedie Mane),카라신 주니어,"nonstop baby
you don't stop
beg on new star
maybe just trust
my vibey longer
the bad thing no more
all just drama
Ignore grammar baby

you
네게 줄게
이번엔 좀 더
i'll give you 두배로
cross 갖고와 난 거룩해
이젠 기쁘지 늘어도
짊어진 무게
얼른 나를 데려가
stoner why you lower
my team is it's so nice
그 눈빛
날 관통해
지구처럼
계 turn around
The torque value goes up
기분 똑같이 비례해
갈수록 빛나
또 웃어
난 jackson 처럼 beat it 해
흘렸던 땀 방울은 연금술 돼 보석
모래속에서 겨우 찾아냈지 빨간 potion
wav 덮칠때 흘러가게 계속 노저
sorry my daughter
but I never give up no more
I never give up no more
I never give up no more
I never give up no more

nonstop baby
you don't stop
beg on new star
maybe just trust
my vibey longer
the bad thing no more
all just drama
Ignore grammar baby

할까 말까 하는
그런 고민 나는 never
누를까 말까 하는
순간 당겨 그냥 lever
될대로 다 돼
그냥 시간 안보네
딛는대로 갈게
벌써 지나간 고개

여전히 입 앞에는 마이크
천장이 하늘 닿인 방
새벽까지 외쳐되던 날
매일 어김없이 난

no matter
우린 돈.
난 가질껀 다 가졌으니
더 자유롭지 더
이젠 올라갈 일 밖에 없는데 머
thank you my daughter
and I never give up no more

nonstop baby
you don't stop
beg on new star
maybe just trust
my vibey longer
the bad thing no more
all just drama
Ignore grammar baby

I never give up no more
I never give up no more
I never give up no more
I never give up no more . . . . .",2
155,작업하기 싫다,신현진,"아 정말 작업하기 싫다
어쩜 이리도 싫을까
귀차니즘이 도졌나 봐
폰으로 유튜브나 볼까

아 정말 작업하기 싫다
어쩜 이리도 싫을까
침대는 쳐다보지 말자
한번 누우면 게임 끝나

난 누우면 침대 지박령
그러니 컴퓨터나 키자
할 것도 없으니 그냥 저냥
빨리 작업이나 하자

Let’s get it on
누가 좀 대신 해줘

아 정말 작업하기 싫다
어쩜 이리도 싫을까
일하기 싫을때는 그냥
안하면 안되겠지 젠장

아 정말 작업하기 싫다
어쩜 이리도 싫을까
남들도 이렇게 살까
나만 이렇게 사나

연애 할래도 할 사람 없고
영화 볼래도 볼 영화 없어
할 것도 없으니 그냥 저냥
빨리 작업이나 하자

Let’s get it on
누가 좀 대신 해줘

Let’s get it on
(Ya ya ya)
누가 좀 대신 해줘

아 정말 아 정말 아 정말 아 정말 아 정말 아 정말 아 정말 아 정말
아 정말 아 정말 아 정말 아 정말 아 정말 아 정말 아 정말",0
156,전국최초! 청소년관장,유현우,"난 전국 수련관 최초로
당선된 청소년 대표
민주적인 방법으로
투표했고 선출됐어

이제부터 내가 앞장 설게
다음 plan은 내가 설계
멀게 느껴져도
너희들의 옆에는 항상 가까운 존재

공유우산 우비 필요없어
무비타카 티키타카로 만족 증가
관심 증가 즐거운 공간 우리만의 공간
우리들의 성장
한층더 발전 ay
하남시 풍산 사람들 hey
너무 좋아 아우성 ay
너무 좋아 아우성 ay 아우성 ay

바로 내가 전국 수련관 최초
최고로 멋진 바로 내가 원조
청소년 관장 모두들 환장
친구들과 함께 하청수 가자
모두들 함께 하청수 가자
청소년의 의견을 들어보자
즐거운 공간 같이 가자
청소년관장 let’s go!

하남시 청소년 수련관에 찾아가
같이의 가치를 실현하는 나를 봐
너와 나의 가치는 같지 않지만
각자의 가치가 의미 있지
같이 가 수련관에 달려가 친구들과 빨리가
청소년관장과 같이 마치 하늘 나는 거 같지
못하겠다면 닷지, 하겠다면 함께 달리지
마일리지 쌓이는 느낌 Let's go

바로 내가 전국 수련관 최초
최고로 멋진 바로 내가 원조
청소년 관장 모두들 환장
친구들과 함께 하청수 가자
모두들 함께 하청수 가자
청소년의 의견을 들어보자
즐거운 공간 같이 가자
청소년관장 let’s go!",1
157,Runnin' down the street,퓨플즈 (Pupilz),"Runnin' down the city on my own feet
No Seat belt 그냥 번지
불나방 화염 속에 몸을 던지다 보니 이제 왔지 내 시간이
We on fire bitch
Damn Fuckboys down on the ground, 철새들은 튀었지만 난 아직까지도 건재
두 팔 벌려 맞아 위기 만세로 한탕 뒤에 내 우리와 나누는 건배

바뀐 건 Nothin', All white on my feet

안되기를 바랬던 새끼들 탄식
하게 만들거야 bounce back 내 방식
안될 새끼들 따라오게 돼있어 차피

너무 당했어 억까 언팔 걍 fuck ya
내 라이브 네 마디 네 선입견 걍 벗겨
하던 대로 해, my vision way above ya
하늘 아래 나만한 새끼가 없어 Big Pipuh

I'm done with'em hoes 씬에 발도 못 들인 새끼가 어느 안전이라고 입 털어
This game done, rain on me, 하나 둘 셋 세면 소원이 떡하니 소년아 돈 벌어
난 1사단 GOP 오직 앞으로 전진

I feel like fire fighter 화염 앞에 던지네

Yo kick that shit, it’s Pupilz on da beat
Big ravens Pipuh & HYOI right here

Livin' like I'm LOB, Rapstar shit Pay는 배로 뛰지
짜바린 내려 이 씨벌, 니 Flow from 테무 bitch, 쳐맞기 전에 자리 내놓길
난 Iphone 18 넘어 19 넌 갤럭시, 쥐새끼처럼 I be stackin’ my cheese
우린 아직도 배고프지 가봐야겠어 서울 제일 높이

Now Big HYOI lessgo

어떻게 그리 말이 많니 너흰 머리카락보다 혀가 길어
I been flexin on this bitch 랩이 쉬워
내가 뱉는 거 iconic, life been dirty 24년도 씹새끼s testin me
난 넘 다른 bitch 안될 새끼는 hatin
도시가 좆같을땐 Pipuh 델꼬 글램핑
돈으로 못 사 loyalty, this shit ain’t bluffin
돈 받는 공연 아니면 I ain’t clubbin

떼인 돈 받으러 왔다 시발 I ain't clubbin', 내 발로 돌아왔지 사기꾼 판치는 거리
I'm done with these mofuckas 뻔뻔한 꼴이
내한테 뭘 맡긴 듯이 구네 이 쩌린
열 여섯 마디에 갖다 박아 내 청춘
아무 비트 예산 가져오면 바로 접수

Iss P mofucka, Iss HYOI mofucka
Pupilz on the beat
We own it mofucka lessgooo",5
158,Slaughter Flow,Aron X,"[가사 준비중] 멜론 회원 여러분! 가사 등록을 기다리고 있어요.
가사등록하기",0
159,Call you my name (Feat Jae-ho),syxc,"(Hook)
Call You My Name
As You Den in Fall in Love
Call you my name
A see you den Rose Her

(Verse1)
Love’s a battlefield,
roses on the ground
피로 물든 꽃잎은
슬픔에 drown
우린 서로를 못 놓고
싸우면서장미처럼 피어나길 바라며

(Verse2)
Roses are red but it bleed
사랑은 달콤 아픔도 심지
우린 서로를 원하면 밀어내
Like fire rise
Love is is rose
장미는 피어나지만 가시에 찔려
너와 나의 추억들이 날카롭게 갈려
I give you my heart, but you tear it apart
전쟁 같은 사랑은 어디서 start?

(Hook2)
Call You My Name
As You Den in Fall in Love
Call you my name
A see you den Rose Her",4
160,Loving you,우주,"다시 사랑해도

너를 믿을 순 없어

다른 사랑해도

너를 잊을 순 없어

I'm loving you, girl

You are so beautiful

우연히 처음 본 순간

너가 웃고 있었던 아름다운 네 모습

그 누구보다 아름다웠기에

이 손을 놓지 못해

난 최선을 다한 거 같은데

내가 좀 부족했었나 봐

이젠 그냥 나를 좀 봐봐

바보 되어버린 너와 나

망가져버린 너와 나잖아

이렇게 닮아가는 너와 나잖아

이렇게 닮아가잖아

내가 했던 말이잖아

다시 사랑해도

너를 믿을 순 없어

다른 사랑해도

너를 잊을 순 없어

I'm loving you, girl

You are so beautiful

잠이 오질 않아

네가 떠난 후로

누가 뭐라고 해도

난 너 하나뿐인 걸

함께 보냈었던 we all night

다시는 오지 않을 we all time

네가 없어진 내 하루는 너무 무서워

너 옆에 있는 사람은 안 부러워

내 노랠 듣고 잠시나마 괴롭게

아주 외롭게

너는 좀 해로워

아프진 않아도 아픈 것만 같애

이런 날 알지도 못하는 너잖아

또 내가 문제가 되었잖아

문제를 푸는 게 내 숙제야

오늘까지 다 풀어야 하잖아

다시 사랑해도

너를 믿을 순 없어

다른 사랑해도

너를 잊을 순 없어

I'm loving you, girl

You are so beautiful

다시 사랑해도

너를 믿을 순 없어

다른 사랑해도

너를 잊을 순 없어

I'm loving you girl

you are so beautiful",7
161,2025FREEYO,Tray B,"난 이 세대의 새로운 바람 마치 코요태
난 이 세대의 새로운 미친놈이야 어쩔래
난 남의 여자가 너무 좋아, Pull up on yo bae
날 니 동네에 부르지 마, 다 죽여버리기 전에

FREEYO
FREEYO, 고생 끝에 낙이 와요
못 봐요, 못 봐요
너네를 볼래야 못 봐요
없어요, *라 못해서 난 가만히 볼 수가 없어요
비가 와요, 비가 와요
너네들 인생에는 비가 와요

너네들 인생에 비가 온 다음에
피는 무지개는 바로 나야
난 너 같은 새끼랑 어울릴 수가 없어
왜냐면 이게 바로 나야
I don’t f*ck with nobody 너네는 너무 말랑
너의 아웃핏을 보면 내 눈깔이 아파
She call me a daddy, I smoke your papa
Don't callin' my phone, 돈 버느라 바빠

OMG, ㅈ됐어, 너네 인생은 다 ㅈ됐어
요즘 래퍼들은 마야 입어야 돼
너네 엄마 신용 ㅈ됐어
우리를 봐, 진흙탕에서 우리는 *나 멋있게 꽃 됐어
너네를 봐, 래퍼라더니 내가 볼 때는 너네 다 꼬치 뗐어

DIRTY PLAY, YEL, We gon' pull up on yo, huh huh
DIRTY PLAY, YEL, We gon' smokin' on yo, huh huh
DIRTY PLAY, YEL, We gon' f*ckin' on yo, huh huh
DIRTY PLAY, YEL, We gon' pull up on yo
Yeah, yeah, pull up, pull up
pull up, pull up
pull up, pull up
pull up, pull up on your set
새로운 바람 코요태, hold on, hold on
DIRTY PLAY, YEL pull up on your set

She wanna be my baby mama, I can't throw away
적들은 원해 날 뛰어넘기를 난 far away
150 짜리 래퍼들한테 내가 왜?
가서 전해 니가 대체 뭘 할 수 있는데

난 가만히 있어도 내 브라더가 널 공격해
WTF, 어떡해?
2025년 빨리 와라 *발 FREEYO
2025년 콜벳 타고 달려 청주로
Skrr skrr skrr skrr",152
162,100%,TOVE,"무너진 맘을 애써
붙잡고 있어 매번 sos
내일이란 희망마저
날 놓을 것 같은 느낌에

머릿속은 불안의 포화상태
마치 갈대밭의 미로 비상사태
이겨낼 수 있어
SO 청춘이라 하나 봐

많이 넘어지고
많이 아파하자
흥미로운 이야기가 될 테니
우리를 둘러싼
높은 건물들도
한때는 텅 빈 시멘트였잖아

hunnit% it's okay
Do your best
Cause i got youth
be full of youth
터뜨려 champagne
내 미래엔
a bed of roses
달콤하게 taste ""hit""
hunnit% it's okay
(Ah~)
터뜨려 champagne
(Ah~)


do your best
imagine dreams come true
이 말에 토를 달고 싶지 않아도
뭘 해도 다 망치기만 해
결국엔 나만 다치기만 해
해는 이미 떠있는데
커튼을 친 채 살아가는 걸까
주변 친구들은 올라가는데
나만 제자리걸음인 것만 같아

많이 넘어지고
많이 아파하자
흥미로운 이야기가 될 테니
우리를 둘러싼
높은 건물들도
한때는 텅 빈 시멘트였잖아

hunnit% it's okay
Do your best
Cause i got youth
be full of youth
터뜨려 champagne
내 미래엔
a bed of roses
달콤하게 taste ""hit""
hunnit% it's okay
(Ah~)
터뜨려 champagne
(Ah~)

가끔 좀 못하면 어때
다음엔 더 잘하면 돼
한 번뿐인 소중한 인생
하고 싶은 거 다 하면 돼
누구나 다 처음은 있어
겁낼필요없어
지금처럼만
oh 지금처럼만
Do your best

hunnit% it's okay
Do your best
Cause i got youth
be full of youth
터뜨려 champagne
내 미래엔
a bed of roses
달콤하게 taste ""hit""
hunnit% it's okay
(Ah~)
터뜨려 champagne
(Ah~)",46
163,GTD,Sycho(사이코),"Ima go ahead and get this done
끝나기 전엔 간단히
죽을 순 없어 메피스토
죽더라도 깨어나야지
Ima get this done done done
Ima go ahead and get this done
끝나기 전엔 간단히
죽을 순 없어 메피스토
죽더라도 깨어나야지
Ima get this done done done

첫 가사 내겐 큰 의미가 아니었나 봐
dont 'member a word from it
시작은 아주 미니미
그저 찍고 뱉을 뿐 like 땡처리
그대로 하루 온종일 뱉어댔더니
더 이상은 아니게 된 엔조이
no back, no path, don't care
더 이상은 눈에 뵈지가 않게 된 다른 길 no cap
돈 수천은 부었을 엄마 아빠 미안해
지금 바닥치지만 모래시계처럼 바꿀 예정 위아래
점점 잘 풀려가, 실타래
쓰다듬어야지 내 대가리
분당에서 내 나와바리 팽창이
태국까지 닿게 퍼스트 클래스 예약이
필요한 부분 눈이 오든 비 오든
gotta show up on the studio
갚을 빚이 많아 아무리 니가 가라
하와이 해도 안가 절대 뒤로
뺄 수가 없어 this the only one i got
이왕 할 검 목푠 히말라야
보다 더 위로 no P on this track
here we go

Ima go ahead and get this done
끝나기 전엔 간단히
죽을 순 없어 메피스토
죽더라도 깨어나야지
Ima get this done done done
Ima go ahead and get this done
끝나기 전엔 간단히
죽을 순 없어 메피스토
죽더라도 깨어나야지
Ima get this done done done

다 다 다음번 입에 올릴
시간에 한 번이라도 더
마이크 앞 자리 잡아 신나게
한 사바리 뱉어 like don don don dadada
ah ah ah ahahah
what you know 'bout my s*** I've done
if not, shut that b****-ass s*** up
okay
관심 없어지는 니 인스타스토리
현실 내 얘기는 *도 없어짐
집 학원 작업실 집 학원에서 작업실
근데 마음이 더 편해져 what an irony
누가 내 출신이 아니래 거리
니 말이 맞아 근데 어쩌게 **
랩으로 말해봐 u talk too much
고작해야 내는 싱글 한두 번
애**들 발매 **게쉬워
what the f*** is up with my popsicles
침튀기다 마이크 빨아 재낄 뻔
헤이러들에게 항상 개 띠껍게
죽지도 않고 돌아 오네
회전목마 처럼 빙글빙글
Ima go ahead and get this done right now
지금까지 충분히 숨죽여왔잖아
지하방에서 눈 충혈된 상황
비례해서 올라가는 텐션은 못 막아
조 씨 집안 아픈 손가락
알고 보니 대상혁 엄지였다나
이제 편해 혼자가
내 멋대로 *대로 쪼대로 맘대로

go ahead and get this done
끝나기 전엔 간단히
죽을 순 없어 메피스토
죽더라도 깨어나야지
Ima get this done done done
Ima go ahead and get this done
끝나기 전엔 간단히
죽을 순 없어 메피스토
죽더라도 깨어나야지
Ima get this done done done",13
164,The Race,박시온,"[가사 준비중] 멜론 회원 여러분! 가사 등록을 기다리고 있어요.
가사등록하기",0
165,동보아파트,Mantic,"또다른 하루가 지났네, 얼마나
더 많은 한숨과 비난 뒤에
스스로에게 당당해질 수 있을까?
그날의 나를 위해 건배

또다른 하루가 시작해, 어제완
다른 내가 되길 간절히 바라며
신발끈을 고치고 현관문을 열어
세상에게 말해 Goodmorning My

내가 원하는건 아무것도 원하지 않는것
바라는건 더이상 뭘 바라지 않는것
26년째 제자리걸음이래도
도움은 안받아 내 다리로 걸을래
Yeah, Because this is my life
You know? 오늘따라 술이 더 달아
그러니까 한잔만 더 따라
빨아

아침에 눈을 뜨면 오늘이 빨리 끝나길 바라지 All Day, All Day
But 밤이 찾아오면 오늘이 끝나지 않길 바라지 All Night, All Night

아침에 눈을 뜨면 오늘이 빨리 끝나길 바라지 All Day, All Day
But 밤이 찾아오면 오늘이 끝나지 않길 바라지 All Night, All Night",2
166,JAMSIL (Feat. Yang Kyle),Bad kid J,"2 beast from Jamsil block
Can't figure out my size
No belt no red
Can't stop
Just running in 차가운 밤
이 도시가 키웠어 날
7년 동안 안 쉬고 돌아 내 dice
Big 각기 on Jamsil city
So Kyle, just hold it tight

2 bad kids from Jamsil block
풍선 없이 bitch I’m UP now
Look down on y’all I’m Lotte Tower
니네 정수리 look like dots

야 돌려 방먹 두바퀴
없는것처럼 parking spot
잠실 ladies 품격 이빠이
None of dem wilding out

17년째 running in J city
내가 서 있는 곳
이 땅 잠실이 날 키웠어
Back in the stu
이 도시의 날이 갈수록
준 핏줄의 걱정

Baddest of J block
Still fuck on that night
10점짜리 누나들은 없고
10점짜리 형 Kyle and Bum got my back

I'm selfish
이름답게 살아 real bad shit
아버지의 반 딱 50억 채우기 전까진 목엔 no necklace
More steppin
I told you 딱 3년 안 get to the top
모두 said "" Cappin ?""
두 눈 까리 똑똑히 뜨고 잘봐둬
Shit 내가 왜 잠실이겠니?

날 때부터 시작했어 choose bad or dead
뒤져도 나 절대 안돌아가
Trust me Dad bet for bad
2024 writing new pages
Don't wanna be 2nd of bad
이젠 모두다 알아 내 출신이 어딘지
Bad kid J from J

17년 잠실에서 왔지
이 땅에서 때려 부시고 또 굴러 부서져도 봤으니
대체 날 누가 막았지?
10년 20년이 지나도 이 땅에서 깨부셔 "" 여전히 잠실 ""

2 beast from Jamsil block
Can't figure out my size
No belt no red
Can't stop
Just running in 차가운 밤
이 도시가 키웠어 날
7년 동안 안 쉬고 돌아 내 dice
Big 각기 on Jamsil city
So Kyle, just hold it tight

2 bad kids from Jamsil block
풍선 없이 bitch I’m UP now
Look down on y’all I’m Lotte Tower
니네 정수리 look like dots

야 돌려 방먹 두바퀴
없는것처럼 parking spot
잠실 ladies 품격 이빠이
None of dem wilding out


4am
Im with my dawgs
Drunk as fuck in da alley

보였네
Red and blue
Fuck da police
오도방구 튀겼네 불
robbing just a
bit of 각기
그때 기억나지, 한땐 기레빠시 이제는 im da main dish
She on 위에, sloppy

방먹 입구가 출구
나와서 때리지 우빡
구청앞에 I see 12
사거리 스근히 좌빡
후에는 타워 view 보면서 날아 올림픽로
내 동네 놈들 단 한명도 한 적 없어 ain’t nobody switching up
그래서 먆아져 비밀도

롯데는 나에게 감사
에비뉴엘 4층에 기둥 하나
정도는 해줬어 아마
요즘 인생 살기 괜찮아서 동네 밖에는 안나가

그니까 돈 줄꺼아니면 니 밤이 외롭단 이유로 하지마 전화
왜냠 내가 맘먹고 진짜 개새끼처럼 살았다면 너 같은 option은 많아

왜 자꾸 물어 어디에
You already know the answer 난 잠실에

This one for the city for cultured community
도시를 대표, 송파의 간판이 됐고 가지겠어 건물 ay

2 beast from Jamsil block
Can't figure out my size
No belt no red
Can't stop
Just running in 차가운 밤
이 도시가 키웠어 날
7년 동안 안 쉬고 돌아 내 dice
Big 각기 on Jamsil city
So Kyle, just hold it tight

2 bad kids from Jamsil block
풍선 없이 bitch I’m UP now
Look down on y’all I’m Lotte Tower
니네 정수리 look like dots

야 돌려 방먹 두바퀴
없는것처럼 parking spot
잠실 ladies 품격 이빠이
None of dem wilding out",13
167,술래잡이 (Feat. 천명),박한울,"나에게 또 찾아온 한 해
2025 짠해
작년에 네가 남긴 잔해
다 잊어버리고 한잔해
오늘 밤 찾아오는 술 술 술래잡이
어김없이 여자랑은 줄 줄 줄다리기
휘청 휘청 걸어가는 저 아저씨
비틀 비틀 걷고 있는 저 아가씨
Everybody altogether drink that sh*t

왜 일어나 벌써 지금 막 시작인데
너 빨리 줄 서 uh
첫 잔은 원샷인 게 이 바닥 순서
인거 모르냐 야 잔 비었다
시간은 흘러 또 일 년이 지났고
내 나이 어느새 또 한 살 더 먹었고
지난해 아픈 기억 이 자리에 묻고
아 몰라 그냥 묻고 따불로 가자
생각이 많을수록 마음에 골도 깊어가지
일단 지금 이 순간을 그냥 믿고 따라가지
누군가는 이 느낌을 좋아해
또는 슬픔을 지워 보려 해
What you know about it
오래간만에 스트레스 확 푸를 기회
오늘은 내가 화끈하게 쏠 차례
네 지갑은 keep 해 지폐는 필요 없어
내 카드로 쫙 긁어 줄게


연락 와서 폰 확인해 술 마시자고
맛있는데 가 있대 난 물어봐 어디냐고
술자리에 내가 빠지는 건 말이 안 되니까
주머니에 폰 지갑 담배 정도만 챙긴 다음
도착하면 애들 많아 오래 기다린 건 아니지
오다 보니 다른 애들 몇 명 만나서 말이지
오늘 달릴지 말지 대강 정해
조금은 없는 거 알지 밑잔은 안 통해
몇 시간 정도 지나니 애들 눈 다 풀리네
구린내 나는 얘기 평소였으면 무시했을 테지만
이 땐 그게 제일 재밌어
굴러다녀 수저 야 이 ** 취해있어
중독자 길 걷지만 아직은 있어 거리가
끊어야지란 말은 의미 없는 형식상의 건배사
언젠간 그러겠지라는 막연한 상상
내 기분 so high 안 부러워 rockstar

Higher higher higher
We want to lift you higher
Higher higher higher
아 진짜 시끄럽네
야 나 노래 듣는다

나에게 또 찾아온 한 해
2025 짠해
작년에 네가 남긴 잔해
다 잊어버리고 한잔해
오늘 밤 찾아오는 술 술 술래잡이
어김없이 여자랑은 줄 줄 줄다리기
휘청 휘청 걸어가는 저 아저씨
비틀 비틀 걷고 있는 저 아가씨

Dance
Get your drink up
Get your drink up
Get your drink up
Get your drink up
Get your drink up
Get your drink up
Get your drink up
Yeah",3
168,Im not a shiny star,오자(OJA),"네가 돌아온단 약속도 (약속도)
내가 빛날 거란 믿음도 (whoa a)
어둠에서 널 데리고 (whoa a)
나는 떠날 수 없어
나는 빛날 수 없어

네가 돌아온단 약속도 (약속도)
내가 빛날 거란 믿음도 (whoa a)
어둠에서 널 데리고 (whoa a)
나는 떠날 수 없어
나는 빛날 수 없어


나는 빛날 수 없어 이젠 힘낼 수 없어
내 옆엔 네가 없어 나는 가면을 벗어
함께 하자는 약속도
용서한다는 마음도
꼭 지킨다는 믿음도
이제는 나는 다음은 없어
엄마가 울던 밤에도
매일 어린 동생을 또 달래도
미친 듯이 내가 또 달려도
내가 믿은 그 새끼가 배신을 해도
Behind the darkness, there's light
지금 이 순간에도 난 취해 up all night
악마에게 영혼을 팔래 차라리 취해 잠들래
오늘은 아무도 몰래 나 혼자 울지 않을래

네가 돌아온단 약속도 (약속도)
내가 빛날 거란 믿음도 (whoa a)
어둠에서 널 데리고 (whoa a)
나는 떠날 수 없어
나는 빛날 수 없어

네가 돌아온단 약속도 (약속도)
내가 빛날 거란 믿음도 (whoa a)
어둠에서 널 데리고 (whoa a)
나는 떠날 수 없어
나는 빛날 수 없어

기억나 비가 오던 날 밤 내가 했던 말들을
이제 나는 지킬 수 없어
네가 빛나 내 목걸이 반지 보다 나는 따라갈 수도
흉내 낼 수도 없어
이건 진짜 내가 못났다는 말이 아냐
그렇다고 네가 잘났다는 말도 아냐
Im not a shiny star
지금에야 더 빛나
우울하지는 않아
엄마는 날 더 믿어봐
아직 부족하지만 이제는 돈도 벌어
가식으로 웃고 있지만 어젠 외로워서
네 월급 두 배에 신발과 옷들이 젖어도
난 진짜 그런 거 이제는 x도 신경 안 써


네가 돌아온단 약속도 (약속도)
내가 빛날 거란 믿음도 (whoa a)
어둠에서 널 데리고 (whoa a)
나는 떠날 수 없어
나는 빛날 수 없어

네가 돌아온단 약속도 (약속도)
내가 빛날 거란 믿음도 (whoa a)
어둠에서 널 데리고 (whoa a)
나는 떠날 수 없어
나는 빛날 수 없어


Im Not A Shiny Star
Im Not A Shiny Star
Im Not A Shiny Star
Im Not A Shiny Star
Im Not A Shiny Star
Im Not A Shiny Star
Im Not A Shiny Star
Im Not A Shiny Star",1
169,Jameson(feat. 저녁),Dimple (딤플),"life’s so awake
we ride the wave
no 신경 난 다 맘대로 해
한 손에 Jameson one bottle
서울을 누빌 땐
누가 뭐래도 get out of my way
just a day
그냥 내 일상일 뿐인데 왜
life’s so awake
we ride the wave
no 신경 난 다 맘대로 해

오늘도 wear the street
no 테마 내비친 free
Don’t kill ma vibe
so 넌 좀 알아서 해
분위긴 기울지 we
to me 비스듬히 저 뒤
못 노는 애들은 구경이나 해
busy day
시간이 없어도 우린 만들어서 놀아
내 젊음은 아까워 still 넘 멀어 주말
i town 뛰고 다시 ballin'
Seoul city follow 대장
범상 전화걸어 준원 we 가는 중 go high

난 내 스타일로 order the bottle
안 빼는 태도 바로
take off 집어던지지
give me please drip 배로
more hands up
pleasure 됐어 그저 더 영원을 prays up
danger 행동 계속
누가 뭐래도 여전히 난 pass up
그저 하늘 위
잔을 들고 다시 go up
the chillin' and vibe
난 느껴
my life is so freedom
난 그대로 살 뿐 나누질 않지 특별 평범
but 농도는 좀 다르지 항상 또 깨있어

life’s so awake
we ride the wave
no 신경 난 다 맘대로 해
한 손에 Jameson one bottle
서울을 누빌 땐
누가 뭐래도 get out of my way
just a day
그냥 내 일상일 뿐인데 왜
life’s so awake
we ride the wave
no 신경 난 다 맘대로 해

내 맘대로 해 회색 마티즈는 광안대교 위에
파란대로 예쁜 동해바단 만들어 wave
기장에서 쉬다가도 다음은 범일동
용희 집으로 가서 녹음하다가 한 대 더 피네
서울에서 반도 남동쪽 제일 끝
내 친구들이 빼입은 옷 예쁘고
여전히 Represent 부산
머시마들 자란 데는 김해지만
언덕과 산에 둘러싸여 보낸 20대의 시간
서면과 남산동을 오갔던 지난날
하단 남포 덕천 부르면 어디든지 나가
물론 망해버린 내 통장과 학점
술 싫어하던 놈이 위스키 온더락으로
취향이 바뀌었대도 유지하는 내 태도
맨날 새로운 랩을 했고 이젠 내 걸 보여줘 두 배로
액션! 외쳐지기 전부터 이미 부산의 랩퍼
One third of Illest, aka 저녁 aka whatever

life’s so awake
we ride the wave
no 신경 난 다 맘대로 해
한 손에 Jameson one bottle
서울을 누빌 땐
누가 뭐래도 get out of my way
just a day
그냥 내 일상일 뿐인데 왜
life’s so awake
we ride the wave
no 신경 난 다 맘대로 해",15
170,Rich of the Richest,Huan Doe,"청소년 보호법에 따라 성인 인증이 필요한 콘텐츠 입니다. 성인 인증 후 이용해 주세요.
성인 인증",1
171,"Hello, are you okay?",JIRO,"[가사 준비중] 멜론 회원 여러분! 가사 등록을 기다리고 있어요.
가사등록하기",1
172,Lotto Castle (Urban Palace Mix),아이드플레이,"로또 1등 당첨금보다 비싼 집
로또 1등 당첨되도 못사는 집
로또 1등조차 겸손해지는 집
로또 1등마저도 갖기힘든 집

Ultra Luxury Landmark tower
위대한 너의 화려한 궁전
Ultra Luxury Landmark tower
눈부신 금빛 찬란한 성벽
Ultra Luxury Landmark tower
위대한 너의 화려한 궁전
Ultra Luxury Landmark tower
눈부신 금빛 찬란한 성벽

ooh oh oh 돈이 돈을 벌어주지
ooh oh oh 부자가 더 부자가 돼
ooh oh oh 돈이 돈을 벌어주지
ooh oh oh 부자가 더 부자가 돼

Wow! Lotto Castle?
난 로또 같은거 안해
Yeah! Lotto Castle?
이 집 현금으로 샀어
Wow! Lotto Castle?
난 로또 같은거 안사
Yeah! Lotto Castle?
내 운명은 내가 정해

로또 같은거 필요 없어
종이돈 역시 쓸모 없어
로또 할 시간이 어딨어
Two job three job four job

Your house, your palace,
your secret safe, your sanctuary,
Your fortress, your shield,
your own space, your pyramid,
Your house, your palace,
your secret safe, your sanctuary,
Your fortress, your shield,
your own space, your pyramid,

ooh oh oh 돈이 돈을 벌어주지
ooh oh oh 부자가 더 부자가 돼
ooh oh oh 돈이 돈을 벌어주지
ooh oh oh 부자가 더 부자가 돼

Wow! Lotto Castle?
난 로또 같은거 안해
Yeah! Lotto Castle?
이 집 현금으로 샀어
Wow! Lotto Castle?
난 로또 같은거 안사
Yeah! Lotto Castle?
내 운명은 내가 정해

신분 계급 수저 탓하지마
너와 나의 갭은 더 벌어져
꿈을 향해 목숨걸고 달려
너와 나의 레벨차이 좀 봐

When you wake up to a brand new day
There's a simple thing to make it okay
Keep smiling, Keep smiling,
and let your troubles stray
Find your peace, in every single way
Keep smiling, through the rain
Keep smiling, ease the pain
In every moment, bright or dim
Keep smiling, let the light in

Yo, What up? Hey you look better
What good happened, Are you top tier?
Yo, What up? Hey you look better
What good happened, Are you top tier?",1
173,Meaningless,2weapon,"그래 그렇지 다들 사는 게 많이 바빠 ay
나도 그렇지 아직 그래 money 많이 없어 man
이제는 나를 알아 저 멀리 까지 더 가라
우리는 너무 당연하게도 숨 쉬며 살아
긴 밤에 여정 나는 살아가는 게 아파 ay
이 밤을 돌이켜 봐도 살아 있지가 않아 ay
빈 잔을 채우고 나는 오늘도 시를 써
이 밤에 끝에서 펜을 잡고 또 애를 써

눈에 들어오는걸 한참 동안 멀리 바라봐
심장이 뛰어오는걸 느끼는 나를 봐
아무렇지 않게 살아가는 건 거짓말이겠지
아프지 않은 삶은 산다는 것은 말이지

oh listen 나를 비춰봐 oh baby 춤을 다시 춰봐
내 품에 꿈을 가득 안아 살아가는 동안 다시 나를 봐봐

시간이 지나가는걸 잡을 순 없어
니가 뭘 하든지 꾸준히 못 하는 것처럼
이 세계 안에선 경쟁이 결국 최우선
신께 빌어봐도 결국 대답이 하나 없어
언제까지든 뱉어볼게 더 끝이 없어도
마치 앞에 있는 거처럼
살아가면서 넘어져 쓰러져봐도
이제까지는 없었던 나를 찾는 거야

눈에 들어오는 걸 한참 동안 멀리 바라봐
심장이 뛰어오는걸 느끼는 나를 봐
아무렇지 않게 살아가는 건 거짓말이겠지
아프지 않은 삶은 산다는 것은 말이지

oh listen 나를 비춰봐 oh baby 춤을 다시 춰봐
내 품에 꿈을 가득 안아 살아가는 동안 다시 나를 봐봐

oh listen 나를 비춰봐 oh listen 나를 비춰봐",0
174,Applause,Lofi zoo,"[가사 준비중] 멜론 회원 여러분! 가사 등록을 기다리고 있어요.
가사등록하기",0
175,Hide N Seek,헤모 (HEMO),"Let's play a game (Hi)
'Overnight' on my mind
뭐라고 해도 결국에 넌 버렸잖아 날
If u find a way back to me, No way to say
이젠 정말 상관이 없는데
Let's play Hide & seek again
Hide & seek again
넌 계속 나를 따라오는 걸
Let's play Hide & seek again
Hide & seek again
아무 의미도 없어 we're done
Tracin' back 그만 좀 헤집어줄래
It's too late now time for us to relocate
Not just like freaking freezing drizzle was it, though
Twas rather like a blizzard 이젠 난 out
Not bound anymore
Downs & downs no more
I just blew it away
밀어내고 다시 turnin' back
벗어나 이젠 catch me if u can
넌 어때
허전해?
우린 beautiful waste of time
F**k that
Block해
놓고도 계속하네 spyin'
이젠 내가 말할게 Good bye
햐얗게 물드네 그 밤
You can call me Wally
여긴 너무 멀지
준비됐다면
Let's play a game (Hi)
'Overnight' on my mind
뭐라고 해도 결국에 넌 버렸잖아 날
If u find a way back to me, No way to say
이젠 정말 상관이 없는데
Let's play Hide & seek again
Hide & seek again
넌 계속 나를 따라오는 걸
Let's play Hide & seek again
Hide & seek again
아무 의미도 없어 we're done
boymint
Love in the twilight
Memories twined like chains
Already tied knot
So sick and tired
comma인 줄 알았던 period
끝인 줄 몰랐던 끝
너에겐 모든 게 shh
너에겐 쉬웠던 um
넌 어떤 말을 해
어떤 마음에 안절부절해?
답을 해볼래
Please tell your friends
Stop watching my feeds
그때까진 멈추지 않아 shawty
You already know
Hide & seek again
Hide & seek again
넌 계속 나를 따라오는 걸
Hide & seek again
Hide & seek again
넌 계속 나를 따라오는 걸
Hide & seek again
Hide & seek again
넌 계속 나를 따라오는 걸
Hide & seek again
Hide & seek again
넌 계속 나를 따라오는 걸",6
176,Hard ii (Feat. Ktown pmc),CSJ Guava,"CSJ Guava

Big Guava why you ballin so hard
The answer to that is I hate 9 to 5
These rappers still cappin' but i ain't gon lie
5g in my pocket,bro told me to stop

My shawty *amn beauty cause my rhyme so tight
이제 Trap 그만할래 She said 맙소사
My cousin 사기 당해 ** 아뿔싸
걱정하지 말길 바래 내가 안고 가

이 Trap 계집들 허구헌날 식구
난 내 현재 돈에만 더 집중

그 Party에서 마셨던 몇개 Green Jameson
내 기분따라 말했지 Guava 좀 Skillful

난 사실 이런게 그리웠던 건가봐
클래식한 단어 몇개를 더 주워담아

넘쳐 내 스태미나 넌 또 샘이 나
벗겨 이 계집 박고놀게

Snitch하던 저 *새끼 얼굴 봐둬
제발 한번만 봐줘 니 무덤이나 파둬

몇달만 더 기다려 Blow up 타이밍 맞어
Gonzo를보고 컸어 난 부름에 보답하러

그 때 난 잃을게 없어
I'm a rider
*itch i'm a fighter
*itch i got grinder

이 **들아 왜 자꾸 없는 총 찾어
빡센척은 하지말고 지금 *까줘

I'm on the way
사상 잘못돼 그럼 바로 넌 *ay
You know that i'm player
그만 Stop playin'

난 여전히 Stack it up
Cash on her ***

I need more skrilla
I need more rain

*uck your opinion
Just do dinner *ex

이 새끼들 똑같아 백이면 백
괜찮아 그대로 해 뺏기면 돼
그걸 또 베끼면 돼

Boy that's your problem
못해 내 옆자리에 합석

그 시절 난 꿈꿨대지 Popstar
Lob 과거처럼 뜯어 랍스터

Uh huh

곧 들리지 함성
내 Squad이랑 나와있어 Outdoor

내 타이틀을 갈아엎을 샹송
출처는 저 반성
이제 곧 Time's up

Uh huh

Big Guava why you ballin so hard
The answer to that is I hate 9 to 5
These rappers still cappin' but i ain't gon lie
5g in my pocket,bro told me to stop

My shawty *amn beauty cause my rhyme so tight
이제 Trap 그만할래 She said 맙소사
My cousin 사기 당해 ** 아뿔싸
걱정하지 말길 바래 내가 안고 가

Ktownpmc

내 식구 내가 다 안고가
니 *쓰레기 음악은 안들어 난
케케 니여친 자취방 들어가
시퍼런 꼬리뼈에 묻혀 내 **

그년 먹은점심 올라오게 거꾸로놔
** 그년 몰래 내 양말 벗고가
사기쳐서 번돈으로 놀아 매일 no lie
인터폴 적색수배 올라 용의 선상

케케 주사위 몇번 굴려
넌 왜자꾸 눈알 굴려
니 목을 물어뜯어
미리 만들어놔 쥐구멍

내 캐리어엔 좋은것만 가득
내 클러치엔 여자들의 향수
집구석엔 어머니의 한숨
수십개의 현금
마늘밭에 숨겨놓은 나의 모든것을",3
177,EASYYYY,SOYER,"I don't tryna be your uh
I just wanna be the uh uh
I don't tryna be your uh
I just wanna be the uh uh
I don't tryna be your uh
I just wanna be the uh uh
I don't tryna be your uh
I just wanna be the uh uh

요즘은 하루에 이틀을 살아서
내 안에 살아있는게 더 줄어
원래 몸에 안 좋은게 더 달아서
내 안에 남아있다가 날 죽여

I just tryna find myself
but life is fast as lamborghini
If I could make a wish
I wanna spend my time more easy

다른걸 빚어도 비슷하게
똑같은걸 만들어도 다르게
느리게 걸어도 빠르게
급하게 뛰게 되더라도 안 바쁘게
다른걸 빚어도 비슷하게
똑같은걸 만들어도 다르게
느리게 걸어도 빠르게
급하게 뛰게 되더라도 안 바쁘게

I don't wanna be a tryna be a something
이건 또 어떻고 또 저건 sick of people talking
알 수 없어 뭐라 하는지 why that people laughing
하루종일 듣다보면 why should I keep working
I don't wanna be a tryna be a something
이건 또 어떻고 또 저건 sick of people talking
알 수 없어 뭐라 하는지 why that people laughing
하루종일 듣다보면 why should I keep working

나 미 쳐버렸대도 안 억울하게
I want that fame but 안 유치하게
다 잃어버려도 이거 하나 기억하게
people never care about people 기억하게

어디에서도 안 어울려 I'm foreign
매일 해도 모르겠어 I'm sorry
내일도 떠나야겠어 I'm a tourist
매일 해도 다시 누군간 boring
어디에서도 안 어울려 I'm foreign
매일 해도 모르겠어 I'm sorry
내일도 떠나야겠어 I'm a tourist
매일 해도 다시 누군간 boring

이제는 하루에 하루를 살아서
내 안에 죽어있던 나를 깨워
원래 다 처음이 어려운거지 하다보면
나중엔 내가 날 깨워

지키는 만큼 또 사라져버려
원하는 만큼 또 아파져버려
고치는 만큼 또 망가져버려
필요함 전부 다 가져가 버려
지키는 만큼 또 사라져버려
원하는 만큼 또 아파져버려
고치는 만큼 또 망가져버려
필요함 전부 다 가져가 버려

따라해봐도 I'm foreign
아쉬운 놈이 I'm sorry
잡으려 해도 I'm a tourist
만들어봐도 I'm boring

I don't tryna be your uh
I just wanna be the uh uh
I don't tryna be your uh
I just wanna be the uh uh
I don't tryna be your uh
I just wanna be the uh uh
I don't tryna be your uh
I just wanna be the",2
178,쫄지 말고 씩씩하게,세이브,"삶의 파도는 맞서서 당당하게 나아가리라 세상이 던지는 시험에
주저 하지 않고 착한 마음으로 일어나 하늘을 향해 나아가리라
작은 두려움에 가려진 꿈을 펼쳐보자 어두운 터널 속에서도
빛을 찾을 수 있는 용기를 잃지 말고 세상의 나를 외 치리 외 치리 외 치리
나는 내가 선택할 길을 걸어갈 수있어!
나는 내가 선택할 길을 걸어갈 수있어!
누군가의 사선에서 의미를 두지 말고 내 마음에 길를 가리
비바람이 몰아쳐도 가슴에 품은 희망이 나를 이끌어 줄 거야
세상은 때론 냉정하고 험난한 길이 기다려 지더라도 아름다운 마음으로 맞서리
쫄지말고 씩씩하게 쫄지말고 씩씩하게 쫄지말고 씩씩하게
내안의 불꽃을 태워 나만의 이야기를 써 내려 가리 모듣 순간이
나를 힘차게 만들어 주니 나는 더욱 씩씩하게 살아가리라",0
179,"진격의 거인 넷 (Attack on Titan Net) (Feat. PEGASUS, 예윤 (YEYOON))",이끼 (LICHEN),"청소년 보호법에 따라 성인 인증이 필요한 콘텐츠 입니다. 성인 인증 후 이용해 주세요.
성인 인증",1
180,내가 갑자기 사라진다면,스몰키드(Small Kidd),"내가 갑자기 사라진다면 아마 내 가족들과
친구 몇명은 울겠지 나를 좋아했었던
사람들은 하나둘씩 날 잊고 그렇게 까마득히 다 잊겠지

내가 이루려던 꿈도 늘 찾아왔던 하루도
남에 비해 턱없이 모자랐던 내 통장속에 남은 돈도
다 물거품이 돼 사실 몇푼도 안되서
아깝지도 않을것 같으니 그 걱정은 됐어

세상은 나빼고도 너무 잘돌아갈걸 알아서
나에 대한 흔적이라도 조금은 남기고 싶어
누군가에게는 추억 아니 그저 조그만 기억
이라도 내가 존재했단 의미로 남기고 싶어

밤이 되면 항상 이런 고민을 하곤해
남들은 하루를 마치고 잔다고 바쁠때
나혼자 생각이 깊어지는 밤이
나를 더 힘들게끔 만드는것 같애",6
181,바보같지,1DAY,"어? 시간이 이렇게나 됐어
어쩌다 내 나이가 벌써
난 아직 운전도 못하고
직업 따윈 없어
옆에선 계속하지 걱정
정작 난 아무 생각 없어
산다는 건 재밌고 해보고
싶은 것이 너무 많아
다들 내게 말하겠지
착각 좀 하지 말고 살아
잠깐 사이 그러다 훅 간대
너 집에 돈이 많은 것도 아닌데
뭘 믿고 그래 철은 언제 들래
바보같지
좀 모자라고 칠칠맞아도
바보같지
아무런 피해 안 끼치고
잘 살고 있어
나 죽을 때까지
이렇게 살다 가지
바보같이 보인다면
제대로 봤어 난 살아
바보같이
어쩌다 나만 바보가 됐어
말하는 법도 까먹었지
너 앞에서
이렇게 1년 또 2년
또 지나가다 보면
나에게서 점점 더
멀어지는 조명
착각 좀 하지 말고 살아
잠깐 사이 그러다 슝 간대
넌 할 수 있는 게 너무 많아
야 그냥 좀 해
바보같지
좀 모자라고 칠칠맞아도
바보같지
아무런 피해 안 끼치고
잘 살고 있어
나 죽을 때까지
이렇게 살다 가지
바보같이 보인다면
제대로 봤어 난 살아
바보같이
바보같지
바보같지",169
182,척 (Chuck),김지연,"어허, yeah, what's your prob?.. uh, yah
왜 자꾸 나만 못 잡아먹어서 안달이야, 안달이
그저 모두를 위해 내 팔다리를 왔다리 갔다리
자본주의 시대에 당연히 내 밥벌이는 합법이지
이걸로 먹고 사는 놈이 나뿐임? 웬 화풀이?
이런 말 들을 때마다 진절머리나
난 그저 니들과 우리 사이에 징검다리가
되고 싶었을 뿐인데 왜 자꾸 빈정거릴까
아, 내가 독차지하니까 니 일거리를 다? (hoo)
좀 솔직해지라니 너도 마찬가지
너나 나나 먹고 살려고 이 일을 택한 거지
나한테만 바라지마, 무슨 대단한 마음가짐
니들이 뭐라 하든 난 이걸 할 거야, 악착같이
오히려 고마워해도 모자랄 판에
니들까지 이러니 나도 참 골치 아파
부러우면 부럽다고 말을 해, 말을
(say what?) 말을 해, 말을

What’s your problem? 말을 해봐, 얼른
What‘s your problem? 말을 해봐, 얼른
What’s your problem? 너 빼고 모두 알아듣는 분위기
너도 이제 그만 받아들이길

내 입장이 돼봐, 이게 무슨 대화야
니들끼리만 대만족
부디 모르면 배워, 아님 노력이나 해봐
부탁이니까 제발 좀 (say what?)
Please, don’t do that (please, don’t do that)
Please, don’t do that (please, don’t do that)
Please, don’t do that (please, don’t do that)
부탁이니까 제발 좀

볼 때마다 우스워, 엉터리 가짜 수어
니가 하는 건 그저 발 연기일 뿐 : 장수원
받아내야 할 사과만 몇 박스인 과수원
이건 수어로 산이 뭔지 알려주는 공짜 수업
아무도 못 건너, 니가 만든 징검다리
부실 공사에 판 너의 양심은 1억따리
니가 하는 건 통역이 아니라 감성팔이
다 떠나서 제발 좀 선은 넘지 말란 말이야, 인마
그 와중에 우리가 더 열받는 건
화면 속 쟤들의 어설픈 공감 구걸
’이렇게 하면 모두 다 감동받을걸‘
그건 우리 가슴에 한 번 더 못 박는 꼴
그래, 누군가에게 난 꽉 막힌 꼰대
쓸데없는 자존심만 가득 찬 존재
그래도 이 한마디만 다시 한번 더 새겨둬
어설픈 이해는 오해에 가까워, 모르면 외워 좀

""아, 네, 안녕하세요?! 저 행사 담당자인데요~
이번 행사에서 '거위의 꿈'이랑 '당신은 사랑받기 위해..' 네, 네, 그거 맞아요. 네, 그걸로 부탁드려도 될까요?""

내 입장이 돼봐, 이게 무슨 대화야
니들끼리만 대만족, ah yeah
부디 모르면 배워, 아님 노력이나 해봐
부탁이니까 제발 좀 (say what?)
Please, don’t do that (please, don’t do that)
Please, don’t do that (please, don’t do that)
Please, don’t do that (please, don’t do that)
부탁이니까 제발 좀",59
183,입버릇 (Feat. Wyatt of ONF),DG F,"Up and down
저물어가는 하루가
어땠냔
질문엔 가득한 날이었어
너로
그랬으면 해 너도

Up and down
말랑해진 내 마음은
정했나
봐 조금도 망설임 하나도 없이
너로
그랬으면 해 너도

사랑의 표현 그 얘기들
서로 진심으로 대치중
약하게 랠리 중인 테니스
장소는 서울 한복판 Avenue

웃음 한 번에 just go
살아 떨어진 감정
절대 없어 예고는
네 말로는 쌔고
쌘 예쁜 여자들 됐어
다 빼줘

그렇다 치자 모든 게 완벽한 여자가 있다고
너 아닌 다른 애
몇 번이고 내게 말한대도 솔직함을 담아
하는 답은 또 같을 텐데

Just think about why all the guys see you
그냥 봐도 알아 이유를

You know I always say 'mayday'
네 웃음을 매일
지키는 건 나의
하루를 살게 해

너의 밤에도 낮에도
다음 날에도 훗날에도
Let's fly in the air
들려오는 BGM

Up and down
저물어가는 하루가
어땠냔
질문엔 가득한 날이었어
너로
그랬음 해 너도

Up and down
말랑해진 내 마음은
정했나
봐 조금도 망설임 하나도 없이
너로
그랬음 해 너도

심심할 때는 연락해 우울할 때는 철없게
속상하다며 내게 서럽게 말을 해도 돼
너의 모든 모습에도 코스모스처럼 우리의 이야긴 늘 아름답게
당연하듯이
우린 늘 함께해 매일이 둘이
무슨 일 생기더라도 너와 모든 순간 분명 beautiful
I’m only thinking about you like a all day
역시 너와 함께 보내는 시간이 일 땐 난 제일 설레
흔한 사랑 이야기로 보겠지만 그만큼 행복해
흘러가는 모든 순간들은 better then the yesterday

I always awake
너의 미소에
오늘도 만족해
널 위해 노래해

너의 밤에도 낮에도 담 날에도 훗날에도
Let’s fly in the air
들려오는 BGM

Up and down
저물어가는 하루가
어땠냔
질문엔 가득한 날이었어
너로
그랬음 해 너도

Up and down
말랑해진 내 마음은
정했나
봐 조금도 망설임 하나도 없이
너로
그랬음 해 너도

사랑하는 너의 옆엔 내가 있어 늘
울고 짜증 내더라도 나의 기억은
항상 웃고 있는 모습으로만 비춰 늘
So 사랑한단 말에 진심이 섞인 내 입버릇",56
184,Big steppa,DON,"밟어 big steppa
계속해 step up
계속해서 랩업
째지지 매번
또 깨지지 매번
매일 밤마다 방에
틀어박혀 뱉었네
그게 내가 뱉던 랩
그리고 내 행동엔
이유가 있어
그러니 넌 좀 비켜
난 또 sicker
죽었다 살아나고 또 죽어도 try more aye 똑바로
절대 안 지쳐 i’m unflagging
절대 안 지쳐 i’m a zombie

화가 나고 굶주렸지
내 눈앞엔 오직 ma mic
아님 안보여 앞이 깝치지 말길
다 박아버릴테니
난 지켜 내 나와바리
아무나 들어가는 건 안되지 용서
그런데도 넌 계속 내 fam에 끼려 애써
그런 놈들에게 날리는 중지는 내 stop sign
넌 어디갔는지 모르겠어
아마도 강남 작은 클럽의 banger?
그렇게 살다가 뭐가 되겠어?
발전이 없다면 go back and 다시 써 니 이력서
Go back and 다시 써 니 이력서
난 봐줄 생각 없어 니 범죄 이력서는

자고 일어나면 판을 키워 big steppa
파이가 점점 커져 계속 먹어 get proper
벌레새끼 너무 많아 i need a F killer
다시 한번 돈을 쏟아 부어 big steppa
자고 일어나면 판을 키워 big steppa
파이가 점점 커져 계속 먹어 get proper
벌레새끼 너무 많아 i need a F killer
다시 한번 돈을 쏟아 부어 big steppa

어이 친구 행동에 신사답게
넌 저기 심사장에 있는 심사방해
일으키는 놈들 같이 심사받네
이건 꽤 미친사람의 진득한 랩
디스아니지만 넌 진듯해 왜?
흘러내린 땀, 찐뜩해 꽤
You know what i mean
유행은 지나갔고 내가 makin’ it
이미 떠버린 래퍼들은 나를 개무시
하다가도 이거듣고 발딱 일어나겠지
Like 키츠요지 일어나자 벌떡 올라가자 덥썩
너는 헐레벌떡 따라가다 털썩 넘어지고 난리법석
벌써 벌써 uh yeah
남았네 4마디 man
주위에 파리때
blocking 해 body check
이게 바로 나이기에
Ye i’m in 18 i have 패기
구리다면 폐기처리 되기전에
넌 못 돼지 래퍼가 man
But I don’t give a shit about it
박자 한번 절어주고 다시 ride it
쩔어주는 감이 쩔어주지 like this
레디형처럼 깔끔히 like this

화가 나고 굶주렸지
내 눈앞엔 오직 ma mic
아님 안보여 앞이 깝치지 말길
다 박아버릴테니
난 지켜 내 나와바리
아무나 들어가는 건 안되지 용서
그런데도 넌 계속 내 fam에 끼려 애써
그런 놈들에게 날리는 중지는 내 stop sign
넌 어디갔는지 모르겠어
아마도 강남 작은 클럽의 banger?
그렇게 살다가 뭐가 되겠어?
발전이 없다면 go back and 다시 써 니 이력서
Go back and 다시 써 니 이력서
난 봐줄 생각 없어 니 범죄 이력서는

자고 일어나면 판을 키워 big steppa
파이가 점점 커져 계속 먹어 get proper
벌레새끼 너무 많아 i need a F killer
다시 한번 돈을 쏟아 부어 big steppa
자고 일어나면 판을 키워 big steppa
파이가 점점 커져 계속 먹어 get proper
벌레새끼 너무 많아 i need a F killer
다시 한번 돈을 쏟아 부어 big steppa",0
185,I DON'T WANNA WAKE UP-!,@already_24/7,"잠들어 있어 나의 꿈 안에
날 깨우지 못해 이 수면에서
훗날을 위해 담아둬 품 안에
시간이 흘러간대도 후회 안 해

여전하게 내게 세상은 쉽지 않아
현실은 자꾸만 나를 짓밟아 막
수많은 의심은 말해 “꿈 깨, 얼른 일어나”
허나 안 들려 귀에는 Travis Scott


I don’t wanna wake up!
*****, I’m so busy

Shut the **** up, they told me
“Wake up to your dream”

I been tryna wake up to my self,
But, now dreaming

I don’t wanna wake up,
Don’t tell me to wake up!

I don’t wanna wake up!
*****, I’m so busy

Shut the **** up, they told me
“Wake up to your dream”

I been tryna wake up to my self,
But, now dreaming

I don’t wanna wake up,
Don’t tell me to wake up!


달콤한 꿈은 때때론 써
난 아직 그 속에 애를 써
주변은 꿈들을 잃어서
사이에 홀로 난 일어서

먼저 깬 이들을 보고서
절대로 난 욕할 수 없어
다만 실눈 뜨고 잠든 척하는
이들은 참을 수 없어

수많은 의심은 나를 깎고
단단히 조각해 나의 고통
훗날에 보면 또 추억 정도로
남겠지 그때 보면

이번엔 다를 거야 꿈이 오는 반응이
그간 바라보던 이 꿈은 꿈이 아니지
실현 가능 목표치 잠든 나의 몇 년이
돌아올 거라고 믿어 나를 깨우지 말길

don’t tell me to wake up, *****
여전한 꿈들이지
내 꿈 틀린 적은 없어
난 여전히 꿈틀이지

don’t tell me to wake up, *****
여전한 꿈들이지
내 꿈 틀린 적은 없어
난 여전히


I don’t wanna wake up!
*****, I’m so busy

Shut the **** up, they told me
“Wake up to your dream”

I been tryna wake up to my self,
But, now dreaming

I don’t wanna wake up,
Don’t tell me to wake up!

I don’t wanna wake up!
*****, I’m so busy

Shut the **** up, they told me
“Wake up to your dream”

I been tryna wake up to my self,
But, now dreaming

I don’t wanna wake up,
Don’t tell me to wake up!",6
186,비켜봐 좀,HYDE,"비켜봐 좀
우리 지금 돈 벌어가게 어서 빨리
저기 멀리까지 안 보이게 비켜봐 좀
앞으로 갈 때마다 의미 없는 말만 늘어놔
넌 뒤로 가자 비켜봐 좀
길을 막아도 나 무슨 짓을 하더라도 뚫어
들어갈 테니까 너는 그냥 비켜봐 좀
말의 힘을 믿어 의미 없이 적지 않지
말은 그만하고 보여줄게 지켜봐 줘
우리 지금 돈 벌어가게 어서 빨리
저기 멀리까지 안 보이게 비켜봐 좀
앞으로 갈때마다 의미없는 말만 늘어놔
넌 뒤로 가 자 비켜봐 좀
길을 막아도 나 무슨 짓을 하더라도 뚫어
들어갈 테니까 너는 그냥 비켜봐 좀
말의 힘을 믿어 의미 없이 적지 않지
말은 그만하고 보여줄게 지켜봐 줘

풀로 충전 기억 잃을 듯이 몰입
무로 돌아가기 전에 되새김질 초심
비켜봐 봐 cops 위험해 조심
해결되지 못 할 문제들로 고심
우린 말은 안 해도 느껴 같은 정신
한 블락 넘어 그래 그 길거리
한 대를 더 피고 눈을 떴지
Third eye 다른 공간 다른 정신
Lethal weapon ready 뒤에 숨지
한 대를 더 피고 눈을 떴지
Lethal weapon ready 뒤에 숨지
Third eye 다른 공간 다른 정신

위험한 생각 언제나 날 기쁘게 노력하지
남다른 생각이 필요해 갱신해 높은 고지
할 수 있다고 말했잖아 그 말은 지킨 거지
비극이 비켜봐 치우는 거지
더욱이 더 많은 것들 차지
복잡 것들이 싫어
진실을 포장한 것들을 지워
머릿속 거짓을 비워
이만함 됐다 져버려 좀 쉬워
추억을 찍어
콧속에 향기가 나네 익숙해진 기억
하얗게 떠다녀
소리 소문 없는 더 큰 우주야 난 Be okay

빙빙
끝내 본론부터 말해
본론만
귀는 벌써 지쳐 딴청
말만 하고
기다리는 게 하는 건 짐
진짜들만 상대
너네 man down
운이 따라오게
나눠들어 우린 서로 짐
돌연 변신하는 친구는 없지
Gohard we lit
진짜들과 함께 결국
우린 보지 빛
관심 없어 너의 사
의미 없는 만남
시차 달라 진동
사실 난 나를 안 믿어
그래도 나니까 믿어
있어 보이는 척하는 것들은
모자란 놈들이지 치워
움직여 우리는 땀
일하지 않은 애기들
밥그릇 치워
진짜들과 함께
너네 가짜들은 man down

밀어버려 앞을 전부
필요 없어 너네 번호
위험하게 더 가야겠어
하던 것들만 반복해 또
난 불이 튀어서 발을 떨어
pear in 서해 갯벌
물 불 상관없어 우린 서로
될 것 같아 전설
방해 따위나 할 거 같으면
자리 바꿔
뒤보지 않고 더
앞만 보며 꿈을 향해
나가버려 비밀 없이 난 했어
갈증을 난 해소
무작위 패턴
아니지 게토
매트릭스 error
우리 집 매워
가서 전부 비워내
비슷한 모습에
어울릴 수 없네
비켜봐 좀 너네

비켜봐 좀
우리 지금 돈 벌어가게 어서 빨리
저기 멀리까지 안 보이게 비켜봐 좀
앞으로 갈 때마다 의미 없는 말만 늘어놔
넌 뒤로 가자 비켜봐 좀
길을 막아도 나 무슨 짓을 하더라도 뚫어
들어갈 테니까 너는 그냥 비켜봐 좀
말의 힘을 믿어 의미 없이 적지 않지
말은 그만하고 보여줄게 지켜봐 줘
우리 지금 돈 벌어가게 어서 빨리
저기 멀리까지 안 보이게 비켜봐 좀
앞으로 갈때마다 의미없는 말만 늘어놔
넌 뒤로 가자 비켜봐 좀
길을 막아도 나 무슨 짓을 하더라도 뚫어
들어갈 테니까 너는 그냥 비켜봐 좀
말의 힘을 믿어 의미 없이 적지 않지
말은 그만하고 보여줄게 지켜봐 줘",5
187,프로필 사진,I.aN,"우리 사랑 영원할 거라고 말했잖아 넌
잠깐이면 될 거라던 네 말 굳게 믿었어 난
아무렇지 않은 듯하게 바꾼 네 프로필 사진
그 사진 속에 넌 행복해 보이잖아
우리 사랑 영원할 거라고 말했잖아 넌
잠깐이면 될 거라던 네 말 굳게 믿었어 난
아무렇지 않은 듯하게 바꾼 네 프로필 사진
그 사진 속에 넌 행복해 보이잖아
여전히 예쁘더라 프로필 사진 속에
난 계속 애만 타 너에게 전화를 걸까
애석해 is'okay 괜찮아질 거야
이 밤이 지나면 다 사라질 거야
우리 싸우던 날 울고 있었지 거리에서
난 참 못된 놈이야 닦아주지 못했어
뒤돌아선 널 붙잡지 못하는 심정은 PAIN
순간에 감정이 우리를 망쳐버렸어 NO WAY
너에게 마지막 인사를 보내
사랑했던 시간은 선물 같은 거니까
그때의 나에게 마지막 인사를 보내
사랑했던 시간은 선물 같은 거니까
우리 사랑 영원할 거라고 말했잖아 넌
잠깐이면 될 거라던 네 말 굳게 믿었어 난
아무렇지 않은 듯하게 바꾼 네 프로필 사진
그 사진 속에 넌 행복해 보이잖아
우리 사랑 영원할 거라고 말했잖아 넌
잠깐이면 될 거라던 네 말 굳게 믿었어 난
아무렇지 않은 듯하게 바꾼 네 프로필 사진
그 사진 속에 넌 행복해 보이잖아
몇번의 계절이 지났는지 몰라
한번은 마주칠 수 있을지
지나간 시간은 돌아오지 않아
네 말대로 지나간 순간뿐이야
너에게 마지막 인사를 보내
사랑했던 시간은 선물 같은 거니까
그때의 나에게 마지막 인사를 보내
사랑했던 시간은 선물 같은 거니까
우리 사랑 영원할 거라고 말했잖아 넌
잠깐이면 될 거라던 네 말 굳게 믿었어 난
아무렇지 않은 듯하게 바꾼 네 프로필 사진
그 사진 속에 넌 행복해 보이잖아
우리 사랑 영원할 거라고 말했잖아 넌
잠깐이면 될 거라던 네 말 굳게 믿었어 난
아무렇지 않은 듯하게 바꾼 네 프로필 사진
그 사진 속에 넌 행복해 보이잖아",6
188,All Black (Feat. DAM1NOISE),buddah's belly,"내 착장은 All-Black
S**t, 다 가렸는데 Racy
주안동에서 하늘 끝까지 계속 배팅
All ma young ninja s**t
All ma young ninja s**t
피 안 나눈 형제도 날 믿어
So we stackin Cheese
내 착장은 All-Black
S**t, 다 가렸는데 Racy
주안동에서 하늘 끝까지 계속 배팅
All ma young ninja s**t
All ma young ninja s**t
피 안 나눈 형제도 날 믿어
So we stackin Cheese

Eyes all, eyes on me
That b****es talkin' me all day
이 밤이 지날 때, that b****es
눈 다 감게 해
So i get that dough
Ok that f**kin LV
For ma fam n bro
뿌린만큼 돌아온댔어
** 매일 밤 내 펜과 종이는 Do f**k
난 토이잭 아니지만 돈만 되면 가지 Uber
떠야되 가난, 우린 쫓겨났어 두 번
돈을 사랑하지만은 밉기도 해
우범지댈 살았지만 belly Don’t giva f**k
검은 돈에 검은 차에 속까지 시꺼먼 놈
나도 알아 Demons in ma head
Call me Diablo
침수차를 Pull up 했어
방향은 돈 냄새 나는 곳

내 착장은 All-Black
S**t, 다 가렸는데 Racy
주안동에서 하늘 끝까지 계속 배팅
All ma young ninja s**t
All ma young ninja s**t
피 안 나눈 형제도 날 믿어
So we stackin Cheese
내 착장은 All-Black
S**t, 다 가렸는데 Racy
주안동에서 하늘 끝까지 계속 배팅
All ma young ninja s**t
All ma young ninja s**t
피 안 나눈 형제도 날 믿어
So we stackin Cheese

Black scars on my fit
you a fake ass I call you b****es
**같은 곡에다 내 이름 적지 마
틀리지, 얘네는 내 스펠링도
인천, 김포 돌고 돌아
서울로, 왔다 갔다 해도
내려갈 일은 없지
내 고향으로 can't go back
돈을 벌기 전까진 여전히
cap rappers I cut it
굳이 말 안해도 100점
만점에 100 점
so freshfresha
걔넨 홍대 거리에서 춤춰
25/8 Get racks on racks on
멋있어 보이려고 한대 래퍼?
But, 네 하는 꼬라지를 봐 개떡
Underground 엮지 마라 나랑 제발 좀
힙합 살려 진짜 in KR
Hop out the coupe
I was in the box
이젠 Late night, hitdemfolks
여자 친구가 늘 말해
너 생긴 건 빡세도 좋은 이유
You don’t even smoke
All black 착장을 두르고
나가지 거리로
누가 못 알아봐도
IDGAF I just play that VILLAIN 2
날 몰랐다면 사고

내 착장은 All-Black
S**t, 다 가렸는데 Racy
주안동에서 하늘 끝까지 계속 배팅
All ma young ninja s**t
All ma young ninja s**t
피 안 나눈 형제도 날 믿어
So we stackin Cheese
내 착장은 All-Black
S**t, 다 가렸는데 Racy
주안동에서 하늘 끝까지 계속 배팅
All ma young ninja s**t
All ma young ninja s**t
피 안 나눈 형제도 날 믿어
So we stackin Cheese",10
189,Language (Feat. Rei),Rredrain (레드레인),"You come around in the night
and ask me if I’m alright
난 필요없다했어 너가
너가
But I can’t get you out of my mind
Cuz lately I don’t feel right
난 필요해 보여 너가
I need you now
You know that I cant act well when you’re not around
You knew I’d never think that you would tear me down
You know that I can’t let you go when im all low down
down
I can not let you go now
뭔 말을 해 can we just dance
But I don’t know how to dance
걍 말이나 더해줘 내게
Mmh
넌 다른 언어를 써 나에게
내 말이 안 닿나 봐 너에겐
So I gotta use your language
Your language woah
When walking on street 난 숙여 내 머리 down
Yeah I do think they know me
I can’t talk without xan cuz they got me on a rec
내 말들을 얘낸 가져가 써먹으니
미움들이 벌은 bands
Rredrain 저렇게 벌면 좋을까란 말에 답 못해 난 sh*t
와중에 내 머리엔 cash
나 사람이긴 글렀나 팔았어 내 soul
Step 1,2
Friends 하나 둘
변했지만 걔넨 내 troop
Yeah I’m in my booth
Spit like 븅신
피하길 포기했어 truth
Yeah I ain’t trynna act but I can’t act at all
Adderall got me wake up
Safe sex 필요없어 난 얘
Red flag bitches I don’t chase
Xany meds still got me sad
패긴 패야겠어 못 고쳐 내 stance
Baggy pants f*ck I wear it all flare
맞아 내가 “쟤가 쟤야?”에 쟤야
손댈 수 없이 찾아와 최악
Drowning down real low I’m gon’ need you
Yeah I’m drowning down real low I’m gon’ need you
Yeah I’m drowning down real low I’m gon’ need you
You come around in the night
and ask me if I’m alright
난 필요없다했어 너가
너가
But I can’t get you out of my mind
Cuz lately I don’t feel right
난 필요해 보여 너가
I need you now
You know that I cant act well when you’re not around
You knew I’d never think that you would tear me down
You know that I can’t let you go when im all low down
down
I can not let you go now
You come around in the night
I don’t f*ck around I’m doing you right
Swear to god they out of my mind
And you ask if I’m alright
Ye whatever it is I’m down
You know I need it somehow
So it goes like
We don’t talk a lot
Why they talking too much too much too much
너는 serving 하고 fien하지 난
어디 가서 사야 되나 너 같은 건
Bed time 할 때는 너가 튼 걸로
Outside 할 때는 내가 준 걸로
Let me put it back
Hit it from the back, back
They been talking that I’m so crazy
너를 못 이겨 I can’t stand it
쟤넨 몰라 that body language
우린 붙어있어 like sandwich
Evil girls ye that’s my fetish
She a bad but I am the baddest
쟤넨 모를 걸 what is happening
Don’t you understand it
You come around in the night
and ask me if I’m alright
난 필요없다했어 너가
너가
But I can’t get you out of my mind
Cuz lately I don’t feel right
난 필요해 보여 너가
I need you now
You know that I cant act well when you’re not around
You knew I’d never think that you would tear me down
You know that I can’t let you go when im all low down
down
I can not let you go now
Can’t let you go now
I can not let you go",183
190,회상,H-AIWORLD21,"I still remember those nights, 끝이 없는 말들
Laughed through the pain, 우리만의 작은 세상, yeah
Couldn’t let go, holding tight, 서로의 vibe
Memories stackin’ up, 그때로 rewind

Lonely street, I walk alone, 텅 빈 거리 위
떠나가 버린 너의 흔적, 난 아직도 here
Lookin’ at the stars, 너와 나의 scars
Can't erase the past, but it's all we had, and I miss it, no lie

Flashback, all those moments back in time
우리가 만든 모든 장면 in my mind
Holding on tight, even when it hurts inside
회상 속 너와 나, back in that light

Days go by, 시간은 모래처럼 사라져
I’m still chasin’ the shadow of you, can’t let go
하늘 위에 그린 our dreams, lost but true
Every beat, every rhyme, takes me back to you

Just memories now, but they’re all I’ve got
우릴 잊지 못해, like an unbroken knot
Feel the echo, deep in my chest
회상의 끝, but I’m holding on best

Lost in the past, but I’m finding my way
영원할 줄 알았던 우리, fading like gray
One last time, for the road, with this rhyme
Memory lane, 너와 함께한 prime",4
191,"Hi, Five (Prod. daln)",D1PSOWNIK (딥소닉),"Hi, Five. Good Morning 이야 애새*들아
자리만 차지하고 아무것도 안하는 **새*들아
One two three four, Out, OG, 틀딱, 할배 Rappers Out
꺼져 네 새해 복도 다 내가 해 *먹을거야 Ha Ha
뱀 해가 밝았어도 뱀새*들과 안 놀아, Another one
내 Fam 이랑 돈이 내 우선, Payday 골라서 난 벌어 Dolllar & Won
Plan 이 있냐고들 하면 귀 터지게 듣기 딥소닉 걔는 다르군
I spit that rap all day, 24시간이 부족해 이 Lifestyle 의 체계
난 살 수 없어 게을리 아직 반의 반도 보여주질 않았으니까
I live in Korea, 내 꿈 한국의 Warren Buffett
내 Body pillow 는 돈 더미 침대 곁에도 Money stackin'
Ya ya 내 Rhythm 을 타, Uh 계속해서 올라가
Uh 돈은 내 뒤를 따라와, Can't stop now oh wah
Ya uh Rhythm 을 타, Uh 계속해서 올라가
Uh 돈은 내 뒤를 따라와, Can't stop now oh wah
Hi, Five. Good Morning 이야 애새*들아
자리만 차지하고 아무것도 안하는 **새*들아
One two three four, Out, OG, 틀딱, 할배 Rappers Out
꺼져 네 새해 복도 다 내가 해 *먹을거야 Ha Ha
내가 걸어온 길, 그건 이미 정해졌던거지
넌 아직도 고민중이니 You're f**king behind me
아무도 모르던 사이 Game changer
내 소리는 빛나 In major
무대 위에서 나는 독보적
Feel like I'm a power ranger
Hi, Five. Good Morning 이야 애새*들아
자리만 차지하고 아무것도 안하는 **새*들아
One two three four, Out, OG, 틀딱, 할배 Rappers Out
꺼져 네 새해 복도 다 내가 해 *먹을거야 Ha Ha
Hi, Five. Good Morning 이야 애새*들아
자리만 차지하고 아무것도 안하는 **새*들아
One two three four, Out, OG, 틀딱, 할배 Rappers Out
꺼져 네 새해 복도 다 내가 해 *먹을거야 Ha Ha",22
192,Coffee and Rain,Star Whale,"[가사 준비중] 멜론 회원 여러분! 가사 등록을 기다리고 있어요.
가사등록하기",1
193,Long Time,도우,"long time rainin'
in my heart painin'
내 걱정은 되려
내 맘속을 해롱

그냥 모른척해 줘
그게 날 위한 배려
It's not a better thing
그냥 밟자고 pedal

비상사태 my emotian
아냐 너에 대한 게
안 챙겨온 Wallet
되나 APPLEPAY
상관은 없네 판단은 없네
원래 없네 정신머리 오늘따라 더

그냥 허공에 멍 때리고 비워
머리를 텅 쌓이는 병
아직은 먼 정리 정돈
비가 흘러 눈에서 long time

long time rainin'
in my heart painin'
내 걱정은 되려
내 맘속을 해롱
그냥 모른척해 줘

long time rainin'
in my heart painin'
내 걱정은 되려
내 맘속을 해롱
그냥 모른척해 줘

long time rainy
need you so bad
새것도 아닌데 넌 tag
안 벗겨진 거야 아무한테도
나조차도 못 가져 so tell me
any words to my world is drowning
숨이 가빠서 못 돌아오지

잠기고 있어 내 stu
고민은 패스 난 shoes
어디야 태우러 갈게 난 슝

왜 이래 내려 아닌데 여름
도깨비도 아닌데 우울한 게
365는 누가 정해서
1년이 길어 개 멍청하게

왜 long time its rainy
long time its rainy 대신
sometimes you call me baby

long time rainin'
in my heart painin'
내 걱정은 되려
내 맘속을 해롱
그냥 모른척해 줘

long time rainin'
in my heart painin'
내 걱정은 되려
내 맘속을 해롱
그냥 모른척해 줘",4
194,Call me back,Simhoon,"Shawty call me back
이거 들으면 전화 해
넌 또 피곤해서 못 봤대
넌 또 피곤해서 못 봐 DM
Why you cappin always?
당한 것 같아 Love scam
Fxxk that,the end
이거 들으면 전화해
Shawty call me back
이-이거 들으면
Shawty call me back
이-이거 들으면
Shawty call me back
이-이거 들으면
Shawty call me
이거 들으면 전화해

Shawty call me back
넌 또 바쁘대 매일
옷이 바뀌지 매일
기분도 바뀌네 매일
넌 또 Cap
say ""Call you back""
그래 놓고는 내일
SRY 피곤해서 잠이 들었대
변함 없지 넌 매일이
예민한지 또 왜이리
넌 또 인스타 현활중 ah
또 끊었어 Face time yeah
몇번인지 기억도 안 나
yeah
이거 들으면 전화해

Shawty call me back
이거 들으면 전화 해
넌 또 피곤해서 못 봤대
넌 또 피곤해서 못 봐 DM
Why you cappin always?
당한 것 같아 Love scam
Fxxk that,the end
이거 들으면 전화해
Shawty call me back
이-이거 들으면
Shawty call me back
이-이거 들으면
Shawty call me back
이-이거 들으면
Shawty call me
이거 들으면 전화해",3
195,IF YOU LOVE ME,킨세인(KINSANE),"If you love me
거짓말이 말이 아니라면
너는 나를 위해 뭐를 할 수 있니

If you love me
내가 망해 버린다고 해도
끝까지 내 옆에 있을 건지

현금 다발들이 필요하지
Racks Racks Racks
다르잖아 난 쟤넨 비슷비슷해

If you love me
아니라면 꺼져 제발
걔네 뒷담화로는 절대로
can’t fallin

아직 변한 게 나 하나두 계속 여전하게
여기 지하에서 만들었지 벗어나기 위해
시간들을 하나 둘 잡아두지 못해
돌아온 건 고통 밖에 쏟은 노력들에 비해

너는 잘 될 거라 내게 말을 했지
만족 못 하겠어 오늘 밤은 왠지
I'm afraid but I’m still going
굴러 계속 앞으로만 없어 ** plan b

Umm 돌아왔어 too late
걸린 시간만큼 환전해서 getting f**kin pay
Umm 꾸준하게 keep face
서두르지 않고 이제 세게 한방 노릴 때지

I’m strating from the bottom
잃을게 뭔데 거지같이 못 살잖아
What you wanna baby
구라 치는 새낀 옆에 두지 못해 fact
I told you my life is insane

내 약점을 감추고 다녀 achilles
피가 흘러 I don’t care I’m feelless
쉽게 판단하지 날 nothing has change
우리 다른 길을 걷고 있으니까

Say know me, do you really know
돈이 없으면 난 믿지 못해 love
In ma booth 9자리를 callin up
지난 감정들은 너무 무뎌졌어

If you love me
거짓말이 말이 아니라면
너는 나를 위해 뭐를 할 수 있니

If you love me
내가 망해 버린다고 해도
끝까지 내 옆에 있을 건지

현금 다발들이 필요하지
Racks Racks Racks
다르잖아 난 쟤넨 비슷비슷해

If you love me
아니라면 꺼져 제발
걔네 뒷담화로는 절대로
can’t fallin

film me making that big money in slow mode
좀 더 크게 일을 내줘
변명들만 내뱉고 다 튄 거지
덕에 여기 나의 지폐들은 외롭

Popin pain all night cause I’m lonely
잠이 오겠냐고 저 부자들이 논리
My feet only checks
그냥 하고 이겨 race
멈출 수가 없어 밝아 accelerator

나머지는 전주 so boring 그래서 skip 해
쉽게 벌긴 바쳤다고 나의 20대
위태한 매일 버텨 모가지 핏대로
b**ch a** 만만하게 보다가는 kick that

I’m starting from the bottom
잃을게 뭔데 거지같이 못 살잖아
What you wanna baby
구라 치는 새낀 옆에 두지 못해 fact
I told you my life is insane

내 약점을 감추고 다녀 achilles
피가 흘러 I don’t care I’m feelless
쉽게 판단하지 날 nothing has change
우리 다른 길을 걷고 있으니까

If you love me
거짓말이 말이 아니라면
너는 나를 위해 뭐를 할 수 있니

If you love me
내가 망해 버린다고 해도
끝까지 내 옆에 있을 건지

현금 다발들이 필요하지
Racks Racks Racks
다르잖아 난 쟤넨 비슷비슷해

If you love me
아니라면 꺼져 제발
걔네 뒷담화로는 절대로
can’t fallin",4
196,Intro,ToRi,어 왔어?,4
197,ANTENNA,BabyJenn,"Freestyle로 앨범 만들어버려 103 우린 랩 빼면 시체야
You can't even stand up in this area but trap은 내게 침대야
그래서 안가도 돼 이케아 잠이 오지 랩을 해야
쟨 또 한대 악마랑 계약 그래서 내 직업은 퇴마

검정색 테마에 너가 또 이상한 글 쓸때 난 그냥 랩 할게
Yeah Yeah 아니지 케바케가 너넨 걸렸어 내 p rapper 안테나에

맞잖아 대답해봐 뭐하냐고 물어 팬한테만
새꺄 잘해봐 엄마한테나 아 안돼 걍 대화가
왜케 화났어 젠아 feel like 3학년 선도부
우린 마치 달과 태양 힙합씬의 종건준구

랩 못하면 기억 못해 너는 누구니?
Shout out to Kevin, Shout out to 양현민 내 비밀친구지
Yeah Yeah 이건 아직 새발의 피
상대가 누구든 걍 꼬라박아 겁 없이
103 Block S

넌 못 보는거 우린 보지 마치 영안
넌 목질에 혈안 뭘 자꾸 그렇게 계산해
니 만한 심장 다 보여 그니까 꺼져라
한번 걸림 못 벗어나 내 p rapper 안테나에

ANTENNA
ANTENNA
ANTENNA
ANTENNA
ANTENNA
ANTENNA
이거 아님 안되나

이거 안되나? 아니 된다 뭐 어쩌라고 새꺄
비트는 왜 짤라 거기에다 해봐 대답 그건 내맘
걍 대로 씨부려 조준하고서 너네들 귓구멍
기회줄테니까 찾아봐 쥐구멍 우린 좀 달라 듣고 자라 소현성

난 신동엽 여긴 동물농장 너희랑은 다르잖아 내 flow 좀 봐
미소년 같은 춤동장으로 뭔 힙합 you h
Ho Ho Ho 웃음이 나와 니 맘에 안들면 두발로 가줄게 오키나와

이거 펀치 라인이잖아 박수 짝 짝 짝
베이비젠 나랑 악수 (좋아요)
잠시 합죽이가 됩시다 쉿! 반주 Shout out to
BabyJenn & Dor1ki가 나타나면 합죽이 말고 함성을 (Like 김선응)
난 꼬리의 꼬리를 물어 like a 장성규

Diamond 자랑 그만하고 랩이나 하라고
당뇨병 걸린 환자처럼 말해 그게 다냐고
그게 다냐? 그럼 난 누가 죽일거지? 그게 만약 리키가 아니라면 내 랩 의미 없지 걍 혼자 죽지 (ay yo riki)

넌 못 보는거 우린 보지 마치 영안
넌 목질에 혈안 뭘 자꾸 그렇게 계산해
니 만한 심장 다 보여 그니까 꺼져라
한번 걸림 못 벗어나 내 p rapper 안테나에

ANTENNA
ANTENNA
ANTENNA
ANTENNA
ANTENNA
ANTENNA
이거 아님 안되나

가사 따윈 안 쓰고 우린 녹음했다, 해봐 B",7
198,Dear. My Queen,김민,"눈 부신 햇살이 낯선 그곳은
네가 있어 밝게 더 빛나고
네가 유독 아름다워지는 그곳은
내가 망가져 있는 곳
내 어린 마음 날 꺼내줘
날 위해 한번 울어줘
나를 봐 '개똥벌레'
누가 날 데리고 갈래
P.S 너만을 원해

Save me now 날 Oh Oh oh
I still, I go down Oh Oh oh
빈 잔의 고백
채워줘 너의 밤에
still I go down Oh Oh oh

여기는 모두 다 외로워
모두가 맛이 가 있어
나도 날 버린 뒤라서
내 죄 앞에서 외로워졌어
다 미워
떠나고 싶어 어디론가
날 데리러 와줘 너의 밤에
어디든 가자 너와 함께 할 곳에
수많은 죄를 덮고 잊어보려 마셔 옷을 벗기고
어디든 더러워진 채로 거릴 걸어 다녀 취해 머리 박고
I wanna go back
내가 떨어져 무너지기 전에 그때로
나와 함께 가줄래

Save me now 날 Oh Oh oh
I still, I go down Oh Oh oh
어두운 마음에 너를 담았네
I still, I go down Oh Baby

Save me now 날 Oh Oh oh
I still, I go down Oh Oh oh
빈 잔의 고백
채워줘 너의 밤에
still I go down Oh Oh oh
Save me now 날 Oh Oh oh
I still, I go down Oh Oh oh
빈 잔의 고백
채워줘 너의 밤에
still I go down Oh Oh oh",2
199,WHAT!,최상대우,"청소년 보호법에 따라 성인 인증이 필요한 콘텐츠 입니다. 성인 인증 후 이용해 주세요.
성인 인증",0
200,She is (feat. woOnim),Gabin,"원한다면 하루쯤은 가질거야 bar를
더 높은 곳을 원한다면 follow
술에 취한 듯 더 꼬이는 발음
But I got 음, I know
우린 같은 것을 봐도 표현이 달라서
가끔은 혼란스럽겠지만
그런 것도 네가 우아하단 이유 하나로
모든 것이 종결이 돼
이 밤에 우린 게을러
사랑한단 말을 되네이며
난 말하겠지 no cap이야
내 변화는 전부 너 때문이야
너도 전부 알 것 같은 느낌
너로 인해 감정을 느끼지
어쩐지 넌 오늘따라 우아하게 보여
날 홀린건지
해서 한 잔 권유했어
이번 주말에는 뭐해 넌
비싼 척은 별론데
너가 한다면 더 가치 있어
원한다면 하루 쯤은 가질거야
허나 더욱 원한다면 그 다음은 너야
여전해 네 모든 beauty
널 위해 가질게 굳이 다
원한다면 하루쯤은 가질거야 bar를
더 높은 곳을 원한다면 Follow
술에 취한 듯 더 꼬이는 발음
But I got 음, I know
우린 같은 것을 봐도 표현이 달라서
가끔은 혼란스럽겠지만
그런 것도 네가 우아하단 이유 하나로
모든 것이 종결이 돼
종결시켜 너의 눈빛 dope
무시해 다른 향수 냄새 아득히 먼듯해 보여
너의 IG 사진 위에 대문짝만하게
박아넣을래 내 voice
Yeah just straight one hunnit
가지고 싶은 신상이 될거야
Margiela bag에 tag처럼 동그라미쳐줘
Want to be your answer I'm....
(I want to be) Hold me tight
Workin at 9 to 11
밤이 찾아오면 안을래 너를
같은 말 반복하게 하지 말어
너에게만 쉽게 주거든 내 밤은
밀고 당기지마 don't need aggressive
내 모든 걸 가져가 되어줄래 universe
사랑을 다르게 발음해 you
야 넌 누구꺼야
(It's woonimakeamoneyrain)
원한다면 하루쯤은 가질거야 bar를
더 높은 곳을 원한다면 Follow
술에 취한 듯 더 꼬이는 발음
But I got 음, I know
우린 같은 것을 봐도 표현이 달라서
가끔은 혼란스럽겠지만
그런 것도 네가 우아하단 이유 하나로
모든 것이 종결이 돼
원한다면 이 밤에 Follow
우린 쟤넨 모를 것도 알아
어두운 밤엔 무언가에 hallo
그 안에서 사랑한단 말로",4
201,한바탕(한밭Time),Keepro,"신나게 놀아보자 한바탕
누가 재미없대 일단 와바
한밭 Tang! Tang!

크게 펼쳐진 땅 위로 우린 사뿐히
그게 뭘 말하겠어 뭐든 할 수 있단 뜻이지
내 어제는 낭만
오늘에 감사
내일은 상상으로 채워 한바탕
해보자고 바라보기만 ""한꿈이""
""소망""과 같이 보여지고 있어 보란 듯이
동서남북 팔도 어디든지
우린 ""大""자 팔 벌려 환영하는 중이지
시간 여행하듯 즐겨 time machine
""소제 거리부터 중앙""으로 멋이
흘러 남녀노소 즐기잖아 역시
몇 시야? 지금 시간은 딱 0시
yo time to party
한바탕을 알리는 이 노랜 빵빠레
잘 있으라 떠난 이도 온다고 말해
손을 들어 반기자고 마치 헹가래

신나게 놀아보자 우리 한바탕
누가 재미없대 이젠 한밭 time
보란 듯이 즐긴다고 한바탕 한바탕 한바탕
신나게 놀아보자 우리 한바탕
누가 재미없대 이젠 한밭 time
보란 듯이 즐긴다고 한바탕 한바탕 한바탕

에~오 에오 에오 에~오 에
에~오 에오 에오 에~오 에
에~오 에오 에오 에~오 에
에~오 에오 에오 에~오 에

재미없단 말을 한데
우리 상태는 지금 딱 그 반대
떠난 이도 다시 왔기에
여기 한 밭에 잠에 들지 않는 이
도시 위로 bounce it
우린 딱 가운데로 모였으니 잔치해
""한줄기 빛으로 탑""을 세워 함께
어릴 적 ""꿈돌이"" 커진 채로 왔네
두근대는 중심 심장이 뛰어 밤새
누구든지 여기 오실 분
꺼지지 않는 재미 땜에 0시 50분
그 열차는 못 타 즐기자고 alright
낭만과 꿀잼 Big잼이 여기 있군
지금 이 순간만큼은 우린 하나
이글거린 분위기를 모두 여기 담아
시작하는 거지 우리들에 한바탕
이건 한밭 time

신나게 놀아보자 우리 한바탕
누가 재미없대 이젠 한밭 time
보란 듯이 즐긴다고 한바탕 한바탕 한바탕
신나게 놀아보자 우리 한바탕
누가 재미없대 이젠 한밭 time
보란 듯이 즐긴다고 한바탕 한바탕 한바탕

에~오 에오 에오 에~오 에
에~오 에오 에오 에~오 에
에~오 에오 에오 에~오 에
에~오 에오 에오 에~오 에",0
202,우리 갑순이 (Original Ver.),리치만(Richmann),"더 안아 주지 못해서
널 혼자 둔적 많아서
널 지켜주지 못했어
후회밖에...
잘해준 게 난 없어


어쩜 이리 작고 눈이 예쁜 천사
손바닥 보다 더욱 작은 꼬마
이름은 갑순이로 정해버리자
큰 거 안 바랜다 서른 해만 같이 살자

하품하고 넘어지고 놀고 자다 깨고
아직 애기라서 깜찍하고 설레죠
우리 부녀 사이 12년 1월 3일
내겐 가장 좋은 날로 기억됐죠


더 안아 주지 못해서
널 혼자 둔적 많아서
널 지켜주지 못했어
후회밖에...
잘해준 게 난 없어


사랑이 날 버리고 떠나버릴 때
남은 친구조차 모두 나를 버릴 때
세상에서 가장 비참하게 버려질 때
나의 곁엔 갑순이 eh

웃을 때나 눈물을 마구 뱉을 때도
꼬순내 진동한 털복숭이 젤리로
내 얼굴을 어루만져 주던 갑순이
쓰러지는 나를 지켜주던 깡순이 eh


천사같이 착한 우리 아가
아장아장 하던 꼬마 갑순이가
나와 같이 함께 쉽게 넘긴 열세 살
앞으로 더 같이 이렇게만 살자

그러던 어느 날 너는 잠에 들어
움직이지 않어 일어나지 않어
설마설마하며 병원으로 뛰어
심폐 소생에도 너무 늦어버렸어


내가 과연 너를 어떻게 보내
눈을 감고 잠에 든것만 같애
멈춰버린 너와 나의 시간에
돌이킬 수 없는 현실에

이 노래로 이제 놓아줄게
가끔 비나 바람으로 찾아와 줄래?
나의 곁에 맴돈 걸 알기에
꼭 다시 만나 다음 생에 eh


더 안아 주지 못해서
널 혼자 둔적 많아서
널 지켜주지 못했어
후회밖에...
잘해준 게 난 없어",0
203,Morning Star,랩찬 (RAPCHAN),"Morning star

Lyrics By 랩찬
Composer By 랩찬
Arranger By 랩찬

Hook
빛이 나는 Morning star
찬란한 저 Morning star
스쳐 지나가며 빛을 보인 순간
눈을 뗄 수 없이 반짝였던 오직 그날

유리창에 비친 실루엣
새벽하늘 빛을 비추네
눈이 부시도록 빛을 보인 순간
눈을 뗄 수 없이 빛이 나는 Morning star

Verse1
눈이 마주치면 사라져 거짓말이란
무언가에 홀린 거 같아 어디까지나
재채기에 현기증이 나
불치병에 걸린 것인가

그건 착각의 아름다움
시간 지나야만 가늠할 수
있지만은 지금은 알 수 없음
바라는 건 하나 같은 마음

사라지지 마 거기 머물러
보이질 않아 어두워
흔적을 찾아 주변을 어슬렁
한 걸음 더 다가가길 너의 곁으로

맘에도 없는 말 입에 담지 않어
잊지 않어 심장에 꽂힌 그날
빛이 나는 너는 Morning star
잠시 아닌 영원히 발하는 Morning star

Hook
빛이 나는 Morning star
찬란한 저 Morning star
스쳐 지나가며 빛을 보인 순간
눈을 뗄 수 없이 반짝였던 오직 그날

유리창에 비친 실루엣
새벽하늘 빛을 비추네
눈이 부시도록 빛을 보인 순간
눈을 뗄 수 없이 빛이 나는 Morning star

Verse2
세월이 흘러도 변함이 없이
사랑은 없지 저주 같은 현실
이제 깨달아서 번민
그냥 사는 거지 아무 일 없이

뭐 더 새로울 것도 없어
맘은 찢겨져 너 덜
어제도 오늘도 견뎌
평생 허우적 암흑의 터널

지겨워 모두 꿈 환상
그리고 착각 정신을 압박
울리고 아파 갈 길이 달라
대체로 난감 탈락 uh~

하얀 나비로(와서) 검은 나비로(떠나)
반딧불이로 다시 제 자리로
진심만을 건네준 사람이었어
이것은 마지막 연서

Bridge
처음엔 종 모양의 초콜릿
담엔 겨울바다 파도소리
달콤한 꿈을 꿔 눈 떠보니
별이 되어 심금을 울려오지

안 본 척 뒤돌아 뒷걸음질
맘을 숨기지 곁눈질
그만 봐 눈치 사라지지 어둠이
새벽하늘 별 밝게 비쳐주니

Hook
빛이 나는 Morning star
찬란한 저 Morning star
스쳐 지나가며 빛을 보인 순간
눈을 뗄 수 없이 반짝였던 오직 그날

유리창에 비친 실루엣
새벽하늘 빛을 비추네
눈이 부시도록 빛을 보인 순간
눈을 뗄 수 없이 빛이 나는 Morning star",0
204,Bobsleigh,오스카스미스 (Oscar $mith),"지나쳐서
쳇바퀴들 사이 넘어
skrt skrt을 해
too cold city ah
관심 없어진 라인업
관심사는 girl that hot one
위치 정보 대화로
갖고 왔던 나의 곤란 다 잊어
살아 매 순간에
살아 매 순간에
살아 매 순간에
살아 매 순간에
two course hit the line motor run
thru curves in the line motor runnin’
thru curves in the line motor runnin’
+two crosses 나의 목에 팔에+
참견하지 마 그게 뭐던간
i don’t really need that i don’t want it
쉽게 얻은 것은 다 쉽게 떠나지
지폐만이 가득한 그 마음 따위
난 안 내켜 피해 신속
봅슬레이 slide to city 속에
난 안 따라가 개 돼지들의 잣대
마하의 속도 삶 매 순간에 선택
run run ridin’ run the road
run no like the other one
속해 이 거리 또
so care about differents
지나쳐서
쳇바퀴들 사이 넘어
skrt skrt을 해
too cold city ah
관심 없어진 라인업
관심사는 girl that hot one
위치 정보 대화로
갖고 왔던 나의 곤란 다 잊어
살아 매 순간에
살아 매 순간에
살아 매 순간에
살아 매 순간에
서울 벌어 난 지폐
summer time tik tak
겨울 도시의 실태
Freeze_need some heat tech
지나쳐서
쳇바퀴들 사이 넘어
skrt skrt을 해
too cold city ah
관심 없어진 라인업
관심사는 girl that hot one
위치 정보 대화로
갖고 왔던 나의 곤란 다 잊어
건너가지
건너까지
홀로 가지
oh nobody
errbody 다 각자 길로
그렇게 살다 없어질걸
멋없게 살다 없어지면
woah
i don’t know
왔던 길 잊어 또 난 너무 빨리
busy city 위 skrt skrt 너무 빨리
oh nobody
홀로 가지",0
205,ㄷㅏㄴㅂㅓㄹㅅㅣㄴㅅㅏ,BEONNOE WANA,"청소년 보호법에 따라 성인 인증이 필요한 콘텐츠 입니다. 성인 인증 후 이용해 주세요.
성인 인증",0
206,Team Squid,랩찬 (RAPCHAN),"오징어~(Squid! Squid!) 오징어~(Squid! Squid!)
오징어~(Squid! Squid!) 대잠수함 박격포!
오징어~(Squid! Squid!) 오징어~(Squid! Squid!)
오징어~(Squid! Squid!) 대잠수함 박격포!

잘 생겼어 난 너무나 머리 서 밭 끝 전부 다
섹시한 매력 넘친다 누가 뭐라던 엄친아
잘못된 개념 바꾸고 뒤처진 생각을 날려 가슴에 훅하고
박히는 감격 향기에 미치는 게 관건 정신 나가고 말아
진실만을 뱉어 이건 정말로 이실직고
새로운 기준이고 솔까말 미친 시도
멋대로 생긴 데로 살아보자 예상 못 했던 간지가 폭발
OH Ah! 넘치는 개성도 좋다 다시 태어난 오늘은 봄날

오징어~(Squid! Squid!) 오징어~(Squid! Squid!)
오징어~(Squid! Squid!) 대잠수함 박격포!
오징어~(Squid! Squid!) 오징어~(Squid! Squid!)
오징어~(Squid! Squid!) 대잠수함 박격포!

나름대로 자부심을 갖지 넘치는 개성은 가지가지
남이 갖지 못하는 간지 있다는 걸 알기나 하니
갑상선 편도선 우주선과의 관계
생각을 하면은 안돼 되는 데로 뱉다 보면은 나 오늘 장사 안 해
여기서 구호 함께 외쳐 Squid! Squid! 이리 오세여~
다시 한번 Squid! Squid! 이리 오세여~
헤쳐 모여 금욜 아닌 목욜 thursday ye~
우린 skitlez 아닌 squidthurs yei ye~

EHYUK(Squid! Squid!) shotgun(Squid! Squid!)
CreamValog(Squid! Squid!) 모두 같이 외쳐 (Squid!)
EHYUK(Squid! Squid!) shotgun(Squid! Squid!)
CreamValog(Squid! Squid!) 모두 같이 외쳐 (Squid!)

오징어~(Squid! Squid!) 오징어~(Squid! Squid!)
오징어~(Squid! Squid!) 대잠수함 박격포!
오징어~(Squid! Squid!) 오징어~(Squid! Squid!)
오징어~(Squid! Squid!) 대잠수함 박격포!",1
207,겨울정류장,김우도,"울지마 마지막이야 이 밤이
웃어봐 평소같이 안아주라 추워 내 몸이
예쁘네 너의 눈 여전히
안 예쁘잖아, 혼자 맞고 있는 차가운 눈이
이제 10분도 남지 않은 저 버스가 도착하면
추웠던 겨울 지나 따뜻한 봄이 오면
그때는 너와 나는 남이겠지
행복했던 추억을 지운 채
날 못 본 척하겠지

많이 힘들어도 좋았던 추억에 난 취해 다시
널 미워해도 싫어했던 적은 없어 난
떠나지 말라고 난 외쳐봐도
꽤 많이 비참하게 붙잡아도
시간이 벌써 다가와서
널 보내줘야만 하지만
손이 안 놓여,
난 마음을 더
독하게 먹어 다시

Yeah 안녕 멀어지는 겨울을 난 떠나
보낸 뒤엔 널 못 보겠지만
마지막이니 웃음을 지어 난
울지 말자, 언젠간 돌아오니 사계같이

안녕 멀어지는 겨울을 난 떠나
보낸 뒤엔 널 못 보겠지만
마지막이니 눈물이 나와 난
웃자 다시, 언젠간 돌아오니 정류장엔

여전히 취해 도피해도
빼곡했던 추억에 Back again
난 채우지 못했네
아직도 방에는 술, 담배
기리 형의 노래 틀어
24시간 귓구녕
에어팟엔 너가 좋아하던
우리서로사랑하지는말자
밤새 잠 못 자 난 부엉이
어두운 새벽 걷다 보니 익숙한 골목길
'집 앞이야 나와줘' 란 말은 뱉지 않을게
널 사랑한다는 말을 뱉고 사랑한다 안을래

많이 힘들어도 좋았던 추억에 난 취해 다시
널 미워해도 싫어했던 적은 없어 난
떠나지 말라고 난 외쳐봐도
꽤 많이 비참하게 붙잡아도
시간이 벌써 다가와서
널 보내줘야만 하지만
손이 안 놓여,
난 마음을 더
독하게 먹어 다시

Yeah 안녕 멀어지는 겨울을 난 떠나
보낸 뒤엔 널 못 보겠지만
마지막이니 웃음을 지어 난
울지 말자, 언젠간 돌아오니 사계같이

안녕 멀어지는 겨울을 난 떠나
보낸 뒤엔 널 못 보겠지만
마지막이니 눈물이 나와 난
웃자 다시, 언젠간 돌아오니 정류장엔",27
208,가지마,쏘재 (SsoJae),"매일 같은 하루 지나가고 일주일 반복
다시 한 달이 지나고 벌써 오늘의 밤도 끝이네
(끝이네 이렇게)
난 여기 왜 있나
이젠 잘 지내보려 노력했던 일상이
언제부턴가 목적 없이 흘러만 가
정말 계속 이러다가
나를 잊을 것 만 같아
이 회색도시가 날 집어삼킨듯해
하지 못한 게 아직 많이 있는데
난 이대로만 이제 그만
하고 싶어져 지쳐버렸나 봐
기회가 많은 만큼 위험한 이곳
다들 쫓겨 꾸는 꿈
여기선 일상일까 과연 이게
자나 깨나 돈인 게 내가 원한 건 이런 삶이 아닌데
정말 뜬구름 잡는 걸까 이게 아닌데
하지만 하지만 내가 원하지만
이 모든 게 다르게 자꾸 왜 멀어져만 가 날 도망가
가지 마 가지 마 제발 떠나지 마
나 조금만 있으면 닿을 수 있을 것만 같아서 그래
한 번 더 나를 믿어줘
세상 사람 모두 같은 생각인지
알다가도 모르겠는 요즘 마음 있지
내가 못 난 건가 네가 잘 난 걸까
비교하며 살다 보니 내 표정은 ...
똑같은 시간이라도
다 다른 사람이라고
그냥 날 보면 된다고 보면 된다고
여기서 출발한대도
난 늦은 게 아니라 이제 시작한 거야
뭐가 잘 못된진 몰라도 해 봐야지 일단
가끔 잘 못된 길로 들어섰을 때에 도
그동안 그려왔던 지도를 펼쳐 그려 여기 길을
나 후회하지 않아 내가 될 날 생각하면
꽤나 멋있잖아 무대 위 날 비춰주는 별
그 아래 당당하게 서있는 날 꿈꾸며 기다려
이제 알겠지 이다음은 부탁이 아냐 더는
하지만 하지만 내가 원하지만
이 모든 게 다르게 자꾸 왜 멀어져만 가 날 도망가
가지 마 가지 마 제발 떠나지 마
나 조금만 있으면 닿을 수 있을 것만 같아서 그래
한 번 더 나를 믿어줘",10
209,"넌, 그 거리에",허인재,"이제야 받아들여 우리에 대해
맘이 접히질 않아서 어떡해
모든 것이 다 black out
스위치를 위아래 반복
결국 고장이 났겠죠
뭐를 하던 결과는 같겠죠
손을 쓰긴 늦은 거겠죠
우린 돌아갈 수는 없겠죠

비워둔 자리의 주인은 넌데
옷소매를 놓아 버린 후에
그때 그 자리 계절이 변해서
내 앞에 네가 서 있어

can't i call your name
can't i call your name, oh
네 이름을 부르지 못해서
can't i call your name
can't i call your name, oh
네 이름을 부르지 못해

머리를 비운채 또 하루를 살아
아무것도 할 수 없어 너를 찾아
바보처럼 그때 부렸던 고집들을
후회한들 주워 담을 수 없던 말을, oh
I regret, sorry bay
I regret, sorry bay
그래 맞아 널 마주할 자격 없는걸
네 심장 찢어놨던 못난 새낀 나인걸
I'm livin' in a fuck your love
이제 와서 너무 늦어버린 거지 미안해
never, ever, never
미쳐하지 못한 말을 풀어놨어 이 곡에

비워둔 자리의 주인은 넌데
옷소매를 놓아 버린 후에
그때 그 자리 계절이 변해서
내 앞에 네가 서 있어

can't i call your name
can't i call your name, oh
네 이름을 부르지 못해서
can't i call your name
can't i call your name, oh
네 이름을 부르지 못해

이미 꺼져버린 네 전화로 다시 calling
받지 않을걸 알아도 걸어 sorry
대체품을 찾아봐도 아니야
네가 보고 싶은 밤이야
나도 알아 내가 못난 새끼란 걸
네가 아닌 여자를 품어 보낸 하룻밤도
의미 없지 걸친 명품도
처음 그 자리에 서 있어
right here, right here, right here
여전히 잊지 못한 채로 살아가지 난 말이야
사계가 돌아 봄이 왔다 해도
너란 꽃을 볼 수는 없단 말이야

비워둔 자리의 주인은 넌데
옷소매를 놓아 버린 후에
그때 그 자리 계절이 변해서
내 앞에 네가 서 있어

can't i call your name
can't i call your name, oh
네 이름을 부르지 못해서
can't i call your name
can't i call your name, oh
네 이름을 부르지 못해",1
210,Big uncle,김시윤,"청소년 보호법에 따라 성인 인증이 필요한 콘텐츠 입니다. 성인 인증 후 이용해 주세요.
성인 인증",0
211,ㄴㅜㄴ (Feat. Noi),yuri cleff,"여름이었어 매일
그 안에서 4계절을 찾았고 어느새
추운 겨울이 와버렸어 올해 달력을 check
분기별로 피드백
주마등 흐릿하게
지나갔어도 다짐하지 내년, 약속해
썰매 한 자루
나눠타고는 가끔
싸우기도 했지만
그리워 동네가
행복했어 돌아가고 싶어? 어때
나는 별로 여름은 이제 싫어서 절대

턱 막힌 숨이 우리 턱 끝까지 차올랐어
더 나빠질 게 없을 거라 믿었던 그 확신은 뭘
위해서 달렸고, 이젠 의미 없어
이야기는 멈췄고, 아니 갈 수가 없어

겨울이 없던 그곳에 얼려진 상처를 꺼내? 나는 못해
어쩌면 나보다 심했을 동생, 그러지 않길 바라
너무 더워서 덧나지 않게
해줄게 이건 속죄야
어쩌면 이건 숙제
늘 그렇듯 보란 듯 풀어볼게

귀마개와 털장갑, 목 도릴 매
입김에선 하얗게 가득한 설렘
썰매 가지고 내리막 순식간에 밑에
올라가자 꼭대기에 눈이 녹기 전에

여름이었어 매일
그 안에서 4계절을 찾았고 어느새
추운 겨울이 와버렸어 올해 달력을 check
분기별로 피드백
주마등 흐릿하게
지나갔어도 다짐하지 내년, 약속해
썰매 한 자루
나눠타고는 가끔
싸우기도 했지만
그리워 동네가
행복했어 돌아가고 싶어? 어때
나는 별로 여름은 이제 싫어서 절대

왜 가끔 그리워 damn
사실 매일 그리워 그때
너희의 눈엔 다이아몬드 링
걸어왔네 행복이

비바람이 불어와
비밀기지 들어가 문을 걸어 예예
문 두드리면 말해 암호
안전해 숨죽이면 예

베개는 보라색 베이프 허
이 녀석은 못 먹어 생선
와 루지는 집에 가 또
못 지나가게 막아
작업이나 하게

영원할 줄 알았지
왜 봄이 오지도 않았거늘 사라지니
1년 뒤엔 돌아오길 추억해
2년이 지난 후에야 깨

기대는 독이 돼 꼭
눈이 오길 바라면 내려 비나 눈물
모르는 척 기다려 계속
일하고 음악 하고 질리고 사랑해

도로 시간을 거스르고
네가 무서워했던 건 그저 순간일 뿐이라고
말하고 기록할 거야
좋은 때 좋은 날 좋은 사람들과

여름이었어 매일
그 안에서 4계절을 찾았고 어느새
추운 겨울이 와버렸어 올해 달력을 check
분기별로 피드백
주마등 흐릿하게
지나갔어도 다짐하지 내년, 약속해
썰매 한 자루
나눠타고는 가끔
싸우기도 했지만
그리워 동네가
행복했어 돌아가고 싶어? 어때
나는 별로 여름은 이제 싫어서 절대",20
212,Dive In,Lisk Taker,"(Chorus)

네게로 Dive In 해 사는 이유
당연히 너잖아 왜 그걸 물어

니가 마지막이야 더는 말 안 바꿔
같은 소릴 100번이나 하고 솔로지 난

바보인가 봐 진짜
언제쯤 혼자가
아니게 될까 나도 궁금해
언제 생길지도 모르는 그녀에게 전해놔

이건 널 위해 써본 뻔한 사랑 노래

(V1)

혹시 내일 뭐해?
저녁에 시간 어때?

같이 영화라도 하나 볼래?

난 아부는 못 떨어
사랑이 뭐 다른 게 있나

맘에 들면 직진이지 I got u

Hey what u doin girl?
잘 지내려나

솔로이길 바랬어
이기적이지만

될놈될이더라고
그래 어렵더라고

그깟 L-O-V-E

(Chorus)

네게로 Dive In 해 사는 이유
당연히 너잖아 왜 그걸 물어

니가 마지막이야 더는 말 안 바꿔
같은 소릴 100번이나 하고 솔로지 난

바보인가 봐 진짜
언제쯤 혼자가
아니게 될까 나도 궁금해
언제 생길지도 모르는 그녀에게 전해놔

이건 널 위해 써본 뻔한 사랑 노래

(V2)

이 노랜 날 위해서 함 만들어봤어
있지도 않은 여자로 노랠 만드는
꼴이 참 웃겨
사랑이 어쩌고저쩌고

니가 나빴고 뭐가 좋았고
개소리 말라지

사랑은 어렵네 여전히
침묵해야겠어

I'll give u the world
넌 진짜 이 말을 믿어?

(Bridge)

나 하난 장담해
장난이 아니지
이런 건 100번도 더 불러주지

난 네게 멋진 사람은 못 돼
입버릇처럼 그래도

부끄럽게 안 만든다고

If u are leaving
그땐 나도 몰라

I know that I can't
find nobody else as good as u

나도 사랑은 처음이라
첫 상대가 너였음 좋겠어

(Chorus)

네게로 Dive In 해 사는 이유
당연히 너잖아 왜 그걸 물어

니가 마지막이야 더는 말 안 바꿔
같은 소릴 100번이나 하고 솔로지 난

바보인가 봐 진짜
언제쯤 혼자가
아니게 될까 나도 궁금해
언제 생길지도 모르는 그녀에게 전해놔

이건 널 위해 써본 뻔한 사랑 노래",5
213,Chosen,NomadV,"I keep it going with day ones
Its day one
Its game on
Okay
No KO
We play on
We chosen okay
We day ones
Its day one
Its game on
Okay
No KO
We play on
We chosen okay

2022 Cyphers gone
I better be better than that uh
Don’t wanna lose to typers
I gotta be better than them uh
Too many songs I wrote but I just go put in the trash uh
I swear on my life
That we be the chosen ones
그때와 좀 달라진 게 있다면 이젠 새끼들 전부 한국말로 패
루카스 형이랑 서로를 믿지 넌 여태껏 뭐 했니 이미 넌 패
니 새끼들 머가리 대가리 밟고 올라가지 우리는 존나 높게
준비됐어 Okay
루카스형이랑 난 만사 Okay

I keep it going with day ones
Its day one
Its game on
Okay
No KO
We play on
We chosen okay
We day ones
Its day one
Its game on
Okay
No KO
We play on
We chosen okay

손때 all my bruddas would know
You don’t lay your hands
You don’t get in my zone
Imma tell you once
Imma tell you
You better step back
Imma pull up alone
It’s just me and V
And the realest of all
너무 참았지
얼른 갚아 내 돈
나이 똥꼬로 처먹고
이제서 뭘 한다고
씨부리 싸던 놈
이제서 왜 숨어
Fuck your prime
And fuck your potential
Shit on your vision
I’d do it for fun
Said karmas a bitch
You knew what you knew
I pulled up I told you
I told you I’d shoot
Somebody told you
Coz somebody cared
They saw as you fell
And they walked as they feared
Realest ones only forever we triumph
Chosen ones only forever prevail

I keep it going with day ones
Its day one
Its game on
Okay
No KO
We play on
We chosen okay
We day ones
Its day one
Its game on
Okay
No KO
We play on
We chosen okay

다시 처음으로 돌아가 2019로
내가 뭘 모르고 음악에만 모든 걸 쏟던 그때로
의미는 없이 걍 좋아 하던걸 하던 그때로
걍 내가 행복했던 때로
그때와 달라진 게 있어 난 너무도 외로워
혼자 해내야 한다는 부담감이 나에겐 너무도 괴로워
그때 날 잡아준 우진이형 에게는 너무나도 고마워
가진 게 없었지 이제 난 모든 걸 가졌지
돈으로는 계산 못하는 지금 같이 만들어가고 있지
모두가 부정할 때 계속 맞다고 해줬어
그러니 계속해서 들려 줄게 난 2배로

I keep it going with day ones
Its day one
Its game on
Okay
No KO
We play on
We chosen okay
We day ones
Its day one
Its game on
Okay
No KO
We play on
We chosen okay
I keep it going with day ones
Its day one
Its game on
Okay
No KO
We play on
We chosen okay
We day ones
Its day one
Its game on
Okay
No KO
We play on
We chosen okay",0
214,Attentive,OVN (오븐),"[가사 준비중] 멜론 회원 여러분! 가사 등록을 기다리고 있어요.
가사등록하기",4
215,화풀이 스타일 (Anger Freestyle),YOSI,"할 말 많이 참아서
조각나버린 어금니,
새로운 뮤즈가 됐네,
홍대 언더 공연은 이제

수요도 없는 티켓
중고딩들아, 똑바로 새겨들어라 내 말,
되기 싫으면 똥믈리에

네 오빤 모두가 한 번씩 타본 정글짐
부모님 땀방울과 맞바꾼 돈으로 어른인 체해
even after that, they cursed at me, suddenly
배 아파해,
but this motherfuckers didn't struggling

랩 좀 연구해, 씨발 못 들어주겠으니까
머리 쥐어뜯어서 겨우 벌스써도 내 replica
my bars like Mr. Charlie Chaplin
아무리 웃긴 라인을 뱉어도, 이건 예술이니까

니가 뭘 알겠어,
my moves are smooth
but, It looks like weird
only in loser's sight

인스타 스토리로
그만들 싸워, 꼴 보기 싫어
빨리 내 파티에서
통성명 하고 줄 서놔

나 오직 아버지 요트 태워드리면 되는데,
I love this fuckin' system of Serengeti
나머진 티 나, 머지 않아 걔네 모습은 짠할걸
but, 난 한건 하고 친구랑 짠 할거야

작년에 우연히 만나게 됐던 형들은
나더러 지금 놀아놓으래, "" mm.... fuck you ""
서른 넘어 메뉴판 30초 이상 안 볼 거라서 말이죠,
그리고 내 손엔 두터운 서류

Bring your rage, hiper-pop, new jazz crew
오토튠 빼고 랩 메이킹 하는 숙제 줄게
니 shawty들은 언제부턴가 부재중
왜? 이 신사다운 flow가 내 옆에 눕게 했군, yeah

my mama said, "" my son, how you feel now? ""
"" 엄마 우리 욕 엄청 많이 먹어, 힙합 씬 안에서 ""
애써 괜찮은 척은 절대 하지 마
왜냠 나 변태인가 봐, 나 지금 존나 신나

이 씨발 랩 병신 개 좆밥새끼들 아니꼽지 식구가?
그래서 main stage, 제안서 메일, 슬라피는 누가?
침묵하지, 이제 와 빌고파서 빌붙어봐도
사필귀정 shit, 결국 내 계좌에 bills 붙잖아

기회를 줄게 내 절도 있는 flow 절도 할,
"" 절 도와주세요 "" 외치고, 올려봐, 절도 한번
널 허각처럼 매일 집에 가서 허공 바라보게
해줄 테니 니가 싸지른 것 좀 봐",29
216,My Love,DAM1NOISE (데미노이즈),"넌 날 떠나라고
내게 말하더라도
어쩔 수 없이 널 보며 난 고갤 젓겠지

진짜 떠나라고
내게 말하더라도
어쩔 수 없이 널 보며 난 고갤 젓겠지

Baby, you are My Love
Let the story begin
Please don't leave me alone
I can't take care of my soul

Baby, you are My Love
Let the story begin
Please don't leave me alone
I can't take care of my soul

I can give you whole my life
어느새 와보니 난 여기 있지
너가 날 떠난 뒤에는
주변 사람들과도 하나, 둘씩
멀어지게 된 것 같아
우울증이 남아 날 썩였지
홀로 이 자책했던 날들
이젠 못 돌아간다는 일이

괜히 억지웃음을 지어
잊어 보려고 해도 잘 되지가 않잖아
Were our stories all lies?
이상한 놈들이 내 맘을 아려와
너가 필요해
지금 아니면
널 볼 수 없을지도 몰라
영원히 함께 하기로 약속했던 건
무너져버렸잖아

I want you stay
맘이 너무 아퍼
원래 잘 티는 안 내지만
너는 좀 달라

I want you stay
Because you are My Love
너와 함께할 수만 있다면
더는 홀로 겁내지 않아

넌 날 떠나라고
내게 말하더라도
어쩔 수 없이 널 보며 난 고갤 젓겠지

진짜 떠나라고
내게 말하더라도
어쩔 수 없이 널 보며 난 고갤 젓겠지

Baby, you are My Love
Let the story begin
Please don't leave me alone
I can't take care of my soul

Baby, you are My Love
Let the story begin
Please don't leave me alone
I can't take care of my soul",64
217,DON,FDR (에프디알),"trappers should be famous
돈이 안된다면 따라와 길을
틀어 wayside 갓길로
걸어왔지만 잃어버려 본질을
돈 돈 money and fame
돈 돈벌이에 waste my time
need to clean up all the mistakes
다시 돌아봐 온 길들
google teach me how to go
온갖 변명 둘러대고
당장 돈돈 거려 yen dollars
euro won 안 따져 쓸어 담았어
my boys ain’t got no guilt
I’m sorry
미안해할 필요 없잖아 like 자기
wifi 처럼 gas lightin
떵떵 거리려면
같이 난 돼야 해 쓰레기
더미처럼 쌓였지 가식
본질 버린 뒤에
부자 되자 같이
가기엔 엇갈렸던 he asked me
did you make as much as you wanted?
_도 안되는 소리
하던 걸 내려놨어 잠깐
내 얘길 쓰고 낮잠에서 깬 듯
아무렇지 않은 것처럼 다시
아무렇지 않은 것처럼 다시
should be famous
돈이 안된다면 따라와 길을
틀어 wayside 갓길로
걸어왔지만 잃어버려 본질을
돈 돈 money and fame
돈 돈벌이에 waste my time
need to clean up all the mistakes
다시 돌아봐 온 길들
soundcloud teach me how to swerve
온갖 가사 무의미한 소음
당장 돈돈 거려 yen dollars
euro won 안 따져 쓸어 담았어
my boys ain’t got no guilt
I’m sorry
싫어할 것 까진 없잖아 like 자기
wifi 처럼 gas lightin
떵떵 거려 난 쓰레기
trip trip 돌아 먼 길
crib 나의 집 더할 나위 없이
도착하지 나의 집 먼 발치서
바라본 내 fantasy
못 잡겠어 갈피
ocean view
영원한 것처럼 속여 내 꿈
바다처럼 땅을 숨겼어
돈 세는 소리 갑자기 들리네 마치 소음
돈 돈거려 다시 brr
같이 벌어 그룹 벌어
혼자 뭘 더 얻어
착한 척 그나마 본전 ha
trapper 어지럽다 했어 but low key
토하다 알았네 그건 jealousy huh
불편함을 감춰 말로
뻔한 가사에 담은
위로의 말 say 안녕
무의미해 보여
구분하는 것조차도
눈치 안 보여 나 빼고 huh",20
218,Here,최윤정,"[가사 준비중] 멜론 회원 여러분! 가사 등록을 기다리고 있어요.
가사등록하기",0
219,COACHELLA DREAM (Feat. 더블유닉 (W-NIC)),X33D (씨드),"I got coachlla dream 또 she's hype boy

I got power
Why you hate?
I'm all right huh

I got force ye 난 지금 여기 psyco

I got power
When I here
I don't lie huh

KOREA wo wo wo wo
KOREA wo wo wo wo
KOREA ha ha ha ha
KOREA ha ha ha ha

Xdouble3D 노래방 가면 파이터
옆방에 랩하는 소리가 들리면
난 노래 예약도 안하고
옆방노래 아카펠라로 따라불러버려

그럼 옆방사람들 내방 두들겨
선생님 한수만 가르쳐주세요
OK 일단 내방에 천원 넣어
동전한닢 세번 부르고 갈게요

마이크 있으면 무대
무대만 있음 폭주해
심지어 발라드도 반주 나오면
공기반 소리반 정확히 니 귀에 때려버려

니 친구 변비인데 나보면 지려버려
내 다음엔 나땜에 가사를 절어버려
삼겹살에 쌈장을 그냥 발라버려
싹다 썃다 갔다 내려버려

coachlla les go
블랙핑크 손잡고 갈거야
이왕 가는거 피쳐링 할거야
샷다운 리믹스를 할거야

OMG oh no
그때 내 옆옆엔 셀레나
있지만 I’m not her fan 이야
하지만 그녀는 내 fan 이야

쌓인게 많아 나인 그새 또 먹어
괜찮니 연륜이요
내가 뒤를 돌고 공연하면
관객은 다 내 백댄서

I got coachlla dream 또 she's hype boy

I got power
Why you hate?
I'm all right huh

I got force ye 난 지금 여기 psyco

I got power
When I here
I don't lie huh

KOREA wo wo wo wo
KOREA wo wo wo wo
KOREA ha ha ha ha
KOREA ha ha ha ha

I'm singer
coachella dream
unofficial
너넨 fiction

너넨 내 통장 수입원
공연 문화 내가 리더
수준 낮은 래퍼XX면
DM 디스 다 씹어

절대 같이 안 할래
언제 봤다 반말해
개 찐따 같은 제스처로
너넨 내게 발악했지

왜 안 가 military
군필자고 한국 대표 바로 나지
날아가 착지
캘리포니아에서 coachella dream

여자면 kiss 찾아 원피스
no kids zone

공연 안 하면 래퍼 아니지
앨범을 내 그게 내 삶이기에",2
220,Blue,MINDPRESET,"[가사 준비중] 멜론 회원 여러분! 가사 등록을 기다리고 있어요.
가사등록하기",4
221,Hip Girl,진진,"어제 본것 같아 darling
그렇게 밖에 못해 boring
오늘도 똑같잖아 feeling
나를 좀 깨워줄래 rolling
 
진짜로 hip한게 뭔지 보여줄게
나의 마음 속 deep한 진짜를
비싼 옷 걸친다고 멋진게 아냐
타고나는 맵시에 나도 몹시 놀라
 
그렇다고 또 그걸 그렇게 금새
따라하면 재미없지 곤란하지
주제 넘게 아무거나 먹어대면 배탈나 
 
I’m hip girl
u know why
모두 날 따라 오잖아
I’m hip girl
u know why
너도 날 알고 싶잖아
 
그래 맞아 개성 확실해
누군 말해 걔 성깔있어
뭐라 해도 계속 갈거야
재밌잖아 게임 속 세상
 
할 말이 있어 darling
빼야할 것 같아 couplering
지루한 건 이젠 bowling
새로운 걸 원해 killing
 
나만의 멋 멋진 작품 
전시할래 너라는 박물관에
영원히 기억될래  
역대급인 girl 걸작으로
 
붓 터치와 컬러감이 
아주 인상적인 작품으로 
20세기를 대표하는 
아주 멋진 소녀로
 
I’m hip girl
u know why
모두 날 따라 오잖아
I’m hip girl
u know why
너도 날 알고 싶잖아
 
그래 맞아 개성 확실해
누군 말해 걔 성깔있어
뭐라 해도 계속 갈거야
재밌잖아 게임 속 세상
 
좀 더 솔직하게 말해
좀 더 당당하게 너를 보여
모든 게 드러날 때
그 때 진짜 너를 찾을거야
 
I’m hip girl
u know why
모두 날 따라 오잖아
I’m hip girl
u know why
너도 날 알고 싶잖아
 
그래 맞아 개성 확실해
누군 말해 걔 성깔있어
뭐라 해도 계속 갈거야
재밌잖아 게임 속 세상
 
넌 빠져들게 될 걸
넌 자꾸 생각날 걸
넌 날 원하게 될 걸 될 girl
 
날 바라보게 될 걸
날 좋아하게 될 걸
날 사랑하게 될 걸 될 girl",0
222,UNCOVER,퍼트 (PERHT),"네비를 안 봐도 손이 기억 하나 봐
익숙한 도로 위를 달리는 차와 나
갈 길은 달라도 그 길로 가야 할 것 같아
핸들은 갈팡질팡 운전할 자격 박탈

신호등이 붉어져 어둠이
길거리 위의 차, 난 멀뚱히
갈 곳은 앞이 아닌 좌 신호가 다시 바뀔 타임
좌회전 화살표보다 먼저 켜진 원에 반응하는 발

난 여전히 그 자리
Still me stay alone
난 여전히 그대로
It's not over to me

여전히 조용한 동네의 바이브
늦은 시간에 함께 걸었던 길거리 위의 사람들을 봐
그때의 그 모습이 그려진 검은자에 찍힌 lights
후회로 치부하기에 이미 늦은 twilight

갈 길을 잃은 발이 놓인 break 지운 다음 round
한 번이 마지막일 테니 내린 차, 마음이 시켜서
혹시 널 마주치는 게 내게 과연
불편한 감정일진 모르겠지만 무너진 sequence

자주 걸은 길 함께했던 산책들
손에는 아이스크림을 쥐여주는 게 다음 패턴
언제나 일을 위해 챙겨온 백팩과
식사 뒤 잠깐의 쉼을 위해 커피를 원할 때쯤

둘의 발걸음이 향하던 그 카페
그 자리 그대로 앉아 커피를 주문한 다음
창문에 비친 둘 아닌 나
기억에 둘러싸인 채 마시던 걸 두고 나간다

난 여전히 그 자리
Still me stay alone
난 여전히 그대로
It's not over

멍하니 멈춰서 흘러가지 못해
고이고 고여서 썩어버린 듯 해
이젠 좀 놔줘 나를 좀 놔줘

난 여전히 그 자리
Still me stay alone
난 여전히 그대로
It's not over to me

난 여전히 그 자리
Still me stay alone
난 여전히 그대로
It's not over to me",10
223,Garnet,Smile tag,"Life turns
Sometime bad way yeah i know that
You don't even know how to get out
To the way out
She just wanna chill and lay down
She Trynna getting way out to the somewhere
She did it more than 10 times
But no one know that

Garnet 넌 나의 소중한 돌 Oh oh
그동안 힘들었지
흘러간 너의 시간을 봐
힘든 고생을 넘어 난 너의 빛을 봐

Garnet 넌 나의 소중한 돌 Oh oh
그동안 힘들었지
흘러간 너의 시간을 봐
힘든 고생을 넘어 난 너의 빛을 봐

Ah ah 들어 봐봐
말할게 우리 힘들었을때
그 희생에 대해
어린 나이에
나를 생각해 고생을 짊었을때에

꿈으로 가득찬 너의 맘 속에
책임이 들어가 현실을 더 보태
그때의 난 몰랐고
시간이 흘러 오늘이 다가와

오늘날 끝없이 너를 향해 쏟아지는
고통 속에서
의지할 가족이 짐을 줄때
다가오는 부담감은 얼마나 컸을까
생각이 들어

꿈으로 가득 찬 너의 맘 속에
책임이 들어가 현실을 더 보태
그때의 난 몰랐고
시간이 흘러 오늘이 다가와

Garnet 넌 나의 소중한 돌 Oh oh
그동안 힘들었지
흘러간 너의 시간을 봐
힘든 고생을 넘어 난 너의 빛을 봐

Garnet 넌 나의 소중한 돌 Oh oh
그동안 힘들었지
흘러간 너의 시간을 봐
힘든 고생을 넘어 난 너의 빛을 봐

keep turn light on , Light it up
어두운 방에 빛을 더
들여와 빛내줘
가는길에도 빛나게

애석한 시간이 또 또
다가와 너에게 압박을 붓고
돌을 놔 괜시리
참 왜이리
몰리는지 애석해

매번 가는길마다 넘어져
때론 장애물에 쓰러져
livin in the moment
너가 사는 상황속에
아픔은 지나갔고 앞날은 밝아

꿈으로 가득 찬 너의 맘 속에
책임이 들어가 현실을 더 보태
그때의 난 몰랐고
시간이 흘러 오늘이 다가와

Garnet 넌 나의 소중한 돌 Oh oh
그동안 힘들었지
흘러간 너의 시간을 봐
힘든 고생을 넘어 난 너의 빛을 봐

Garnet 넌 나의 소중한 돌 Oh oh
그동안 힘들었지
흘러간 너의 시간을 봐
힘든 고생을 넘어 난 너의 빛을 봐",0
224,Foggy Rhythms,Juno Lake,"[가사 준비중] 멜론 회원 여러분! 가사 등록을 기다리고 있어요.
가사등록하기",0
225,Blue Bloom,Lunart,"[가사 준비중] 멜론 회원 여러분! 가사 등록을 기다리고 있어요.
가사등록하기",1
226,빛,Bumpy,"거리에 빛은 많지만 우린 빛을 잃어가
솔직함보다는 원했던 눈부신 거짓말
화려한 겉모습 아래 가려진 우리 삶
늘 시선은 반짝이는 곳을 따라가지
그래서 항상 뒤엔 그림자가 따라 붙어
건물이 높을수록 그늘은 깊어져 어두워
한번은 봐야겠어 내 안의 불을 지펴
그늘속에서 피어나 이 도시위에 있어
어둠 속에서 길을 잃어도 눈을 감고 침착하게 있어줘
내 안의 빛이 나를 이끌고
내가 찾은 길을 따라가면 많은것이 느껴져
불빛이 꺼지면 눈앞엔 다른 어둠이
내 안에 불씨는 여전히 살아 내 믿음이
가끔 마음이 흔들려도 그 속에 나를 봐
캄캄한 세상에서 우린 빛을 잃지말자
내 안의 빛이 나를 이끌었지 어둠에서
내 안의 빛이 닿지 않는 어둠에서
내 안의 불씨를 품어왔어 그걸 믿어
내 안의 그것들이 길을 밝혀주네
내 안의 빛이 나를 이끌었지 어둠에서
내 안의 빛이 닿지 않는 어둠에서
내 안의 불씨를 품어왔어 그걸 믿어
내 안의 그것들이 길을 밝혀주네
불꽃처럼 타올라 어둠 속에 빛을 내
이 불꽃은 내가 사는 이유 같아 결국엔
절망에서 빛나는건 꺼지지 않는 용기
세상은 차갑고 내겐 온기를 묻네 높이
모든 게 멈춘 듯 고요한 눈 속에서도
뜨겁게 타오르지만 차갑게 시험했어
이제는 말보단 침묵에 힘이 느껴져
얼음 속에서도 난 내 불씨를 지켰어
얼음은 내게 차가운 지혜를 줘
불은 내게 뜨거운 용기를 심어줘
지혜가 없는 용기는 쉽게 다 타버리고
용기 없는 지혜는 그저 얼어붙어 버리네
차갑게 멈춘 듯한 시간 속에서도
희망은 조금 남은 온기겠지 내 안에서
얼음 위의 불씨같이 언제 꺼질지
모르지만 내 모든걸 다 태워버리지
내 안의 빛이 나를 이끌었지 어둠에서
내 안의 빛이 닿지 않는 어둠에서
내 안의 불씨를 품어왔어 그걸 믿어
내 안의 그것들이 길을 밝혀주네
내 안의 빛이 나를 이끌었지 어둠에서
내 안의 빛이 닿지 않는 어둠에서
내 안의 불씨를 품어왔어 그걸 믿어
내 안의 그것들이 길을 밝혀주네",0
227,좋은 아침,Vivid Wild,"[가사 준비중] 멜론 회원 여러분! 가사 등록을 기다리고 있어요.
가사등록하기",0
228,부재중,밀보이,"문에 기대 이제
또 꽃이 지네 어제는
보지도 못했던 저 꽃은 어땠을까

지나가 (passin' by)
살아가, nah (I’m alive)
지나가 (passin' by)
살아가
uh oh


sorry to my family
아들은 또
지키지 못
했어 약속을

난 그대로
내 맘대로
살아'언젠가는 이뤄질지도 몰라'

이래도 몰라?
여전히 멍하
니 바라만 보고 있어 누군가
가 도와주길 바래 어린애처럼 구는 난
이미 꿈속의 나와 멀어졌잖아 (let’s go)


여전히 부재중, but I’m still movin’ (movin’)
작은 문제들에 난 깊이 빠지지 않지, just groovin’
흐릿한 감정도 결국엔 지나가 (passin’ by)
살아가, nah (I’m alive)

여전히 부재중, but I’m still flyin’ (flyin’)
뒤로 밀어놔, keep tryin’

여전히 부재중, but I’m still movin’ (movin’)
작은 문제들에 난 깊이 빠지지 않지, just groovin’
흐릿한 감정도 결국엔 지나가 (passin’ by)
살아가, nah (I’m alive)

여전히 부재중, but I’m still flyin’ (flyin’)
뒤로 밀어놔, keep tryin’ (tryin’)



눈 깜빡 한 사이 쌓여버린 message (ring ring)
받자니 부담스러워 넘기지

그렇게 보낸 한 달
지나가니 마음 한 켠은 답답, 피해 다음 날

uh yeah (ok)

그러다가 집 안에 울리는 벨소리가
(ring uh ring)
날 여기까지 데려온 건 바로 그 한마디

(yeah oh yeah)
피하지 말고 그대로 face it (face it)
(oh oh yeah)
보여 줘 가서 너대로 prove it (prove it)
(uh yeah eh)
여기서 멈출 수는 없잖아
조금이라도 나아가잖아
그러니 이제 숲을 보지 말고
나무를 보는 게 어때 eh



창문에 기대 이제
또 꽃이 지네 어제는
보지도 못했던 저 꽃은 어땠을까

지나가 (passin' by)
살아가, nah (I’m alive)
지나가 (passin' by)
살아가 uh oh



여전히 부재중, but I’m still movin’ (movin’)
작은 문제들에 난 깊이 빠지지 않지, just groovin’
흐릿한 감정도 결국엔 지나가 (passin’ by)
살아가, nah (I’m alive)

여전히 부재중, but I’m still flyin’ (flyin’)
뒤로 밀어놔, keep tryin’

여전히 부재중, but I’m still movin’ (movin’)
작은 문제들에 난 깊이 빠지지 않지, just groovin’
흐릿한 감정도 결국엔 지나가 (passin’ by)
살아가, nah (I’m alive)

여전히 부재중, but I’m still flyin’ (flyin’)
뒤로 밀어놔, keep tryin’ (tryin’)



창문에 기대 이제
또 꽃이 지네 어제는
보지도 못했던 저 꽃은 어땠을까

지나가 (passin' by)
살아가, nah (I’m alive)
지나가 (passin' by)
살아가 uh uh oh",2
229,New Star,Daynoff (데이노프),"Next generation baby
Whole crowds going crazy

똑같은 새끼들의 가사는 너무 진부해 (그래 진부해)
중얼중얼 읇조리면 Knock down (uh-yeah)
너의 사직서를 write down
세월이 커리어면 음악 안해 no more
거의 10년 다 되가 음악은 so-so
Such a lame ass artist 그렇게 쓸검 걍 그 장비 나 줘
Then I'll gon write some hit songs though

쟤넨 화나있지 Why you mad
Why you jealous about other's success
성공한 새끼들 봐 전부 Goin hard
너가 잠이나 퍼잘 때 I just goin hard
꼰대들이 입을 다물게
My vocal tune's still working babe
Sounds like..
Now it's time to recognize real
쟤넨 제자리에 나는 되고 있어 Fu**in New star
울려 퍼져 Singin' Louder 이 노래가

똑같은 새끼들의 가사는 너무 진부해 (진부해)
또 몸소 보여주러 왔지 Badass (Fu**in Badass)
중얼중얼 읇조리면 Knock down (uh-yeah)
너의 사직서를 write down
세월이 커리어면 음악 안해 no more
거의 10년 다 되가 음악은 so-so
Such a lame ass artist 그렇게 쓸검 걍 그 장비 나 줘
Then I'll gon write some hit songs though

세월이 커리어면 음악 안해 no more
거의 10년 다 되가 음악은 so,so
Such a lame as artist 그렇게 쓸검 걍 그 장비 나 줘
Then I'll gon write some hit songs though",9
230,연금술사,주영,"Yello asian, 뿌연 내 시야엔
구도심 꺼진 간판의 한물 간 fashion
밤을 지워내려 기울이는 술잔에
비친 길을 잃은 청년들이 불쌍해

Ok, 삶을 포장하는 가짜들과 난 달라
그렇게만 망상했던 게 과거 My vibe
아직 어린 청춘들은 현실에 즉시 응답하듯
방향감을 상실해

오렌지색 터널을 걸었지
떨어진 story들을 모아 그려서 박자 위에 걸었지
버려진 꿈들처럼 흩어지는 stardust
그 많은 난파선들은 우리 같아서

목적 없는 여행을 계속해 like 나그네
지친 두 다리는 또 오늘도 여전히 뻐근해
with insomnia, till this morning
이 밤의 별들을 세지 못한다면 밤을 새겠지


난 이 문화가 좋아서, 그저 이 낙화가 서글퍼
비트 위에 한 폭의 그림을 그리는 화가

또 이 변화가 억누른 마음 속 화가
곧 다시 올라올 때쯤 노래를 들으며 걷는 번화가

내 작은 단화가 밟은 들국화가
마치 나와 같아 써낸 청춘의 노래, 민야화가

그 노래를 불러, 때론 삶에 되물어
이런 내 직업을 묻는다면 Traveler


This Bounce wants a denouncing kid
This Bounce wants a denouncing kid
This Bounce wants a denouncing kid
But I’m just spraying pale perfume

이 여행의 바깥, 내게 없던 밥값
현실적인 생각과 신이라는 작가
그래도 꿈에 좀 가까워졌다는 착각 속에서
난 왜 이 아까운 시간을 꿈을 꾸며 살까


포장을 다 마치고 난 8만 원짜리 걸음
검은 땅거미가 세상을 잡아먹은
시각은 열한 시, 추운 날씨
진한 회색이 되어버린 흰색 스니커즈

내 심장 속의 색깔은 Black, 달은 White
인천행 1호선 끊기는 같은 시간, 다른 밤
자꾸 늘어가는 레이턴시와 눈꺼풀의 포효
But 한 글자씩 찍어가는 나의 소묘

Shout out to unofficialboyy
방향을 잃은 떠돌이에게 나침반을 쥐어줘
그 밤에 비웠던 머릿속의 어항엔
더 이상의 관상용 금붕어는 없어
가면을 벗겨

볼펜을 끄적여 지워내는 저녁
아빠가 준 천 원짜리 다섯 장을 펴 넣은
지갑엔 가족사진이 뇌수를 찌른다
찔린 머리에 한 송이 선인장을 기른다


This Bounce wants a denouncing kid
This Bounce wants a denouncing kid
This Bounce wants a denouncing kid
But I’m just spraying pale perfume

이 여행의 바깥, 내게 없던 밥값
현실적인 생각과 신이라는 작가
그래도 꿈에 좀 가까워졌다는 착각 속에서
난 왜 이 아까운 시간을 꿈을 꾸며 살까",6
231,멸망대홍수범람,Tsuku,"청소년 보호법에 따라 성인 인증이 필요한 콘텐츠 입니다. 성인 인증 후 이용해 주세요.
성인 인증",3
232,Is Time (Feat. ma1ro),기천,"someone likes you 택하지 number
그새낀 피해 걘 속까지 검어

내게와 난 없거든 겉멋
선택할이유가 백까지 넘어

너와 난 이 강을 끝까지 건너
우린 밤하늘을 넘어

너랑 깔이 비슷한 예감 이난다
다달이 인스타, 톡 하는 텀 봐

살짝봐도 늑대들이 널 넘봐
널 넘봐
Yeah Yeah

자리 없으니까 그만봐
택하라니까 어딜 도망가
따다줄게 내가 저 별도

쬐금 오반가

Oh is time
넌 어디 까지 갔나
다는 필요 없어 반만

Oh is time
돌아가도 처음부터 완벽히
난 always you

Girl you know? 넌 마치
파란색 , 하늘색
가장 좋아하는 색깔 갖다 붙힘
부끄러워 이렇게 표현한다 굳이

i'm in Love ,definitely
조금 더 다가와줘 come on
내가 널 더욱느끼게

모든게 퀴즈같아 마치 넌센스
말이 안되는 것들 투성인
현실처럼
다른남자들은 모르는
나만알고 있는 그녀의 최애는 구찌요

맞아 대기표 1번이야 that's me
그녀는 나를 계속 보고있어 maybe?

이제는 나도 모르겠다
그냥 누울래?

give me your number,lover
나는 좀 달라 baby

I Need your love love
Tell me what you want

give me number
tell lover
나는 좀 달라 baby

처음부터 완벽히 난 always you

Oh is time
넌 어디 까지 갔나
다는 필요 없어 반만

Oh is time
돌아가도 처음부터 완벽히
난 always you",21
233,한 해 동안,위티(Witty),"난 또 너라는 꿈을 꿔
둘만의 꿈같던 순간
매번 아름다웠던 너와 나
난 또 너라는 바다에
깊이 빠져든 듯해
매 순간 빛이 났었던 너와 나

많이 좋아한다고 했었던 그 말
처음으로 용기내서 말했던 그 말
그때의 순간이, 그날의 여름이
너라는 꿈을 내게 가져다 준거야
낡은 내 헤드폰을 끼고
날 보며 웃어줬던 너란 별
빨간 목도리를 하고 내게 달려와준 너

난 또 너라는 꿈을 꿔
둘만의 꿈같던 순간
매번 아름다웠던 너와 나
난 또 너라는 바다에
깊이 빠져든 듯해
매 순간 빛이 났었던 너와 나

유난히 더웠었던 그날도
네 향긴 너무 달콤했었어
유난히 시웠했던 그날엔
네 모습 너무 예뻐 보였어
넌 그 존재만으로 날 더 빛이 나게 해
너라는 사람이 내 곁에 있다는게
나를 변해가게 해
나를 나아가게 해
난 항상 너만 필요해

난 또 너라는 꿈을 꿔
둘만의 꿈같던 순간
매번 아름다웠던 너와 나
난 또 너라는 바다에
깊이 빠져든 듯해
매 순간 빛이 났었던 너와 나

난 또 너라는 꿈을 꿔
둘만의 꿈같던 순간
매번 아름다웠던 너와 나
난 또 너라는 바다에
깊이 빠져든 듯해
매 순간 빛이 났었던 너와 나",4
234,양아치 (ft. shota),클라인 바이트 (Klein Bite),"잃을 게 없는데 뭘 더 *신
죽은 줄 알았던 친구 살아 경기
슴이 답답해 마치 변비
ah? *까라 해 concrete
바닥에서 머리가 통
슬리퍼 엔진에 발붙였고
*신 모아서 던지니 turkey
티아라 맹키로 망치 뽀삐
i got the power
과거 생각해 머리 아파옴
새끼 얍샙이 썼으니 파울
내 느낌 몰라 따운
you are h**?
올라와 그럼
인큐베이터 출신이 컸다
이거 뽀록이 아니야 섯다
나 삐까뻔 길동이야
난 양아치
난 양아치
난 양아치
난 양아치
난 양아치
난 양아치
난 양아치
난 양아치
내 친구 바람났어
걍 걸어갔어
허파에 바람 찼어
이거 완전 난리 법석
(uh, ya, uh, ya)
너 원래 크니 가슴?
(uh, ya, uh, ya)
한 바퀴 돌아 마술
난 돈 만 줘
껍데기는 상관 no
뚱땡이는 빠지시고
잇뽕으로 각 맞춰
나 *나 변했어
사실 안 변했고
친구 대변했고
*나 대범했고
i got the power
과거 생각해 머리 아파옴
새끼 얍샙이 썼으니 파울
내 느낌 몰라 따운
you are h**?
올라와 그럼
인큐베이터 출신이 컸다
이거 뽀록이 아니야 섯다
나 삐까뻔 길동이야
난 양아치
난 양아치
난 양아치
난 양아치
난 양아치
난 양아치
난 양아치
난 양아치
클라인 바이트
가서 더 싸워
이 새끼들 정신 못 차려 (왜?)
다이다이 깰 놈이 없어
**애 새끼들 말이 넘 많어
ay 넌 잔이나 따러
난 청승을 떨어
갱상놈 손목은 얼어
ay 넌 돈을 못 벌어
걍 잔이나 따러
배 아픈 새끼들 버럭
너네 열심히 싸워
나 하나 더 태워
짖는 게 큰놈 못 물어
난 여자나 벗기고
두 줄은 재끼고
동곤아 가지마
새끼들 구려
okay, okay
내 동생들 양아치s
이 새끼들이 다 하는 짓
덕분에 두 다리 다 뻗었지
i got the power
과거 생각해 머리 아파옴
새끼 얍샙이 썼으니 파울
내 느낌 몰라 따운
you are h**?
올라와 그럼
인큐베이터 출신이 컸다
이거 뽀록이 아니야 섯다
나 삐까뻔 길동이야
난 양아치
난 양아치
난 양아치
난 양아치
난 양아치
난 양아치
난 양아치
난 양아치",8
235,2025,Bladea,"It's hard to live in this world
I don't think it's positive, That's to hard
I couldn't rely on anyone, that's real shit
I cutting my wrist fucking with a sharp thing

once a day,I thought I wanted to dead
I was so scared of so many attacks
Alcohol and medicine That's the only thing
comforted me, only this didn't leave me, stayed

afraid of people
only up eq
I've never said this before. ""I feel good""
I've never heard of it like this. ""Your singing are good""
I think I always lost

but sing this shit, cause fame
time so quick, like messi
look at me, runnig fast
I'm going to achieve

It's been so hard for a year
I've been betrayed so much that I'm fucking tired of it
Even the family feels like a snake shit

feel like a snake shit
feel like a snake shit
feel like a snake shit
feel like a snake shit

I don't want to think like this either
I'm so sorry to my family
I don't want to see you anymore,five-o
Thankfully, I've never met, lately

I want to hide myself
I’m crazy, feel like red
I’m happy in 2025, daily

I don't want to think
I don't want to think
I don't want to think
I don't want to think

It's been so hard for a year
I've been betrayed so much that I'm fucking tired of it
Even the family feels like a snake shit

feel like a snake shit
feel like a snake shit
feel like a snake shit
feel like a snake shit",1
236,간다간다 뿅간다,엇박천재래퍼,"신사 숙녀 여러분 흔들어주세요
흔들흔들 흔들어
간다간다 뿅간다 간다간다 뿅간다
뿅간다 뿅간다 뿅뿅간다 뿅간다
간다간다 뾰옹간다 뾰옹간다
술에 취한밤 너에게 취한밤 흔들흔들
술에 취한밤 너에게 취한밤 흔들흔들 흔들어

환한 조명에 비친 섹시한 몸매 몸매 봄매 몸매
향긋함 퍼진 예쁜 얼굴은 볼매 볼매 볼매 볼매 볼매
흔들어 흔들어 흔들어 흔들어 흔들어 흔들어 흔들어 흔들어 흔들어
너도 흔들어 나도 흔들어 우리모두 흔들어
Everybody Everybody 흔들어 주세요

간다간다 흔들어 뿅간다 흔들어 간다간다 너도나도 뚕간다 흔들어
뿅간다 흔들어 뿅간다 흔들흔들 뿅뿅간다 흔들어주세요 뾰옹간다

한잔해 두잔해 세잔해 네잔해 한잔해 두잔해 세잔해 네잔해 윈샷 원샷 원샷 원샷 원샷
어질어질해 너를 보면 너를 보면 원샷 원샷 윈샷 원샷
흔들어 흔들어 내일은 없는 사람처럼

흔들어 흔들어 내일 지구가 멸망할것처람
흔들어 흔들어 내일은 없는 사람처럼
섹시해 섹시해 흔들어 흔들어 내일 지구가 멸망할것처럼 YEAH",3
237,Situationship! (Prod. chilloud),nineorzero (나인올제로),"걘 날 너무 좋아해서 눈치챘어
내가 널 원하는걸
넌 너 밖에 몰라서
몰라 내가 힘들어하는걸
너도 날 좋아한다고 했지만
믿기가 참 어려워
너 원래 이런거 아니까
날위해 좀더 노력해봐
Oh oh oh
Can u be my luv
이런 사이라도 좋으니까
다른 여잔 만나지마
Ow ow ow
Can i be ur luv
사실 친구 안하고 싶어서
니앞에서만 다른 목소리로 말했어
잘보이고 싶어서 노력했어
아까운 내 처방약을 너와 반 나눴어
밥도 굶었어
사실 난 당하는게 좋은데 널 위해
내가 위에 올라탔어
아닌걸 알면서 내탓으로만 만들고 있어
셀수없이 스스로 의심하고
이젠 나도 모르겠어
망가져버린 니 모습에
오늘도 눈감기로해
솔직하게 물어볼까해도
우린 사귀는 사이가 아니잖아
라는 말이 자꾸 내 감정들을 조종해
이건 너의 계획일까
아님 널 믿어도 되는걸까
상처받기 싫은데 아직도 너를 놓지못해
날 포기하지 말아줘
내가 먼저 떠날일은 없으니까
제발 다른 여자 얘기로 노래만들지마
소설이였음 좋겠어 넘 억울하니까
그게 사실이라면 내 맘이
너무 진짜 아파 죽겠으니까 미안해
나도 이게 무슨 감정인진 모르지만
니 몸말고도 마음까지 전부 원하니까
다음 생엔 내가 남자로 태어나
꼭 니입에 내껄 물리고 말꺼야

걘 날 너무 좋아해서 눈치챘어
내가 널 원하는걸
넌 너 밖에 몰라서
몰라 내가 힘들어하는걸
너도 날 좋아한다고 했지만
믿기가 참 어려워
너 원래 이런거 아니까
날위해 좀더 노력해봐
Oh oh oh
Can u be my luv
이런 사이라도 좋으니까
다른 여잔 만나지마
Ow ow ow
Can i be ur luv
사실 친구 안하고 싶어서
니앞에서만 다른 목소리로 말했어
잘보이고 싶어서 노력했어
아까운 내 처방약을 너와 반 나눴어
밥도 굶었어
사실 난 당하는게 좋은데 널 위해
내가 위에 올라탔어",33
238,눈!,Pluggboi,"skrr in ma head
don't try shit like that
벌어야해
that's all I know babe
Happy Christmas
shout out to homies, and this town yeah
챙겨야 할 가족들은 다 keep it up yeah
눈이 오고 숨을 내쉬어 보면
적은 어디에
불을 끄고 숨을 참아 보면
too many pains
술이 넘어 가면서 더 걸어
너와의 이 밤
yeah, 차가워진 나의 손을
잡아 줬으면 하지
yeah I'd be workin' on err night
배고파도 참아 yeah
saggin' my pants 이거 비싸
새거라도 빨아 yeah
어딘가 다른 movement
걘 말해 I could do 두 번
멍청한 자식들 싸우려고 두리번
너흰 걍 shrimp in whale war
도파민 터져 벌어 간다던 네 오빠는 털썩
벌써 가득 차버린 나의 메모장
아이디어들의 원천
warm up 끝나고 내 머리는 아파와
넌 내게 다가와
사람들 많은데선 이런거 하지 말라니까
yeah, yeah, It's the most beautiful time of the year
Lights fill the streets, spreading so much cheer
I should be playing in the winter snow
But I'ma be under the mistletoe
skrr in ma head
don't try shit like that
벌어야해
that's all I know babe
Happy Christmas
shout out to homies, and this town yeah
챙겨야 할 가족들은 다 keep it up yeah
눈이 오고 숨을 내쉬어 보면
적은 어디에
불을 끄고 숨을 참아 보면
too many pains
술이 넘어 가면서 더 걸어
너와의 이 밤
yeah, 차가워진 나의 손을
잡아 줬으면 하지",5
239,Every Season,Baby Sitter,"청소년 보호법에 따라 성인 인증이 필요한 콘텐츠 입니다. 성인 인증 후 이용해 주세요.
성인 인증",0
240,Summer Ocean,O.T.O,"[가사 준비중] 멜론 회원 여러분! 가사 등록을 기다리고 있어요.
가사등록하기",0
241,도시 (Feat. yuke),NOLEASH,"Okay
I'm making a master piece
매 순간 계속 난 집중했지
필요했지, 수많은 cheese 또 필요해
식구와 만들어 history
여기 너무 외로워
그래서 너무 괴로워
세상은 너무 추워지고
있어 전부 돈 벌기만 바빠
뒤쳐지면 안 돼 더 움직여 배로
체구는 비록 작지만, 나는 hero
숙이지 않아 항상 고개는 하늘 위로
내키는 대로 행동 말란 너의 가르침도
몸이 거부해 그래서 나는 걸어 다른 길로
버틸 수 있을까? 이사회
자본이 전 부인 혹독한 삶이
견딜 수 있을까? 시간이 지나면
괜찮아 진다고 믿어야지
주변 친구들 전부 돈을 쫓기보단 예술을
추구하고 성공이란 목표를 향해 달려
열등감 느끼곤 항상 유지하지
배고픈 상태로 남들과 경쟁하라 배워 왔어.
생각만큼 쉽지 않아 여기 판은
발을 담갔는데 뭔가 많이 격이 다른
느낌 또 나이도 차니 예전의 어린 나는
감당하기 버거워 예술가들의 거진 반은
가난을 목매
힘든 하루를 버티며 생각해 소재
대중들은 들어줄까 내 노래
방에 난 박혀 되고 싶지 않아 도태
okay 난 그림의 떡을
바라보며 살고 이뤄 낼 거야 무대 위로
이런 생각들을 머릿속에 담아 두며
또 잠에 들고 꿈에 갇혀 우네 미로
Okay
I'm making a master piece
매 순간 계속 난 집중했지
필요했지, 수많은 cheese 또 필요해
식구와 만들어 history
여기 너무 외로워
그래서 너무 괴로워
세상은 너무 추워지고
있어 전부 돈 벌기만 바빠
뒤쳐지면 안 돼 더 움직여 배로
체구는 비록 작지만, 나는 hero
숙이지 않아 항상 고개는 하늘 위로
내키는 대로 행동 말란 너의 가르침도
몸이 거부해 그래서 나는 걸어 다른 길로
버틸 수 있을까? 이사회
자본이 전 부인 혹독한 삶이
견딜 수 있을까? 시간이 지나면
괜찮아 진다고 믿어야지
괜찮단 말로
날 밀어야만 해
자꾸 포장하네
의사가 말해 위험 상태
우린 너무 지옥인데 붙여 ㅎ
정신 잡고 살고 있지 내 가치는 비웃
음 꺼리지 너에게로 지은 노래들로
난 벌고 있어 월세에다 차 기름
우리 몸 해친 도시
보면 나 소름이 돋지
she tell me gone
물어보면 항상 가있었잖아 whapping 도시
필요 없는 시간들에 유혹을
이겨내며 난 살고 있어 이 얼음
푸름아 이제 우리 어른
그러니까 어서 꺼내버려 미련을",9
242,"비트코인, 100만달러를 향해",이계덕,"비트코인, 넌 내 꿈의 시작,
디지털 금처럼 반짝반짝 빛나지.
코인베이스로 들어가 미래를 향해,
10만을 넘어 100만까지, 우리 꿈은 멈추지 않네.

오, 코인베이스, 나의 게이트웨이,
비트코인은 미래를 향해 가치를 다하네!
ETF로 활짝 열린 시장의 문,
전 세계의 투자자와 함께 달려가는 길.

규제의 물결에도 흔들리지 않아,
기관의 자금이 계속 유입돼 봐,
암호화폐 세계의 대세가 된 비트코인,
100만 달러로 향하는 우리 꿈, 더욱 강해지네!

변동성은 있지만 믿음도 커져,
캐시 우드와 잭 도시의 미래 비전,
100만 달러를 향해 가는 비트코인,
우리와 함께 갈 꿈의 길을 비춰줘.

오, 코인베이스, 나의 게이트웨이,
디지털 세상을 연결하는 열쇠야,
비트코인과 함께라면 미래가 밝아,
100만을 넘어서도 계속해서 날아가자!",0
243,Peter Pan (prod. jxsie beats),Chosen 1 (초즌원),"I guess Peter Pan was right
growin’ ups a waste of time
so I think I’ll run away
make it better every day

I've got to admit that I'm 36
laughing at it gotta be kidding me
still feeling like I'm nineteen
time's speeding up
not awating me though
I don't want age
I want to be fresh always
like Peter Pan, take me to Neverland
let me maintain youth and power everyday
you are right, I'm childish, selfish
sorry, mommy, daddy
but I've got to live my life
since it's one life to live
I'm not that good boy
미안 엄빠 기대치에 모자라도 용서해줘
my goal? living my life I'd be creating it
don't want to be a follower, trend setter I'd be making it

I guess Peter Pan was right
growin’ ups a waste of time
so I think I’ll run away
make it better every day

I guess Peter Pan was right
growin’ ups a waste of time
so I think I’ll run away
make it better every day

though I admit I'm immature in many aspects
compared to people of my age
you know I'm not that person without no brain
being aware of the next page
of my life can't be lazy
if I want fame like Jay-Z
hustling and grinding from west to east I'm ballin'
positivity that's what keeps me alive, call me
up, up, up when you need that dopamin boy
let me motivate you indefinitely
dream, aim, shoot, get it soon to be reality
though you may make fun of me for it for the time being
let me be my fortuneteller
let me be that futurekiller
let's get her ay

I guess Peter Pan was right
growin’ ups a waste of time
so I think I’ll run away
make it better every day

I guess Peter Pan was right
growin’ ups a waste of time
so I think I’ll run away
make it better every day",0
244,예찬이는 예술가 version 2,행복한 랍스타,"[가사 준비중] 멜론 회원 여러분! 가사 등록을 기다리고 있어요.
가사등록하기",0
245,Yellow Niki Lauda,Jimmy Paige,"Call me Yellow Niki Lauda cause I'm blazing in a Rari
If them ** pull me over then I turn into 벙어리
All these stones are multi colored when the light hits then they stutter
I get white girl stupid wasted cause my Stanley cup is mudder
If you pump the gas Im on, you gon be drifting like a saudi
Got them bulls, got them horses, got them boots, im way too howdy
Got them goons, got them brawlers, Gotham ghouls, Im way too rowdy
on the same *hit, Escobarin,
If you doubt me, ask about it

They say I gotta dumb it down,
*uck that Im bout to numb it down,
Pull my muscle that make some paces I’m back on this bumpy route
Pop that 40 Im zonin now, every sauce, we sourcin out, put some Za in that zombie snot,
What the *uck is u snortin now?

I’m makin’ motion ‘fore I play the game, We the key players in this city
*끼들 연주해버리지 피리, 피해보험사마냥 모았지 DB
I came in clutch like Devin Booker, Shit only takes One Mississippi
어떡하면 돼냔 말은 부엌으로 가서 털어대 *itch들끼리
Her wee wee get so *uckin steamy,
squirtin’ Fiji that screamin’ “free me”
I’m tryna pin this *itch down up in here, before she DDP me
우린 *uck with 해 끼리끼리, 난 전부다 알아내 지피지기
I got my eyes on every curves and corners, Im Jimmy the CCTV

잔뜩 화난채로 얼굴에 내 아기를 뿜어
난 절대 자비 안풀어 넌 가서 난민을 품어
Man I go loco hit that bolo, I’m just chiffin on fumar
Man I be *hittin’ on boomers, 꼬고있던 다리나 꿇어

Call me Yellow Niki Lauda cause I'm blazing in a Rari
If them ** pull me over then I turn into 벙어리
All these stones are multi colored when the light hits then they stutter
I get white girl stupid wasted cause my Stanley cup is mudder
If you pump the gas Im on, you gon be drifting like a saudi
Got them bulls, got them horses, got them boots, im way too howdy
Got them goons, got them brawlers, Gotham ghouls, Im way too rowdy
on the same *hit, Escobarin,
If you doubt me, ask about it

If you pump the gas Im on, you gon be drifting like a saudi

Got them bulls, got them horses, got them boots, im way too howdy

Got them goons, got them brawlers, Gotham ghouls, Im way too rowdy

Call me Yellow Niki Lauda cause I'm blazing in a Rari

Call me Yellow Niki Lauda cause I'm blazing in a Rari
If them ** pull me over then I turn into 벙어리
All these stones are multi colored when the light hits then they stutter
I get white girl stupid wasted cause my Stanley cup is mudder
If you pump the gas Im on, you gon be drifting like a saudi
Got them bulls, got them horses, got them boots, im way too howdy
Got them goons, got them brawlers, Gotham ghouls, Im way too rowdy
on the same *hit, Escobarin,
If you doubt me, ask about it",264
246,regret,BatAnthem,"Dont leave me alone
Yuh bih u said me 빌게 너의 luck
Yuh bih Im stuck but 원해 ur love
But I numb this way fuck, I met u tho

Thru da rain, yuh cigarette smoke
이제는 생각해 전부 연기였어
U hate ma lifestyle n ma past
I regret that illegal things, god blessin

얼마 안됐지 이렇게 산지는
악마 됐지 너에겐 나였지
I've been writin ma lyrics 너에게 닿길
아니 바랬나 심히 더 회개 나 기회

내 목소리를 내 나지막이
다해 내 몫을 but 내게 관심없지 넌
난 말했어 분명 fall in 너
이런 생각을 표현 너무 했나

망했나 나 병신인가
말했었나 나 기억안나
이런 감정은 처음인가
But 난 지금 어디인가

Im livin in sky
Flyin like the bat
하늘을 가림
이젠 다 나은 척해

Bat’s love
Bat’s love

Dont leave me alone
Yuh bih u said me 빌게 너의 luck
Yuh bih Im stuck but 원해 ur love
But I numb this way fuck, I met u tho

Thru da rain, yuh cigarette smoke
이제는 생각해 전부 연기였어
U hate ma lifestyle n ma past
I regret that illegal things, god blessin",1
247,그림자처럼 (like a shadow),인테그랄 (Integral),"내 옆에 남아준 사람이 너라서
그때 널 보내질 않아서
그래서 다행인 것만 같아
이렇게 우리란 이름으로 남아서
함께 걸어왔던 날들이 내겐
너무 소중했었던 것 같아
찬 바람이 불어오는 계절
우리 함께 나눴었던 약속들까지
지켜줄게 언제나
매일 너를 따라다니는 그림자처럼
매일 너의 곁에 있는 그림자처럼
세상 모든 빛들이 널 비출 때
매일 옆에 난 서있을게
항상 너를 따라다니는 그림자처럼
항상 너의 곁에 있는 그림자처럼
세상 모든 빛들이 널 비출 때
항상 옆에 난 서있을게 이렇게
oh oh
oh oh
oh oh
왼손에 껴진 반지처럼 우린 딱 들어맞았던 것만 같아
첫 만남부터 서로 다른 만남과는 다르다는 걸 느낀 것 같아
숨기려 해도 숨길 수 없는 서롤 바라보면 나오는 웃음들이
말하지 않아도 다 안 단 듯이 등 뒤를 맞대고 서롤 잡은 손이
차가운 계절을 버틸 수 있게 해준 것만 같아
눈이 잔뜩 쌓인 거릴 걸어 다니며 우리 발자국만 남아
우리를 비추는 모든 빛들을 눈빛 속에 담아
우릴 향해 불어온 따스한 바람들에 그저 우릴 맡기면 돼 너의 옆에서 항상 너를 비춰줄게
찬 바람이 불어오는 계절
우리 함께 나눴었던 약속들까지
지켜줄게 언제나
매일 너를 따라다니는 그림자처럼
매일 너의 곁에 있는 그림자처럼
세상 모든 빛들이 널 비출 때
매일 옆에 난 서있을게
항상 너를 따라다니는 그림자처럼
항상 너의 곁에 있는 그림자처럼
세상 모든 빛들이 널 비출 때
항상 옆에 난 서있을게 이렇게
oh oh
oh oh
oh oh",568
248,Stargazing!!,솔피(Solpi),"여전히 난 모르겠어
꿈은 아직도 멀었고 사랑받는 법은 내겐 어려워
그 시절에 그렸던
미래 같은 건 현실이 될 수 없단 걸 이제는 알아버렸어
난 떨어지는 별을 잡아서
길을 물어보려 했지만, 그 별도 길을 모른다는 걸
이제 와서 알아버렸지만 됐어
혼자라도 좋아
다시 또 처음부터 쌓아가지, 뭐

어젯밤 꿈에서
봤던 광경을 믿어
초라한 내 모습에서
믿지 못할 건 알고 있어 저 멀리
빛을 내는 저 별이
환상 속에선 나였어
그 꿈을 믿고 걸었어

Shine like the starlight
Don’t doubt myself and dream
I wish and my life will be like that I belive
Oh, I’ll be on the screen
Oh, I walk on the street
I'm livin in my dream forever

아무도 나를 믿지 않아도 난 나를 믿어줘야 돼
손끝에 땅바닥이 닿아도 다시 일어나야 돼
아직 닿을 수 없는 걸 알아도 두 손을 뻗어봐야 돼
저 별이 내가 될 때까지 하늘 위 구름을 향해 나아가야 돼
이 무대 위 막이, 내려오는 밤이
날 공허하게 만들지만
지금, 이 순간이 지워지지 않길
바라면서 이 노래를 부르지, 난

어젯밤 꿈에서
봤던 광경을 믿어
초라한 내 모습에서
믿지 못할 건 알고 있어 저 멀리
빛을 내는 저 별이
환상 속에선 나였어
그 꿈을 믿고 걸었어

Shine like the starlight
Don’t doubt myself and dream
I wish and my life will be like that I belive
Oh, I’ll be on the screen
Oh, I walk on the street
I'm livin in my dream forever",2
249,사라질래,F1NN,"사라질래 오늘 밤에
흔적조차 남지 않게

내가 사라져도 나를
한번쯤은 기억해줄래요

기억해 줄래요 나를 내가 사라진대도
우리가 함께 했었던 모든 날들을

동화같은 story 모두 덮어
위태롭게 서서 마지막 노래를 불러 this ain’t love song

희망찬 미래는 없어 현실과 타협
내 상태는 또 high and low

내가 봤던 세상의 색깔은 흑백이지
Colourful 그 단언 길에다가 던져

빌어먹을 세상은 다가오네 친한척
이 도시의 사람들은 너무나 차가워

저주받은 팔자 행복은 바란적도 없어
저 어두움은 날 또다시 덮쳐 삼켜

사라질래 오늘 밤에
흔적조차 남지 않게

내가 사라져도 나를
한번쯤은 기억해줄래요

오늘이 마지막인데
저 해는 아름답네

떠나는 나를 위해
빛을 더 빛춰줄래

내가 사라져도 나를
한번쯤은 기억해줄래요

내가 사라진다면 그 누가 슬퍼할까나
또 who will be at my funeral

It’s not a party, pop another xanny
With alcohol 가시밭길 to the red carpet 전에 난 passed away

꿈을 꾸던 한 소년이 있었네 그 소년에게 말해 난
미랠 알면서 절대 모험하지 말라고 인생은 드라마가 아니니

There’s no beautiful world 약았어
너만 맘아퍼 letter to myself 허나 늦었어

빌어먹을 세상은 다가오네 친한척
이 도시의 사람들은 너무나 차가워

저주받은 팔자 행복은 바란적도 없어
저 어두움은 날 또다시 덮쳐 삼켜

사라질래 오늘 밤에
흔적조차 남지 않게

내가 사라져도 나를
한번쯤은 기억해줄래요

오늘이 마지막인데
저 해는 아름답네

떠나는 나를 위해
빛을 더 빛춰줄래

내가 사라져도 나를
한번쯤은 기억해줄래요",0
250,Black,houzintheroom,"도대체
며칠간 깨어있는 정신머린 대책
없어 빌어먹을 새벽 공기는 탁해서
잠이 안 와 흐리멍텅한 내 눈 앞에
보이는 Black색의
Heaven's door
눈 떠 돌아와
이건 아냐 Drama
영혼은 위로 올라가고 몸 상태는 고장나
Oh yeah 나가야겠어 어기를
박고 도게자 하나님께 엿을 올려놨네 난

Black
난 눈을 감았어 내 시야는 Black
내 색깔을 전부 섞었더니 Black
색깔을 전부 섞었더니 Black
Black
난 눈을 감았어 내 시야는 Black
내 색깔을 전부 섞었더니 Black
색깔을 전부 섞었더니 Black

Okay 높게 잡자고 목표
서울 찍고 김포 다음엔 도쿄
Keep going해 내 야망은 디자이너
사실 그렇게는 안 비싸
남들 소식에는 민감할 필요가 없지 내 일이 바빠
비슷한 시간 디카페인 커피를 먹고나서 난 아침식사
다시 작업을 할 시간
올라갈 때는 아직인가해
스스로도 긴가민가하지
다짐하는게 사실은 쉽지않아
고민이 익숙한 일상이야
Block으로 오점이였던 성적을 A로 바꿔내고나면 oh shit

Black
난 눈을 감았어 내 시야는 Black
내 색깔을 전부 섞었더니 Black
색깔을 전부 섞었더니 Black
Black
난 눈을 감았어 내 시야는 Black
내 색깔을 전부 섞었더니 Black
색깔을 전부 섞었더니 Black",2
251,All I Want,XEONHOWON,"I need a lotta mf- racks
내 테이블 위에는 한가득 뭐든지

I need a lotta mf- racks
내 테이블 위에는 한가득 뭐든지

1 2 3 4 5 6 uh- 이제 난 세지도 못 하니 왜
1 2 3 4 5 6 uh- 이제 난 세지도 못 하지 얘

Ya pull up 니 동네로 전부 다 불러
Ma brodie got ma back n

who da f- wit me 전부 다 불러
난 안 무서워 니네들 brotha
All about lame s- 뭘 따져

내 뒤에는 “TAG & XIHOGOD”
그래서 난 우리 형들의 기대를 절대로 망칠 수 없어

I don’t giva f-
너 누군데 저리로 꺼져버려

I’m all day f- her
She got a good ass , i can errday f- her

난 진짜로 니가 누군지를 몰라
니가 날 본 적이 있어도 우리는 모르지
너가 나한테 말 거는 모습은 상상을 못 하지

Ya , f- sum bad b-
니 친구까지 다 부르길
Small waist & big booty & pretty face
& lotta money dat’s all i want

Dat’s all i want

역시나 돈 아님 대화가 안 통해
Show me da money
200억쯤은 땡겨야 난 죽을 거 같은데 ,

Chrome Hearts ,
Ma heart like f- Chrome Hearts

Can’t f- wit u ma whole life
너랑은 안 섞여 난 all night

Bad b want me all night
이미 여러번 먹었지만

질리지 않으니 다시 또 f- her
너가 원하던 그 년 내 아래에

I need a lotta mf- racks
내 테이블 위에는 한가득 뭐든지

I need a lotta mf- racks
내 테이블 위에는 한가득 뭐든지

1 2 3 4 5 6 uh- 이제 난 세지도 못 하니 왜
1 2 3 4 5 6 uh- 이제 난 세지도 못 하지 얘

Ya pull up 니 동네로 전부 다 불러
Ma brodie got ma back n

who da f- wit me 전부 다 불러
난 안 무서워 니네들 brotha
All about lame s- 뭘 따져

내 뒤에는 “TAG & XIHOGOD”
그래서 난 우리 형들의 기대를 절대로 망칠 수 없어",2
252,Success (ft. 팔로알토),Alt (알트),"여름이 가고 가을이 오기 전
집에다 성공을 가져다주기로 했어
가끔 부모님 뵈러 나 본가에 가면
뭔가 있을 것 같다며 난 또 둘러댔어
현관문을 나가며 약속을 했어
이 차가 식기 전에 돌아온다는 약속
어머니 아버지께 난 유별한 막내여도
어렸을 때부터 뱉은 말은 다 지켜
이제 거의 다 왔어
성공이란 과연 뭔지
사전적 의미 보다
높게 가고 싶어 훨씬
came from the bottom
진짜 바닥에서 높이
누가 날 막겠어 난 섬에서 자라왔지
But ma Name is traveling
여권 없이도 태국
방금 태국은 라임 때문에
썼지 Like 세부
난 지키러 왔어 약속 다 비켜
장소는 상관없어 난 지켜 내 약속
came from the bottom oh travel
항상 뭐 돈 걱정이었지 아닌 척을 할 때도
진짜 내 모습이 맞을까? 다 좆 까란 태도
저 새끼 꼴사나운 꼴이 마음에 안 드네
저 새끼 망했으면 일도 신경도 안 쓸 텐데
좆 같은걸 좆 같다고 하는 게 힙합인가
돈 벌 기회 열려면 오픈해야 해 마음가짐
부정적인 생각들을 멋진 척 포장하느라
진짜 중요한 걸 까먹고 살고 있던 건 아닌가?
래퍼의 가오, 나완 거리 먼 gangster shit
좆밥새끼들 마이크 앞에서 또 갱스터 짓
용기 있게 내면을 꺼내지도 못하는 주제에
성공에 대해 박자를 맞춰 좋다고 떠드네
영향받기 싫어 내 privacy는 평화기에
정직한 내 벌이 피해주지 않고 on my way
내 성공이 너한테 반대라면 좆까길
그게 내 성공이지 걔네랑 안 똑같지
came from the bottom oh travel
어깨가 무거워 나
아직도 난 고민을 하지
서른 중반에 와있고
고민에 쌓인 밤
믿음이 의심이 됐어도
다시 기대로 바꿔
언제든 준비돼있으니
내 걱정은 stop
어깨가 무거워 나
아직도 난 고민을 하지
서른 중반에 와있고
고민에 쌓인 밤
믿음이 의심이 됐어도
다시 기대로 바꿔
언제든 준비돼있으니
내 걱정은 stop
came from the bottom oh travel",18
253,Only U,BadBlock,"(Yeah, ImaBadBlock)

I promise, I ain't never gon' s*** my man
가짜들은 Get the f*** out my face
Pull up with my gang
BadBlock 또 신곡을 drop
And I'm here to stop this game

Hold up, bro, more to gain, more at stake
I don't know, who can stop my pain?

Just only trust yourself
거지랑은 안 놀아
This is how you become rich

She just wanna come into my brain
Don't be late for the party today
적시고 마시고 하는 게 습관이 돼
I'ma let you defeat me, baby

They're trying to copy my life
But I'm still cool
어차피 평생을 허공에 shoot
Plz, don't move like a puto
Wet bed, 끊어질 것 같아 숨통, ya ya

She doesn't wanna get drunk
빨개진 얼굴이 증명해, oh
미칠 것 같아 그녀의 상태
No mercy, 난 흔들고 따버려 샴페인

You always come crazy
I've been waiting for a girl like you all my life
You're fresh and sweet, like a fruit girl
I just want your love

I don't need another hoe
All I want is your love
네가 위험하면 I'm gon' protect you
이게 진짜 love

I don't need another hoe
All I want is your love

Only trust yourself
만약 If you feel my pain
뒤도 안 돌아보고
바로 너에게 달려갈게

Cuz I'm only u
I'm only only u
I'm only u

Only trust yourself
만약 If you feel my pain
뒤도 안 돌아보고
바로 너에게 달려갈게

Cuz I'm only u
I'm only only u
I'm only u

I just need to protect my mans
Kush smoke in my lungs like ken
You have to feel this feeling, too
내 삶엔 필요했어 큰 변화
Who can change my life?
I try every night, ouu oh

I want you
(I want you)
I proud of you
(I proud of you)

It don't feel like a blessin'
But 난 감사해 for God

Only trust yourself
만약 If you feel my pain
뒤도 안 돌아보고
바로 너에게 달려갈게

Cuz I'm only u
I'm only only u
I'm only u

Only trust yourself
만약 If you feel my pain
뒤도 안 돌아보고
바로 너에게 달려갈게

Cuz I'm only u
I'm only only u
I'm only you u",7
254,Know,Sneezy,"너의 기억들을 잠시 동안 멀리해둘게
우리 추억들을 잠시 동안 접어 놓을게
Yo I'm so lonly
널 사랑해 영원히
그리워해 여전히

Yo 바람이 차
아프진 않을까나?
수백 번 고민한 첫 마디가
널 흔들어 놓을까 봐
고민해 고민해 밤을 또
지새우다가
아침이 와, 의미 없이 가는 시간은 마치
나 혼자 멈춘 듯 흘러만 가
나 혼자 멈춘 듯 굴러만 가
미련이라도 남겨서
희망이라도 안겨줘
내가 숨 쉴 수 있게
널 아무리 비워내도
비워지지 않아 아이폰 속
네 사진을 보면서 기억해 너를
어떻게 지우겠어
난 꿈에서라도 널 보고 싶거든
어떻게 미워해 널

우리 추억이 꺼진 거리도
갑자기 꿈에서 깨 마주한 이 현실도
I don't know
I don't know

눈앞에 내 세상에 불이 꺼진 이유도
숨 막힐 듯 내일이 두려워진 이유도
I don't know
I don't know


너의 기억들을 잠시 동안 멀리해둘게
우리 추억들을 잠시 동안 접어 놓을게
Yo I'm so lonly
널 사랑해 영원히
그리워해 여전히

너라는 길 너라는 집
함께 한 모든 순간이 다 빛
너라는 꿈에서 깨고 난 뒤
미래를 과거로 그리는 Dream
영화 같았던 우리 이야기
영화 같았던 우리 시간이
멈춰서 버렸어 아직 난 버거워
여전히 모든 게 서툴러서
손을 놓을게 넌 기분이 어때?
편해졌길 바래 나를 내려놓은 채
영원할 것 같았던 너와 나의 해
그게 되려 발목을 잡았나 봐 매일
너로부터 점점 멀어지는 내일이
끝이 아니기를 빌어 이런 매일이
너와 함께 마주했던 모든 매일이
사라질까 두려워 우리 내일이

우리 추억이 꺼진 거리도
갑자기 꿈에서 깨 마주한 이 현실도
I don't know
I don't know

눈앞에 내 세상에 불이 꺼진 이유도
숨 막힐 듯 내일이 두려워진 이유도
I don't know
I don't know

쏟아지는 추억을 걷네
여전히 널 위한 노래
이제는 혼자서 걷겠지
You are the only one.
Always
나 좀 놓지 말고 사랑해 주지
두 손 놓지 말고 바라봐 주지

쏟아지는 추억을 걷네
여전히 널 위한 노래
이제는 혼자서 걷겠지
You are the only one.
Always
나 좀 놓지 말고 사랑해 주지
두 손 놓지 말고 바라봐 주지",16
255,Love or Lie,JL_X2,"You so easy love And you are lying
Then you say that you won’t love me
Oh, you so easy love Hmm you easy love

Your wasting on your love and every night and day
I can promise fill you every night away
La la la la la la

Cause you I’m dreamin illusion
and grabing emotion
Of your An iffy Glimmer
Delusional fetter

cuz i want it
Do You want it
in the site
In your side
Cuz I want it you are close to me

Don’t try to get away
You know why jealousy
I know how your mind
Don’t try to get away
Hmm- you easy love

Your wasting on your love and every night and day
I can promise fill you every night away
La la la la la la

Cause you I’m dreamin illusion
and grabing emotion
Of your An iffy Glimmer
Delusional fetter

cuz i want it
Do You want it
in the site
In your side
Cuz I want it you are close to me

If you‘ll be mine, fall in love with you with you
I want to be free
i just wanna swallow
I do wanna try with you with you
la-la-la",1
256,GO UP,L1woo,"이런 말들 더 이상은 못 참아
이렇게 살다가는 곧 사망
난 원해 더 많은 부와 명예
그러니 가야돼 I WILL GO UP yeah

초3 때 집 계단에 걸터앉아
생각을 해봤어 ""내 인생은 왜 이래""
어딜 봐도 내 편은 없네
그때 결심했어 내가 만들어 내 WAY

I wanna T.O.P 내 꿈은 GO UP
내가 죽기전까진 안 해 실업
오늘 밤도 난 나를 위해 걸어
학교가서 자 맨날 쩔어있어 피로

I wanna make it so badly
성공하는 그때까진 WAIT FOR ME
난 움직일거야 누구보다 빨리

내 출신은 거리
지금까지 했어 홀로서기
but I don't worry

난 나를 위해 할 거야 랩
검은 머리가 될 때까지 파뿌리
난 절대 안하지 포기
깊게 박혀있어 내 뿌리

난 가야돼 성공해야돼
그래야 내 꿈을 이룰 수 있기에
더 해야돼 노력해야해
그러지 않으면 만족을 못해 yeah

더 벌어야돼 증명 해야만 해
부모님이 날 믿을 수 있게
가야돼 저 위로 가야돼
그게 내 첫번째 목표이기 때문에

I will blow up 또 Go
많은 실패에도 다시 일어나서
말해 I will GO UP
I feel not afraid 이제 겁 나지 않아 패배

겁 나지 않아 패배 so I don't look back
내가 만드는 길 I don't need feedback
쓸 데 없는 훈수는 no thanks
난 뜰거니까 지켜봐 hey hey

okay don't worry my mom
더 크게 키워 내 목소리
I'm better than you HA HA
and I say I will blow up boy

I don't care 너네가 뭐라하던 난 방어
걔네가 했던 말들은 다 유언비어
내 다짐은 꼭 이뤄
그래서 난 매일 밤마다 빌어

나 이제 더 이상은 못 잃어
내 친구들은 말해 ""L1woo cheer up""
난 할거야 성장 지금보다 bigger

내 bucket list 첫 번째
I will GO UP 그게 내 목표고
난 이룰거야 내 목표를
아니 이뤄내야만 해

그 전까진 I never give up
포기따윈 내 생각에 없어

난 가야돼 성공해야돼
그래야 내 꿈을 이룰 수 있기에
더 해야돼 노력해야해
그러지 않으면 만족을 못해 yeah

더 벌어야돼 증명 해야만 해
부모님이 날 믿을 수 있게
가야돼 저 위로 가야돼
그게 내 첫번째 목표이기 때문에

I will blow up 또 Go
많은 실패에도 다시 일어나서
말해 I will GO UP
I feel not afraid 이제 겁 나지 않아 패배",5
257,거너 (feat. EK),BIG4FOOT,"생각에서 빠져나와 현실 사는 미친 새끼
넌 안해 보고 표정 말투 훔쳐가는 새끼
자아고립 집착 때매 길을 잃은 새끼
세뇌당한 줄도 모른채 따르는 파리 먼지 새끼 (위잉)
보다 작은 너넨 생각으로 거의 거인 새끼
그래서 우물쭈물 생각 하는 병신 새끼
고독을 씹어 근데 안해 스니칭 bitch

BBARABABBABAAAM (I Feel Like aGunna)
BBARABABBABAAAM (I Feel Like aGunna)
BBARABABBABAAAM (I Feel Like aGunna)
BBARABABBABAAAM (I Feel Like aGunna)

편견없이 살고 싶지
but i livin 서울 city 특별한 건 딱히
눈속임에 속아 주지 고장난게 익숙해
내 눈에는 뭐든 비슷해 또 까먹었지 지은 죄

이름을 잘 까먹어 모든 말에 반어법
새끼 걸꺼면 목숨을 걸어 그래서 애초에 난
잘 안 믿어 같이 달릴래? 같이 죽을래?
말이 힘이 실리네
근데 난 싸여 베일에 모든게 레일 위에
안 좋아해도 돼 나는 그저 나기에
ek that's ma name uh
i'm not gunna 그저 삶을 적어
이유 없이 벌어
몸을 계속 떨어, 너무 떫어
자세 낮춰 keep it low low
keep it low low low low
롤러 코스터, ma life 롤러코스터

BBARABABBABAAAM (I Feel Like aGunna)
BBARABABBABAAAM (I Feel Like aGunna)
BBARABABBABAAAM (I Feel Like aGunna)
BBARABABBABAAAM (I Feel Like aGunna)",1
258,난 너에게 외상을 해준다고 한적없어,이계덕,"청소년 보호법에 따라 성인 인증이 필요한 콘텐츠 입니다. 성인 인증 후 이용해 주세요.
성인 인증",1
259,to. 꽃,wellbeingkooki,"여러번 폈었지 내 마음이 네게
여러번 꺾었지 이 마음을 쎄게

어떤 일 이든 끝까지 하지않음 되지않음,
어쩜 부질없는 일이 될지도 몰름

난 여태 마음을 대충 끄적였었네
알게모르게 그냥 웃어 넘겨버렸네

한 두번 했음 된 건데 이 짓을 계속했네
100 이 가까이 되어서야 알게됐네

나 이런 글들을 적는거 자체가 이젠 싫어
헌데 네게 꼭 이 말을 전해주고 싶어

아름다운 꽃에게 편지 한통 남길 겸
뭐 그냥 내가 네게 주고픈 몇가지 꽃말?

네게 전달되지 않는 편지 한통
고이 접어 이곳에 남겨둘게

네가 스쳐갈수도 있는 편지 한통
소중히 담아 여기에 적어놓을게

안녕 잘지내? 세상은 참 바쁘게
돌아가네 우린 말만 어른이 되 버려

어른, 빈 껍데기 호칭
그냥 그런 뜻인 단어 하나 있었지

예전에 그토록 그들이 하는 걸
그저 옆에서 지켜보기 바빴었는데

이젠 그 모든것은 정말 별게 없네?
아무것도 아닌게, 진짜 아니네

겉멋에 찌들어 휘청이는 빨간낙엽들
그렇게 물들어 떨어지는 단풍잎들

겨울이 되어서야 알게 됐네
모든건 순식간에 벌어진 일이였네

시간은 그렇게 계속 지나가
우린 늘 그 위를 껴 맞춰 지나쳐가

이 세상에서 제일 아름다운 꽃 잎아
이 세상 , 어림 없이 아름답게 피어라",0
260,빈 칸,뱁영규,"난
도망가고 싶어 아주 멀리
행복들이 따스하게 널린
길고 긴 꿈속으로

또 날
괴롭히는 것들을 얼린
수많은 사이에서 건진

하나둘씩 고이 접어내
필요 없이 아프던 날
다들 손을 뻗어줘도
내가 잡지도 않았잖아

더 많은 시련이
지금 내게 찾아와도
영원히 난
굴하지 않길

난
도망가고 싶어 아주 멀리
행복들이 따스하게 널린
길고 긴 꿈속으로

또 날
괴롭히는 것들을 얼린
수많은 사이에서 건진

빈칸 사이에 쓰여질 불행을
사랑으로 바꾸기 위해서 애써
내가 살아갈 이유가 없던 날과
지쳤던 날도
사랑으로 메꾸니 어떤 날도
살아가려 했어
내 상황을 바꿔가려 했어
내 지워지지 않는 기억도
씻겨지지 않는 인연도

하나둘씩 고이 접어내
필요 없이 아프던 날
다들 손을 뻗어줘서
내가 달릴 수 있었잖아

더 많은 시련이
지금 내게 찾아와도
영원히 난
굴하지 않길

난
도망가고 싶어 아주 멀리
행복들이 따스하게 널린
길고 긴 꿈속으로

또 날
괴롭히는 것들을 얼린
수많은 사이에서 건진",21
261,오후 네 시,mvrtino,"[가사 준비중] 멜론 회원 여러분! 가사 등록을 기다리고 있어요.
가사등록하기",5
262,볶음밥짜장면탕수육 (feat.에시리),유민수,"아 오늘 뭐 먹어야지 맛있는거 먹었다고 소문이 날까

어서오세용~

예 안녕하세요~

뭐 드릴까용~

잠깐만요 메뉴판좀 볼게요

천천히 골라 보세용~

사장님 주문 주문 주문할게요

볶음밥 짜장면 탕수육
볶음밥 짜장면 탕수육
볶음밥 짜장면 탕수육 볶음밥 짜장면 탕수육 헤이!

볶음밥 짜장면 탕수육
볶음밥 짜장면 탕수육
볶음밥 짜장면 탕수육 볶음밥 짜장면 탕수육 헤이!

볶음밥 짜장면 탕수육시키면
짜장면은 서비스로 곱배기로~

볶음밥 짜장면 탕수육시키면
군만두도 두세트는 줘야해이~

볶음밥 짜장면 탕수육시키면
짜장면은 서비스로 곱배기로~

볶음밥 짜장면 탕수육시키면
군만두도 두세트는 줘야해이~

볶음밥이 먹고싶어 (싶어)
짜장면이 먹고싶어 (싶어)
탕수육도 먹고싶어 (싶어)
인생 뭐 있어 맛있는거 먹는겨

볶음밥이 먹고싶어 (싶어)
짜장면이 먹고싶어 (싶어)
탕수육도 먹고싶어 (싶어)
볶음밥 짜장면 탕수육

볶음밥 짜장면 탕수육
볶음밥 짜장면 탕수육
볶음밥 짜장면 탕수육 볶음밥 짜장면 탕수육 헤이!

볶음밥 짜장면 탕수육
볶음밥 짜장면 탕수육
볶음밥 짜장면 탕수육 볶음밥 짜장면 탕수육 헤이!

볶음밥 짜장면 탕수육시키면
짬뽕국물 건더기는 푸짐하게이~
볶음밥 짜장면 탕 탕수육 중국요리없이 나는 못살아 헤이

볶음밥 짜장면 탕수육시키면
짬뽕국물 건더기는 푸짐하게이~
볶음밥 짜장면 탕 탕수육 중국요리없이 나는 못살아 헤이

볶음밥이 먹고싶어 (싶어)
짜장면이 먹고싶어 (싶어)
탕수육도 먹고싶어 (싶어)
나는 탕수육 찍어먹는 찍먹파

볶음밥이 먹고싶어 (싶어)
짜장면이 먹고싶어 (싶어)
탕수육도 먹고싶어 (싶어)
너는 탕수육 부어먹는 부먹파

너는 왜 맨날 짜장면인거냐 너도 왜 맨날 볶음밥인거냐
사실 나는 입이 고급이야 오늘만은 팔보채
팔보채 그만 보체 천천히 먹어 그러다 체해 동파육도 시킬테니 오늘 어디 한번 먹어봅세 like 잔치집 열쇠
사장님 여기 메뉴판 주세요 오늘은 내가 쏩니다 어께춤이 절로난다 복이 들어 온다 얼쑤

볶음밥 짜장면 탕수육
볶음밥 짜장면 탕수육
볶음밥 짜장면 탕수육 볶음밥 짜장면 탕수육 헤이!

볶음밥 짜장면 탕수육
볶음밥 짜장면 탕수육
볶음밥 짜장면 탕수육 볶음밥 짜장면 탕수육 헤이!",9
263,Love Way (feat. BoLLd),AUSKR(어스커),"그냥 너와 함께 있으면
볼 빨개지는 감정이 꽃처럼 피어 All day
서로 얼굴 맞대고 있으니까
시간이 내 맘도 모르고 빠르게 뛰어 No way
Yeah 정작 너는 아무렇지 않을 텐데
행동 하나하나 의미를 담아 설레
혼자 좋아하는 건 이제 그만해
또 까먹어 금붕어야 왜 이러는데
너의 답을 기다리는 것도 지쳐
일에 집중 못 해 널 향해 있는 신경
비참해지는 내 꼴이 보기 싫어
애처럼 굴기 싫어 던져 버려 미련
Away Away Away Away Yeah No way No way No way No way yeah
I don't wanna wait you
I don't wanna love you
Cuz I don't wanna hurt
사실 너가 너무 좋은데
넌 나와 다른 거 같애
난 숨기지 못해
내 마음을 네게 전해
밀고 당기는 거 지겹게
가끔 너는 모르는 척해
너에게 내민 내 손을 잡아 너는 어때
난 너만을 원해
너라면 다 Okay 있어줘 내 옆에 Oh baby
오직 너만을 원해
난 너밖에 없네 있어줘 내 곁에 Oh baby
수학인 듯 사랑을 자꾸만 대입해
자꾸 넌 내 맘을 뒤로 밀어내 Lay back
이 문제엔 공식이 없을까 대체 왜
아무리 고민해도 답이 보이지 않는데
뻔해 넌 나에게 아무 감정 없이 한 행동인데
왜 다 알면서 또 기대해
헤엄 헤엄 허우적 이건 착각이 분명한데
왜 또 멍청하게 뭘 기대해
새벽까지 우리가 한 통화에
너는 어떤 표정일까 나는 궁금해
오랜만에 찾아온 설레임에
머리 아파 그래도 자꾸 널 찾는데
넌 잘못 없는데 조금 널 미워해
괜히 기대를 하나 봐 나도 모르게
허나 달라지는 건 하나 없어 왜
나는 여전히 제자리걸음 여기 이렇게
사실 너가 너무 좋은데
넌 나와 다른 거 같애
난 숨기지 못해
내 마음을 네게 전해
밀고 당기는 거 지겹게
가끔 너는 모르는 척해
너에게 내민 손을 잡아 너는 어때
난 너만을 원해
너라면 다 Okay 있어줘 내 옆에 Oh baby
오직 너만을 원해
난 너밖에 없네 있어줘 내 곁에 Oh baby",7
264,다 알아서 (feat. Ambid Jack),이긍휼,"오전인지 밤인지
휴대폰 화면 위로 떠 있는 시간이
내 패턴이 꼬인 걸 확인시켜
괜히 예민한 건 나지만
다 지난 일들을 불러 다시 봐 난
이것도 습관일지도

어차피 다 후회할 내 모습을 마주치며
내가 어린 탓, 반성보단 짜증이 더
꽉 닫힌 마음속보다 더 코 막혀 비염
풀어내지 못하는 내 오늘보다 약이 싫어

생각처럼 흘러가지 못하는 내 스물하나
내 몇개월들을 채워 불안함이
신경을 쓸 문제가 없어 순탄할 뿐
밥 다 먹은 뒤의 구멍 뚫린 국자같지

운 좋게 좋은 사람들을 곁에 둔 탓에
오히려 보여 괜찮단 표정을 얼굴 안에
가끔은 도움이 필요할 때도 괜시리
하고픈 말을 꾹 참네

내게 신경 꺼줘 내가 알아서 할게
괜한 말들로 날 걱정 않아도 돼
내게 신경 꺼줘 내가 알아서 할게
괜한 말들로 날 걱정 않아도 돼

속마음을 내 안에 담아둔 채
주변을 모르는 체해 걱정 않아도 돼
내게 신경 꺼줘 내가 알아서 할게
괜한 말들로 날 걱정 않아도 돼

걱정하지 마라 울 엄마 아빠 아니잖아
난 있던 적 없지 가만히 걍 아낀 거야 말만
네 나이가 또 내 나이가 어쩌구 저째
애기야 참 좋을 때란다
너 나보다 한 살밖에 안 많잖아

고민들의 답은 다 결정했지
흔한 잔소리엔 귀 닫지만 나의 머릴 때린 얘길
들을 이가 필요해
So wait 너의 말들은 미안하지만 don't care
서랍에 넣어놓은 뒤에 다 풀고 나서 올게

Stay far or make run
더 가까이 오다 데여
널 위해서 하는 말이래 재미없게
똑같은 말도 다른 표현 plz 챙겼음 해

Don't care bout me 너가 제일 잘하는 거 아냐
Fuck do you mean 내가 받아야 하지 왜
I'm not stress trash can
너부터 잘해 제발
한마디 더 하면 할 거야 사회 단절 캠페인

내게 신경 꺼줘 내가 알아서 할게
괜한 말들로 날 걱정 않아도 돼
내게 신경 꺼줘 내가 알아서 할게
괜한 말들로 날 걱정 않아도 돼

속마음을 내 안에 담아둔 채
주변을 모르는 체해 걱정 않아도 돼
내게 신경 꺼줘 내가 알아서 할게
괜한 말들로 날 걱정 않아도 돼",7
265,송년회,할래,"가끔은 시간을 내줘
누추한 이곳에 와 자리를 빛내줘
쏜살같던 이 계절
눈 깜박하던 사이 지나간 계절
엉망이 된 계획은 내년에 나에게 미뤄두기로 하구
뭐 먹을지나 고민이나 하자구
다들 고생했다구
시간은 빨라 따라 잡으려 뛰니 자꾸 목이 말라
소금물같은 탕진잼으로 때우려다 보니까
이건 생선이 따로 없잖아
유부남이 늘어
힘들단 핑계로
뭉치지 않기는
오늘은 넘 힘들어
제끼고 와 대충
필요해 재충전!
무엇보다도
소주랑 맥주

가끔은 시간을 내줘
누추한 이곳에 와 자리를 빛내줘
쏜살같던 이 계절
눈 깜박하던 사이 지나간 계절
엉망이 된 계획은 내년에 나에게 미뤄두기로 하구
뭐먹을지나 고민이나 하자구
다들 고생했다구

손이 시려울 때쯤엔 멍게랑 방어지만 우리 그때는
회는 개뿔 고래밥과 새우깡에다가 축배를
오랜만에 모일때마다 다시 또 또 반복되는
그때 기억나냐 라는 말로 시작되는
시시콜콜한 추억이 지겹지 않은 이유는
종로3가 뒷골목길
60년 전통 24시 곰탕집
국물에 따귀찜에다가 막걸리
어떤 건 오래될수록 더 빛나지
무소식이 희소식이라는 어떤 **말덕에
조금 뜸해진 것 같은 우리지만
그딴 건 신경쓰지마
오늘 우리가 뭉치는 건 막을 수 없으니까

가끔은 시간을 내줘
누추한 이곳에 와 자리를 빛내줘
쏜살같던 이 계절
눈 깜박하던 사이 지나간 계절
엉망이 된 계획은 내년에 나에게 미뤄두기로 하구
뭐먹을지나 고민이나 하자구
다들 고생했다구",2
266,BoilerPlate,CallMeDesign,"[Hook]
Boyfreind
why appeared again my dream
My pains
You'll never truly fathom I
Wedenesday
the day after we broke out
Where u at
That guy doesn't love you
madly day
All I could do was to devel
Shattered case
behind it, you painted
boilerplate
Don't you memorize this language
fail again
Where did it start to go wrong?

[verse]
I dislike the word of a Song
You know the reason what i talk
There were a lot of issues, but
That wouldn't have been just one person's fault

The song I shared has become our story
Sundays, i promise to crafted that melody
Still im your gromit, Once again, trust me
Nothing is in sight, Your vanished profile

When she asked for my time at the Road
I cant reply her, cause negative in my heart
which way, i guess other one, down page
Why can't she make a choice bout us

choice bout us, both silence
you dont understand my thought, right uh?
leave like bird, say goodbye her
boilerPlate was last gift, bless her

[Hook]
Boyfreind
why appeared again my dream
My pains
You'll never truly fathom I
Wedenesday
the day after we broke out
Where u at
That guy doesn't love you
madly day
All I could do was to devel
Shattered case
behind it, you painted
boilerplate
Don't you memorize this language
fail again
Where did it start to go wrong?",3
267,끝자락,minomix,"언제쯤 나아질까 내 삶의 끝자락
맘에 안 들어 그래 그게 답이야
언제쯤 나아질까 내 삶의 끝자락
만들어가는 미래 그게 답이야

시간은 지나가 나이만 늘어가
여전히 형편은 제자리 걸음마
매일 같은 꿈을 쫒아 걷고
삶에 변환 일도 없고
어릴 땐 믿었던 훌륭한 아저씬
사대 보험 없인 병원은 다니지도 못하지
회사에서 치이고 술 먹고 사고 치고
차가운 바람에 어금니 시리고
밤새워 고민해 뭔가 달라져야 해
모은 돈은 없고 빚은 늘어 가는데
아 몰라 내일은 내일 생각 해

언제쯤 나아질까 내 삶의 끝자락
맘에 안 들어 그래 그게 답이야
언제쯤 나아질까 내 삶의 끝자락
만들어가는 미래 그게 답이야

시간은 지나가 나이만 늘어가
매일을 버티는 것도 힘겨워져 가
길 잃은 꿈은 점점 멀어져 가
내일도 아마 똑같겠지 아마
어릴 때 믿었던 빛나던 미래도
이젠 눈앞에서 사라져 버렸고
회사에선 치이고 또 술에 취하고
차가운 현실에 내 마음 쥐 나고
밤새워 고민해 또다시 시작해야 해
하지만 여전히 다람쥐 쳇바퀴
아 몰라 오늘은 오늘만 생각해

언제쯤 나아질까 내 삶의 끝자락
맘에 안 들어 그래 그게 답이야
언제쯤 나아질까 내 삶의 끝자락
만들어가는 미래 그게 답이야

세상은 나를 기대하게 해
전혀 다른 길을 알려 주려 해
내일을 오늘 보다 즐기려 해
어차피 이 길을 멈추는 건 내 선택

언제쯤 나아질까 내 삶의 끝자락
맘에 안 들어 그래 그게 답이야
언제쯤 나아질까 내 삶의 끝자락
만들어가는 미래 그게 답이야",0
268,색,LxN,"Lee’s got a none, 감정선 다 갈아넣은
뒤에 후 뱉어 담배같이 후에 받아 적어
난 후회 두지 않아 look at it my sweet home
Never back to my 초심 cause I was a young
Little boy, boy, 자부심 on my flow
Sexy한 내 혀, 춤을 추지 on the floor
** 잘했으니 당연히 얻는 benefit
잘먹고 잘 싸고 다니면 그게 바로 개이득이지
Easy, 내 body like D-line, 돼지
술과 내 음악에 취해 mastervation
어쩜 게으르지 못하는게 나의 죄지
힙 그리고 합 하는 f*****g yellow asian
예로부터 내겐 적이 많아 but i’m a killer
내 rap은 심장 문제있는 애들에게 thriller
Find yourself, 정말로 원하는게 뭔지
니가 뱉어대는것이 대체 누구건지

갖고 태어났지 우린 생색
손을 씻지 우린 돈다발을 셀 때
파란색은 안보여 우린 색맹
죄다 노랗게 물들이지 꺼져 겐세이

갖고 태어났지 우린 생색
손을 씻지 우린 돈다발을 셀 때
파란색은 안보여 우린 색맹
죄다 노랗게 물들이지 꺼져 겐세이

내 본업은 아버지, 아들 하나 딸 하나
술맛이 좀 쓸때지만 소맥부터 따라놔
눈 안깔아 난 눈치에다 밥 말아 먹었지
엄마 뱃속에서부터 꿈을 꿨어 딴따라
MIC 하나 들고 레드카펫 runway
LxN 어쩌면 색이 다른 천재
천재지변도 막 피해가는 존재
섞일 수 없어 Anyone mo’f***er
노란피부에 DNA 흑 으로 착각
휘청은 거려도 끝까지 잡아 샅바
Get better, 뭐든 맴대로
되게 하지 두배는 부족해 세배로
Which one color (which one color)
자극적이지만 깔끔한걸로
Which one color (which one color)
깔끔하지만 Nasty한걸로
Which one color

갖고 태어났지 우린 생색
손을 씻지 우린 돈다발을 셀 때
파란색은 안보여 우린 색맹
죄다 노랗게 물들이지 꺼져 겐세이

갖고 태어났지 우린 생색
손을 씻지 우린 돈다발을 셀 때
파란색은 안보여 우린 색맹
죄다 노랗게 물들이지 꺼져 겐세이",1
269,호극호 (Feat. Noww) (Prod. Freshwave),OTWO (오투),"Let me feel your love, boy
I want to be your dreamboat
You can choose, (like or love)
Baby you’re the one i need
Let me show you love, boy
I want to be your dreamboat
You can choose, (like or love)
I need you by my side

널 자랑하고 싶어 뭐든 함께 하고 싶어
나도 너에게만 특별한 봄이 되고 싶어
네 향기에 취해서 기분은 날아갈 듯해
이 노랠 녹음하는 중에도 애틋해
오늘을 바라며 따스히 데워둔 옆자리
사랑의 기본은 비효율 어케 머리로만 사니
이런 말 하는 내가 어색해
곡 작업 바로 끝내자마자 연락할게
선보여줄게 많아 들려줄게 더 남아
있으니까 옆에 바짝 붙어 앉아 눈을 감아
새로 색이 칠해진듯해 내 삶에
못돼먹고 무신경했던 날 순간에
바꿔놨지 반대로 어쩌겠어 생각이 바뀌는 걸
이미 내뱉어진 말 도로 주워 담을 수도 없잖어
넌 너무 자극적 이 만남은 세상 극적
호극호 좋거나 더 많이 좋거나에게 넌

Let me feel your love, boy
I want to be your dreamboat
You can choose, (like or love)
Baby you’re the one i need
Let me show you love, boy
I want to be your dreamboat
You can choose, (like or love)
I need you by my side

나의 하루의 기분은 너의 손에
내 이름이 적혀 있을까 네 일기장 속엔
아무래도 좋아 끝이 없었으면 해 우리 둘 시간이
너 같은 여자가 숙소를 먼저 예약하다니
우연을 가장한 인연
분명 운명일 거라 믿어
뿌리부터 메말랐던 감성이 촉촉해
축축해 역시 난 너에게는 너무 약해
so 내 인생에 있어 주인공은 너가 다 해
비중이 훨씬 크고 압도적이니까 맞네
금방 사랑에 빠지게 해
그렇대도 금방 식는 사람은 아니기에
우리의 마음의 크기가 엇비슷했으면 해
내가 더 크더라도 많이 차인 안 났으면 해 swim in love
네가 예쁘니까 예쁜 말이 나온 거야
매일 너보다 1초 늦게 잠에 드는 나야 (good night)

너 없는 하루는 지루해
너 없는 삶은 어땠었나 흐릿해
너의 뻔한 멘트마저 날 웃게 해
What’s going on
Please show me love
How can i see it?
형체가 없는 사랑을 또 끄적여
To my beloved

Let me feel your love, boy
I want to be your dreamboat
You can choose, (like or love)
Baby you’re the one i need
Let me show you love, boy
I want to be your dreamboat
You can choose, (like or love)
I need you by my side",6
270,"한 해를 마치며 (Feat. Komo, WANG)",PaNDora,"세상 살아가면서 고민했었던
그땐 그런일도 있었지하며
예전의 자신을 돌아보며
start over again 나는 또 다시

다음 날을 향해 앞으로 나아가
크고 작은 고민들을 훌훌 털고서
오늘도 하루를 맞이하네
Say bye bye 올해의 나 에게

Mayday, 매일이 악몽이던 날들
내 존재의 이유를 찾던 그 날들
하루 빨리 날
꺼내주길 바랬었던

그 날들 을 모두 기억해
지금 와서 이젠 im okay
이곳을 떠나
끝이라는걸 말해

어른이 되고나서 많은걸 배웠지
경험하고 좌절도 정말 많이했지
근데 그런것들이
나를 조금 더 나아지게 할테니

조금만 더 기다려볼래 Yeah
내가 좀 더 행복해지게 Yeah
아팠던 날 을
안아프게 만들게

뒤를 돌아볼때
어쨌든 잘 해왔을 이번 해
힘내
나도 그래

세상 살아가면서 고민했었던
그땐 그런일도 있었지하며
예전의 자신을 돌아보며
start over again 나는 또 다시

다음 날을 향해 앞으로 나아가
크고 작은 고민들을 훌훌 털고서
오늘도 하루를 맞이하네
Say bye bye 올해의 나 에게

makin’ new and reset
you don’t take risks, you burn out
난 모험떠나서 벌어 많이
방해꾼들 cut’em off, yea one down

눈 감고 귀를 막아
여전히 암살자 movin’
no cap, yo got you stiff Huh
flip the game shh

upside down and cut them off for good
I’m the badass yellow hot shh
반짝 빛나 평택 밤이
I’m waitin’ on a tesla truck

가능해 내년엔 월 천
추측 아닌 확신이지 bro that’s for real
life’s one shot

I make it count
I make it count
I make it count
I make it

countin’ my money yea thats right
별보다 반짝 빛나 돈이
올해 5천 벌었으니
내년엔 1억 넘겨야지

my bidness hit that poppin’
movin’ fast, goin’ too crazy

조금만 더 기다려볼래 Yeah
내가 좀 더 행복해지게 Yeah
아팠던 날 을
안아프게 만들게

뒤를 돌아볼때
어쨌든 잘 해왔을 이번 해
힘내
나도 그래

세상 살아가면서 고민했었던
그땐 그런일도 있었지하며
예전의 자신을 돌아보며
start over again 나는 또 다시

다음 날을 향해 앞으로 나아가
크고 작은 고민들을 훌훌 털고서
오늘도 하루를 맞이하네
Say bye bye 올해의 나 에게

(나 에게)
(지금 와서 이젠 I'm Okay)
(끝이라는걸 말해)
(지금 와서 이젠 I'm Okay)
(끝이라는걸 말해)",1
271,"Red (feat. Liggy, Whychns)",YURYEONG (유령),"Seein’ red I’m seein’ red I’m being read
할 말 없어 더는 쓸 가사도 이만 실직해
이미 깨버린 알 껍질 붙여보려 gimme tape
환경적 위험 요소는 양 옆 아래 또 위에
관심도 없잖아 내가 왜 노래로 바꿨는지
잔뜩 힘들어간 손이 건넨 악수 power movin’
세 치의 혀는 너에게 스트레스 유발해 사고뭉치
나와는 조금 다른 성향 아티스트끼리 잔고를 묻지
Red like the blood from my heart onto the streets
울려 siren 그치만 이곳은 이미 강도가 들었지 yeah
사고가 늘었지 걔는 쟤랑 스타일이 비슷해
서식지는 비트 위 대신에 인스타 릴스네
다 act hard 작업물은 개판
오직 빨간 색깔로 가득한 그 생각
새 판을 갈지 이곳에 팽배한 전쟁
나는 끼지 않기로 해 나는 seein’ a sea of red

Seein’ red I’m seein’ red I’m bein’ read
자리를 피해 빨간색 불빛이 날 비칠때
Seein’ red I’m seein’ red I’m feelin’ bad
빨간 피를 흘릴때 외에 항상 I’m feelin’ dead
Seein’ red I’m seein’ red I’m bein’ read
자리를 피해 빨간색 all I see are red flags
Seein’ red I’m seein’ red I’m bein’ read
Seein’ red

I couldn’t see red
자아는 비대해서 뭐든 쉽게 생각하고 진행
Couldn’t see red even grass
좋은 신발을 신더라도 뱀들은 조심해
앉고 싶었지 저 테이블 페스티벌 또 단체곡
영원할 줄 알았었던 크루 혹은 레이블
반파 뒤에 돌아온 건 형제 자매들
못 지은 매듭 보고 배웠지 애들까지
다들 행복하니 나는 못 보겠어 더 이상
돈이나 벌자 하기엔 눈 높이는 너무 높아
내 코가 석자라서 그런 건가 하기엔
다음에 보잔 말도 못 지켰던 난데
그 파편들에 부딪혀서 피가 났어
아파야만 알겠더군 빨간색인걸
Red now i’m seein’ red
홀로 가지 이제는 다음 스텝 조용히 움직여

Seein’ red I’m seein’ red I’m bein’ read
자리를 피해 빨간색 불빛이 날 비칠때
Seein’ red I’m seein’ red I’m feelin’ bad
빨간 피를 흘릴때 외에 항상 I’m feelin’ dead
Seein’ red I’m seein’ red I’m bein’ read
자리를 피해 빨간색 all I see are red flags
Seein’ red I’m seein’ red I’m bein’ read
Seein’ red

난 빠져버린 듯 해 의미없었던 시험에
어떤 모습을 바랬는진 몰라
But you can see my red
마음에 하나씩 가지고 있던 그 씨앗
먼지 하나 묻지 않던 그때 우린 모두 Peter Pan
비겁해 이제는 다 바래졌어 주위를 봐
나 또한 답을 원하는 질문에 못해 아무말
매일 아침 뉴스 1면 누군가의 suicide
숨이 막힐 것 같은 이 공기에 나 숨이 차
I can't see
Just wanna live like a baby
끝날 줄 모르는 논쟁들 마치 깻잎
I can't see
Just wanna live with no cappin'
이 질려버린 패턴에 더 키워야해 맷집
좋은것만 보고 느끼기에 여긴 빨라서
눈치조차 채지 못하고서 섞인 my life
죽일듯이 서로를 쏘아보던 충혈된 눈
알잖아 그 눈도 결국 때가 되면 감아

Seein’ red I’m seein’ red I’m bein’ read
자리를 피해 빨간색 불빛이 날 비칠때
Seein’ red I’m seein’ red I’m feelin’ bad
빨간 피를 흘릴때 외에 항상 I’m feelin’ dead
Seein’ red I’m seein’ red I’m bein’ read
자리를 피해 빨간색 all I see are red flags
Seein’ red I’m seein’ red I’m bein’ read
Seein’ red",3
272,초신성,아터플라이 (arterfly),"눈을 떠 보니 내 손에 쥐어 쥔 마이크 주위로는
나를 둘러싼 이들의 함성이 내 귀를 덮치고는
나는 랩으로 응답을 하고 있네 손을 쭉 뻗치고는
그게 여기 오늘까지 내가 랩하는 이유
돈벌이로는 택도 안되는 돈이지만 난 듣고 싶어
꿈이라는 단어가 내 안에서는 그저 죽어있던
줄로만 늘 알았지 나를 향한 소리들이 들리기 전
공놀이만 좋아했던 유년 시절
성공하기 어렵다는 말에
시작도 전에 접어버린 축구 선수의 꿈
교과서를 펼치면 낙서 학원을 가도 난 맨 끝
암산이 안돼 손가락을 접고 피는 돌 대가리
그래도 나와 놀던 온 세상이
교복을 맞춤과 동시에 사라져 하나 둘
전부 입시 공부에 휩쓸려도 나는 없지 안중
시간이 가길만 바랄 뿐 관심사는 방과 후
Yepp에 넣는 epik high, eminem
공부방을 가도 집중하는 건 이어폰에 음악뿐
그렇게 시작하게 된 게 내 첫 악수
그 뒤에 가사를 바꿔댄 게 아마 나의 첫 발자국
다음 몽타주 고등학교에 입학 후
바로 만난 동아리 bgm은
단순한 우연일까 아님 신의 선물일까
가사를 적고 뱉고 연습해 난 하루 종일 카피 랩
순수한 재미 뒤에 원동력은 저 손가락질에
난 희열을 챙기지 검지에서 엄지로 다 바뀔 때
웃어주기까지 꽤 시간이 걸렸지만
yeah i made it man
쟤네 이어폰에는 사랑하고 울고 짜는 노래
내 귓속엔 K.Dot, bad ass, Hi-Lite, Q, Dok2
삶을 노래해
축구와는 절대 같지 않아 되려 들어오라는 소리에
불가능 속에서 난 힙합으로 암중모색
할 줄 없던 놈 무대 아래 환호에 밤을 또 새가며
연습에 연습 수업 시간엔 되려 잠을 쏟네
고3 수험생 가득한 교실에 담임선생님은
내가 철이 들기를 학수고대했지만
대회 1등에 박수 쳤네
그렇게 자신감 있게 스무 살에 왔고
그 뒤로 믹스테잎이 하나 둘 셋 냈지만 뭐
이메일로 데모를 돌려봐도 반응 없지 하나도
시간을 끌었지만 결국 군복으로 갈아입지 환복
허나 매번 가평에서 점프 망원 작업실에 있네
피래미 새끼 국방부 시계 밑에 깔려도 쉽게
안 지네 헤엄쳐 싸지방, 행정반 그게 어디든
가사를 적고 피시방에선 게임 대신에 믹스해
근데 희망을 품어도 복귀하는 itx 위에
시골로 바뀌는 풍경은 괜히 또 허탈해지네
그건 몇 년 뒤에도 마찬가지 전역 후 살아남기
아무도 없는 화성 공장에서 꿈을 잡으려 발악하지
주말이면 빠짐없이 올라갔던 망원
가방에 옷과 장비들을 챙겨 출발하지 화성
8156번 버스 2호선 사당에서 합정
갈아타서 도착하면 어깨엔 빨간 선이 남아있어
자신에 대한 연민은 작업으로 해소가 되지만
잡힐 듯 안 잡히는 저 꿈과 지나가 버린 내 시간
마주하면 짜증과 실망뿐
해소 못한 스트레스와 장비를 챙겨
다시 돌아갈 시간 끝
내 눈에 검게 물든 한강물에 비친 불빛
돌아갈 사당역에선 사람들 사이에 낑긴듯이
내일을 이미 준비하는 잠이 든 이 공장 단지안에
난 고개를 푹 숙이고서 들어와 조심히 눕지
그렇게 돈은 쌓여도 난 버텼지 전세집을 위해
여기서 마지막으로 편히 음악 할 내 2년을 위해
근데 귓가엔 나를 향한 함성들은 잊혀져만 가네
그 함성에 귀가 먹은채로 이 빌어먹을 꿈이 생겼는데

꿈은 달리는 과정에서 제일 행복한 거라고
씨_ 어디 허무함을 이뤄내고서 말을 해
버텨왔지 얼어붙은 옥탑방에서 생활관
기숙사 버스 안에서 기도하듯 가살 써왔네
그렇게 붙잡아서 왔지 떨어질듯해도
피곤이 나의 발을 붙잡고서 포기하라 해도
그렇게 나를 살렸던 음악이지만 이제 난 힘겨워
생의 마감을 본 저 별처럼
난 마지막으로 빛을 내 힘껏",0
273,멋지게 고백하는 법 (Feat. 강히아),5WORLD (오월),"별일은 아니고 잠깐 나와볼래?
내가 할 말이 있는걸
너가 눈치채기 전에 고백할 거야

별일은 아니고 잠깐 내 말을 들어봐
할 말이 있다고
널 좋아한다고
오래 참아왔던 말이야

오늘은 기대를 해봐도 되는지
네가 내 마음을 결국 받아줄지
나 자신 없는데도 왜 괜히 설레지
이미 생각해 놨어!
너랑 같이 갈 데이트 장소
너의 손을 아무 때나 잡아도 되는 사이가
됐으면 해 이번 여름안에..
너를 좋아해 해 해

안아줄 거니까 그 뒤엔 받아줄래
인터넷 보니까 먹으래 청심환
덕분에 용기가
말해볼 게 그니까

어디서 볼까? 네 집 앞에 거기?
긴장 가득해 떨리는 손을 난 숨기지
이거 절대 가벼운 마음 아냐
오랫동안 숨겨왔던 마음 개봉박두야
설레발을 쳐볼게 친구 사이 끝내는

별일은 아니고 잠깐 나와볼래?
내가 할 말이 있는걸
너가 눈치채기 전에 고백할 거야

별일은 아니고 잠깐 내 말을 들어봐
할 말이 있다고
널 좋아한다고
오래 참아왔던 말이야

우리의 시간들은 분명 소중했던 만큼
앞으로 찬란할 거야
그러니 날 너의 것으로
당장 right now
(Stay with me)
너의 마음에 들어가고 싶은 만큼
더 빨리 달려가고 있어

말할 게 들어봐 플랜
일단 어디든 나간 뒤에
네가 좋아한다던 꽃을 사줄 거야
(전부 기억한단 말야)
너의 대답에 따라
나의 미래가 결정돼
사실 나 떨려
그래도 듣고 싶어 너의 마음

이제는 대답해 줄 차례야
영화 한 장면처럼 말야
별보다 빛나는 너를
곁에 두고 싶어

해피엔딩이 나올 거 같아?
이 노랠 듣고 있는 너 말야!
만우절에 맞춰 고백할 걸 차라리
지금 떨린단 말야",80
274,아름답게 (Feat. YOUNG DOGG),Lil tatt (릴탯),"더 아름답게 끝을 맺을 순 없나
행복해 너답게 너를 잊을 순 없겠지만

더 아름답게 끝이 날까 봐 겁나
행복해 너답게 너를 잊을 순 없겠지만

널 향해 가는 나 날 밀쳐내는 너
우리들 사인 이대로 다 끝이 나네요

널 좋아한다고 몇 번을 말해도
날 믿지 못해 그냥 이제 끝을 내줘요

미련 없이 돌아섰다 너는 날 두고
두고 볼까 했어 날 두고
떠나간 널 보고
두고 보자고 다짐 하고 벽을 붙잡고

두 손 모아 목소리를 던져
밝게 웃는 모습에 어깨가 또 쳐져
기억 잃어도 내 손은 점점
너를 원하고 있고 거짓말은 못 쳐

미련 없이 돌아서지 마
돌아봐도 눈 맞추지마
더 아름답게 끝을 맺자
더 화려하게 끝을 내자

더 아름답게 끝을 맺을 순 없나
행복해 너답게 너를 잊을 순 없겠지만

더 아름답게 끝이 날까 봐 겁나
행복해 너답게 너를 잊을 순 없겠지만

널 향해 가는 나 날 밀쳐내는 너
우리들 사인 이대로 다 끝이 나네요

널 좋아한다고 몇 번을 말해도
날 믿지 못해 그냥 이제 끝을 내줘요

근두운을 타고 나는 손오공
알다시피 아냐 나는 보통 놈
그대 아님 절대 안 해 소통도
어떤 고통도 참아 고속도로

속에 있는 것 같은 지금 기분
꽉 막히는 시간 속 대체 님은
어디 계시나요 날 버리구
커버린 우리의 크긴 지구

괜찮아 눈물이 떨어졌지만
내 앨범 속에 네 이름을 적었지 난
괜찮다면 다시 돌아와줘
그 어떤 말도 구차하겠지만

슬슬 난 한계인 건가 봐
여태 난 한 게 이건 가봐
너 하나 챙기지 못한
이 못난 놈은 울어도 쌉니다

더 아름답게 끝을 맺을 순 없나
행복해 너답게 너를 잊을 순 없겠지만

더 아름답게 끝이 날까 봐 겁나
행복해 너답게 너를 잊을 순 없겠지만

널 향해 가는 나 날 밀쳐내는 너
우리들 사인 이대로 다 끝이 나네요

널 좋아한다고 몇 번을 말해도
날 믿지 못해 그냥 이제 끝을 내줘요",51
275,뭐라도,지재(gJae),"뭐라도 적긴 해야겠네 뒤적거려보네
굳이 들춰봐야 되나 그때, 그대
그리웠던 사람 같은 게 있었는데
이젠 내께 아닌 듯한 로맨스
흘려보내 그냥 개소리나 적기로
내 첫사랑 결혼했지
이건 너무 개소린가 싶기도
별거 아냐 그냥 나 돌아왔다고 여기로

이번엔 진짜 존나 대충 해볼려고
굳이 말 안 해도 너도 느낄 거고
침수된 차에 시동을 걸어
이제 좀 밟아도 되려나 들어놨으니, 보험도
겁도 많던 놈이 어찌저찌 살아남긴 했네
여기저기 빌붙을 성격은 못 되는데
혹시 너 서운해?
새꺄 넌 누군데
알바로 대충 월 200
아마도 나에 대한 self-disrespect
아 개소리 적기로 했는데
어쩌다 보니 또 야 진지 빨았네
난 말 안 했지, 나댈 사람은 나대라고
난 따라 하고 싶은 게 딱히 없더라고
걍 be me, be me
여태 찾아 헤맸던 걸지도 떠날 수 있는 빌미를

야 저번 주엔 진짜 뒤질 뻔했는데
부를 친구가 없데
기다렸던 진짜 love
지가 까대던 놈한테 안겨버린 년을 봐봐
그딴 건 없네
쪽팔리기 싫어 얘는 쫄아있었대
개소리라도 적기로
돌아갈 곳이 보이질 않네 깨끗하게
다시 혼자서 여기로

지릴 바엔 멀리 도망갔지
저긴 바다 말고 도마 위야
어쩌겠어 그냥 너 하나야
너 하나야
너와 나야",0
276,"Ballin (Feat. Kid Milli, NO:EL, 김상민그는감히전설이라고할수있다, 스윙스)",양홍원,"Ballin
I’m a MVP like my label
Ballin
So trippy All my papers yellow
Ballin
숨이 막혀 내 깊이에 all my fans
Ballin
마치 Indigo compilation

Ballin
I’m a MVP like my label
Ballin
So trippy All my papers yellow
Ballin
숨이 막혀 내 깊이에 all my fans
Ballin
마치 Indigo compilation

Take it slow 내 놈들은 천천히 겨누지
꾸며봤자 어차피 무대는 알려주지
돌아다녔지 특히 겨울 아니면 여름에
벌리더니 몇억이 느려지네 걸음이

2집 앨범 의미처럼 다섯 걸음이 내 Latency
4:6 가르마 타듯이 rebalancing
다시 내 식구랑 챙기려 해 나는 rapmoney
My enemies 타겠지 몰래 내 멜로디

네 자린 없어 거기
진짜들만 데리고 나가니까 like 노원 kids
She knows YB from D
팀이 필요 없어졌으니까 yeah I’m OG
Ballin

Workin’ on my workin’ on my workin’ on my table
Me like working out b***h everyday 결혼 반진 내 왼손 big bag
네 꿈 내 인테리어지 이 현실은
새로울 거면 왜 남하던 거 하는 거지 밤새

Peaches, I pick it 촌스러 혼자 삐치는 짓
내가 어떻게 널 의식
Got tinted window, I rush in
올라 온도 의식은 slomo MJ lit
앞엔 shattered backboard
Benjamin, Dot, Count it up
Indigo child lifestyle, I’m (Ballin)

빛처럼 내리지 내 침이
Stinky jean 내가 낸데 뭐 어쩔끼
Cringe ass 녹을걸 내 쉬에 걔넨
널 쳐내고 널 치워내 넌 거기고 난 여기에

Ballin
Ballin
Ballin
Ballin
마치 Indigo compilation

Ballin
I’m a MVP like my label
Ballin
So trippy All my papers yellow
Ballin
숨이 막혀 내 깊이에 all my fans
Ballin
마치 Indigo compilation

Business class we hopped out
청춘을 팔아서 벌
학교로부터 dropped out
이 밤이 가면 아침이 다시 올까
Fake broke ass 진상
I don't like
Keef ""Love sosa""

My brothers been busy on tourin
Those cities to city
2년을 돌아서 반오십
Finally 집에 reunited
23 돼서야
Droppin that
Tripo and Citi

다음 공황에 연착
고난에 봉착
도착 뒤 dosed out
Till we pass the f**k out

Oh my 다시 호흡이 곤란
괜찮아 *만이 너와 달리
다 건 다음
Risk takin 해 도박
준비 끝났으니 올려 복수의 서막

서막을
You better run, my opps
Now
얘네 앨범 뻔하듯이
6개월만에 폭삭
주저앉은 중소는 검토해 상장폐지
What a bad news ain't never gon lose thats on god

Ballin
I’m a MVP like my label
Ballin
Indigo Indigo money table
Ballin
Smokin on 에쎄 but I never 체인지업
Ballin
우리 이간질하면 네 이빨은 없어져
Ballin

Got T-shirt 30짜리 go 태워 내 perky 40짜리
Light shinin maybe psilocybin still got
left in my body

Checkin my swag 점검해 내 간지
FL Studio 놔줘 내 자식 돌잡이
AP ALCHEMY 소속 해커의 업무 널 조용히 감시

김상민의 신보 drop 동시에 진돗개 하나 발령
Me and my shawty we fly to Manila pesos column
I’m a MVP like my label
Indigo Indigo money table

MVP
전설 labels 다 만든 건 우리지
Rise in peace
고등래퍼에서 가 OG의 길
We don’t stop
Left side or right side 어디로든 다 가
승이야
돌아와
아무래도 느낌이 딱
Getting money like a motherfu*ker
근데 정작 다 효자
어제도 내일도 없어
이런 Sh*t
근본 *나 없는 Bit*h

입에 넣어야 해 stick
Indigo가 가장 big
비교 자체 안 되지
Indigo Indigo Indigo Indigo
하늘에서 coin이 내려 마치 super mario
Indigo Indigo Indigo Indigo
힙합이 망했다는데 난 몰랐네 아직도

Ballin
I’m a MVP like my label
Ballin
So trippy All my papers yellow
Ballin
숨이 막혀 내 깊이에 all my fans
Ballin
마치 Indigo compilation

Ballin
I’m a MVP like my label
Ballin
So trippy All my papers yellow
Ballin
숨이 막혀 내 깊이에 all my fans
Ballin
마치 Indigo compilation

Ballin","5,081"
277,사랑이라며ㄴ,1B3G,"""친구야 친구""
말은 그렇게 하는데
너랑 있으면 왠지 다르게 느껴져
너의 옆에 있을 때 괜히 신경 쓰여
단순한 친구? 아니, 그건 좀 아닌 것 같아

너의 웃음은 유죄
너는 모르겠지,나 혼자 난리 났어
친구 말고 좀 더 가까이 가고 싶어
장난 아닌 눈빛, 알듯 말듯하게
이건 플러팅, 나랑 쓰껄 할래?

괜히 네 옆에 앉고, 쓱 장난도 걸고
네 손끝 스치면 또 괜히 설레고
표정에 다 티 나, 나 어쩌니?
네가 너무 좋아

손잡고 걷는 거리도 달라 보이고
서로 애칭 불러주며 미소 짓는 지금이
영원 할 거라 했었지

but 다른 사랑이랑 웃을때
질투나 나의 강정은!
괜히 삐져서 혼자 토라져 있는 나는
사실 티 내고 싶지 않아, 참 곤란해 나의 기분은
그때 너는 말해
너는 집착이 너무 심해 우리 시간 총 가지자.
네가 떠나고 나서야 깨달아
너 없이는 모든 게 텅 빈 것 같아

잡으려 해도 멀어지는 네 뒷모습
잊으려 해도 쉽지 않은 너의 기억
네가 없는 나의 삶은 의미 없어
우리의 끝이 이렇게 쉬울 줄이야
이젠 너를 보내줄게 good bye

우리 이제 친구로 남아
다시 돌아갈 순 없겠지만
너와 나, 그저 옆에 있어 주는
그런 친구로, just like that",0
278,GENTIAN,ZRON,"I Feel I'm a Gentian
땅에 쳐박혀도 내 꽃을 폈어
무너지지 않는 나이기에 아름다워
날개를 펼쳐 푸른 빛이 번져
Yeah it's my time time to shine yeah
Blue flame around me ya you know it (you know it you know it yeah)
Blue flame around me ya you know it (you know it you know it yeah)
uh Shinin' like 금 보석 내가 어떻게 멈춰
멍청한 생각 때려치워 기억해 내 가슴의 원점
I just keep glowing like the stars in the night
난 진작 깨부셨지 Paradigm
너가 힘들때 난 사랑하지 변하지 않는 말의 가치
까칠한 가지는 내가 다치지 않기 위한 걸 알잖니
아무리 상처를 받아도 난 빛을 봤지 갈 길을 봤지
어둠을 탈피 날 비춘 달빛 아래로 피어나 다시 uh
안 되는게 뭐가 있어 난 이뤄낼거야 기적
뿌린 마치 비석 같이 곧게 버티며
아무리 상처를 받고 흙먼지가 묻어도
난 절대 지지 않아 포기는 무덤에 묻어둬
I don't give up still strugglin' strugglin'
I don't give up still strugglin' strugglin'
I Feel I'm a Gentian
땅에 쳐박혀도 내 꽃을 폈어
무너지지 않는 나이기에 아름다워
날개를 펼쳐 푸른 빛이 번져
Yeah it's my time time to shine yeah
Blue flame around me ya you know it (you know it you know it yeah)
Blue flame around me ya you know it (you know it you know it yeah)",19
279,우린 달아오르지,고네,"청소년 보호법에 따라 성인 인증이 필요한 콘텐츠 입니다. 성인 인증 후 이용해 주세요.
성인 인증",33
280,Without You,Known As Sack (노운애즈삭),"지웠던 내일
익숙해진 내 Fridays
Without you
긴 밤이 지운 게
너 아니면 뭘
없어지게 한 걸까

You make me feel bad
잠은 아침에
Cry more Without you
떠나버린 너에게
돌아갈 수 없는
날이 두려워져

Baby, Without you
난 아무것도 하지 못해
Without you
Feel like I’m going to die
너 없인 안되니까
스쳐가는 인연이 아니었기를 바랄게

Baby, Without you
난 아무것도 하지 못해
Without you
Feel like I’m going to die
너 없인 안되니까
스쳐가는 인연이 아니었기를 바랄게

무슨 말도 하지 못했어
알면서도 모른척했던
더는 미룰 수 없어 우리 상태
뭐든 가야만 할 것 같아 너에게

미안하단 말도 너무 진부한데
미련한 난 그 말밖에 못 할 텐데
이제 대체 어떻게 해야
내가 너를 밀어낼 수 있을까

지웠던 내일
익숙해진 내 Fridays
Without you
긴 밤이 지운 게
너 아니면 뭘
없어지게 한 걸까

You make me feel bad
잠은 아침에
Cry more Without you
떠나버린 너에게
돌아갈 수 없는
날이 두려워져

Baby, Without you
난 아무것도 하지 못해
Without you
Feel like I’m going to die
너 없인 안되니까
스쳐가는 인연이 아니었기를 바랄게

Baby, Without you
난 아무것도 하지 못해
Without you
Feel like I’m going to die
너 없인 안되니까
스쳐가는 인연이 아니었기를 바랄게

Baby, Oh stay with me
매일이 기나긴 밤 속
마지막이야
더는 널 적을 수 없어

Baby, Without you
난 아무것도 하지 못해
Without you
Feel like I’m going to die
너 없인 안되니까
스쳐가는 인연이 아니었기를 바랄게",31
281,DANCE! (feat.심영국),김효민,"Babe
눈이 부딪친 순간
it’s a mayday
위험할것같아

You drive me crazy
untill the break of dawn
round and round and we can fly all night

Babe
눈이 부딪친 순간
it’s a mayday
위험할것같아

You drive me crazy
untill the break of dawn
round and round and we can fly all night

Mayday mayday, call the 119 ay
사고 날것같아 baby 오늘밤에
you’re like 열대야 or insomnia
내 밤을 꺠워 사계절 like a summertime
I don’t wanna be in this s*** all night long
Baby let me take you to my home and we can
have another party alone.

1, 2, 3, 4, 5, 6, 7 everynight
우린 밤새 우주를 날아가
월, 화, 수, 목, 금, 토, 일 like everyday
끝나지 않을 춤을 춰 우린 Now

Babe
숨이 부딪친 순간
Ain’t nothing’s gonna stop me baby hold me tight
조금 더 우린 더 가까워져
할일은 모른척 난 눈을 감아

시간이 멈춘듯 춤을 춰
그게 아니라면 되는 대로 흔들어
지키지 못할 말 들은 집어치워
약속해 오늘 밤은 절대 못잊어

You can call me honey, baby, sweety, 자기
I’ll be anythining you want me to be
오늘 우리 여기 같이 Only 둘이
아침해가 뜰떄까지

1, 2, 3, 4, 5, 6, 7 everynight
우린 밤새 우주를 날아가
월, 화, 수, 목, 금, 토, 일 like everyday
끝나지 않을 춤을 춰 우린 Now",3
282,Minecraft (Prod. nerdninja),NEW ONE,"청소년 보호법에 따라 성인 인증이 필요한 콘텐츠 입니다. 성인 인증 후 이용해 주세요.
성인 인증",0
283,FLY LIKE A BIRD IN THE SKY,이윤재,"FLY
FLY IN THE SKY
FLY
FLY IN THE SKY

FLY LIKE A BIRD IN THE SKY
FLY LIKE A BIRD IN THE SKY
FLY LIKE A BIRD IN THE SKY
FLY LIKE A BIRD IN THE
SKY

FLY LIKE A BIRD IN THE SKY
FLY LIKE A BIRD IN THE SKY
FLY LIKE A BIRD IN THE SKY
FLY LIKE A FLY LIKE A
FLY LIKE A BIRD IN THE SKY

난 날아가 하늘 위
누구보다 자유롭게
FLY LIKE A
FLY
FLY LIKE A
FLY
FLY LIKE A

GIMME THAT GLOW
이 바닥은 더워
하늘로 BLOW UP
메스꺼워도 GO UP GO UP
다리 손 모으고
더 많은 걸 줘
더 이상
가난은 지겨워서 워

걸어가 마치 모세
아버지는 멋진 곳에
아들은 끄덕여 고개


FLY LIKE A BIRD IN THE
FLY LIKE A BIRD IN THE
FLY LIKE A BIRD IN THE
FLY LIKE A BIRD IN THE

FLY LIKE A BIRD IN THE
FLY LIKE A BIRD IN THE
FLY LIKE A BIRD IN THE
FLY LIKE A BIRD IN THE

FLY LIKE A BIRD IN THE
FLY LIKE A BIRD IN THE
SKY",1
284,APE TIME,AT Squad,"You know I be ballin'
We packin' that shoe box

Always Pants saggin'
She thought I had two glocks

New shit new drip New Thot

AT We da goat
Look at us in the zoo now

Bitch I'mma Hawk and I just keep it ballin'
22 I'm youngin' so they call me Trae

우린 겁이 없어서 그냥 길을 걸어
막지 말고 나와 바로 pop a brain

Pop another pop another pop another bottles 난 가는 중 Hell

On my bro We're not same
3.5 smoke gas

Give me back my verse
Give me back my flow yeah

별 일 없어
Spread wings we float yeah

They wanna rock with me
야 근데 난 관심 없어 yeah

돈 버는 방식
Steady workin' 하고 돌아 Tour yeah

they wanna rockin' me, they wanna play wit me, 관심 없어
I I got my back AT squad right now
병신 같은 말엔 반항
Ape time, A - Team, out now

벌 떼 같이 모여 Money Squad
벌 때가 됐어, 지금
D BLOCK, Outside now
24/7 speedin' high

came a long way, on my way
두렵긴 시발 그냥 해
AT Squad 항해
THUG TT Foreign
Mayhwed osama, go run up
짜고 치는 새끼들 더러워
우린 그냥 반반 벌어
멘징 레스고 걸어

woo yah
편해져 in da stu
Spittin' my life, not liar
양치기들 fool

woo yah
enemies hate me, 문제 없어
그 새끼들 envy me, 볼 일 없어

We opened Pandora
내 쌍판때기 에 새겨져 눈물이 아닌 raindrop

Who saw me as shit? 내 성공은 여운이 남아져 가, stackin' the cash, bang

두 번은 없다 해도 I had two paths
돌아가도 난 해내, my 2 road

내 목에는 체인 대신 가장의 무게지
근데 언제나 cool on

No rain
Takin' the step

Cuz I like motherfuckin' makin' new racks

우리 목숨은 돈보다 기니까
벌릴 필요 없어, 내가 후세인

평생 뱉지 않을 말은 나 bluff
세종이랑 사임은 나를 lub in
It makes us glow
But this is not war
돌고 돌아 우린 like goo

It's hard for us to be uncool, damn
Of course, we are plain Jane
4K 아니어도 선명해 payday
I saw my private parts on an old tape

AT reach the top 너무 too late
I can't feel it 한 가지에 몰두해
우리 무릎을 꿇리던 벌레
먹이를 던져 배 불리지 동네를

All I got is all i need
They talk about me shit
But APE SZN

얘네들 좆 같은 말만 하지 I ain't talk
느낌 없다는 걸 모르지 또
안 받아 네 call 안 팔려 네 soul
Pussy만 살아서 여기저기 떠벌려

내 마음대로 해도 안 생기지 case
21 new face
믿는 건 신도 악마도 아니야 only cash
She said 'you need some change'

We started with 5
My squad up all night
Bitch you can't tell me a lie

Money rain on my account
Pussy rappers get down
Fuck around, Fuck around
APETIME on the top

All I got is all i need
They talk about me shit
But APE SZN",5
285,우리들의 미완성 (Prod. 프룻),신일국,"습관처럼 모니터를 켜 핸드폰을 켜
내가 나를 매일 가둬 제발 나를 일으켜

시간은 늘 그렇게 흘러가나 봐
초침은 관심 없이 흘러가나 봐

여기만 있었어 다른 곳은 없어
멍하니 앉아만 있어

20대는 힘 없이 저물어만 가 지나가
엉켜왔던 고민들은 거침없이 풀어가

같은 곳을 바라보던 친구들은 희미해져
나는 배낭 챙겨
솔직히 나도 몰라 너도 몰라 우린 아무것도 몰라
일단 과정부터 잘 챙겨

우리들 노랠 만드는 게 너무 오래 걸렸어
여기까지 온 나는 못났어

내게 부정했던 과거들은
오늘까지 기억해

이 노래에 두고 갈게

내게 전해지지 않았기에 돌아갈 순 없어
어린 내게 썼던 편질 넣은 주머닌 비었어

그땐 나도 날 몰랐기에
계속 어릴 줄만 알았기에

우리 얘긴 아직 끝나지 않은 미완성이기에

너는 변하지 마 아니 변할 수밖에는 없지만
너무 좋아하진 마 아니 그럼 조금 서운하지만

나도 모르겠어 마음을
요즘따라 좀 자주 하는 말이야

다시 상처받는 게 싫어 말이야
최악이야 금사빠에 늦사식

이제는 정신을 차려야 아니 싫어
언제 철이 들까 하는 걱정도 하지마
정신 체리 아니 차려 아니 차렷 (차렷)
그냥 알아서 들어 제발 나는 내가 알아서 할게

내게 전해지지 않았기에 돌아갈 순 없어
어린 내게 썼던 편질 넣은 주머닌 비었어
그땐 나도 날 몰랐기에
계속 어릴 줄만 알았기에
우리 얘긴 아직 끝나지 않은 미완성이기에

우리 얘긴 아직 끝나지 않은 미완성이기에
우리 얘긴 아직 끝나지 않은 미완성이기에
미안 나도 잘 몰랐어
계속 어릴 줄 알았어
너만 괜찮다면 써
보고 싶어 우리들의 완성

내게 전해지지 않았기에 돌아갈 순 없어
어린 내게 썼던 편질 넣은 주머닌 비었어
그땐 나도 날 몰랐기에
계속 어릴 줄만 알았기에
우리 얘긴 아직 끝나지 않은 미완성이기에",166
286,Tricky Love Motel,d'Osier,"아직 갈 길이 많이 남았대도
그 길이 두렵진 않을거야
넘어져 일어나기 힘들 때도
우리 같이 일으켜줄거야
Tricky Love Motel (oh Tricky Love Motel)
We’re at Tricky Love Motel (oh Tricky Love Motel)
We’re at Tricky Love Motel (oh Tricky Love Motel)
We’re at Tricky Love Motel (oh oh oh yeah)

골라왔던 우리의 시간들
이제 되돌릴 순 없지
우릴 붙잡았던 책임감은
항상 미련을 남겼지
약간 힘이 들어 놔버리고 싶을 때도
사실은 그런 게 아냐 내가 비틀 대도
내 내답은 언제나 다시 그때로
항상 원해왔어 let’s be happy together
눈을 감으면 멈출 것만 같던 나날
떠오르던 기억에 반복했던 혼잣말
놓고 싶지 않아 그 아픔들은 가난한
어제일 뿐 망설이는 건 오늘이 마지막 날
어깨는 무거울 때 해는 저물어 가고
뒤를 돌아보면 누가 머물렀단 걸
떠들썩하던 그때보다 훨씬 전부터라고
언제든 웃어보자 오늘 보다 더

이젠 전부 내려놓고 싶을 때도
괜찮아 우린 잠깐 쉬어 가면 될 거야
이젠 내일조차 보이지 않을 때도
괜찮아 우린 잠깐 쉬어가면 될 거야

아직 갈 길이 많이 남았대도
그 길이 두렵진 않을거야
넘어져 일어나기 힘들 때도
우리 같이 일으켜줄 거야
Tricky Love Motel (oh Tricky Love Motel)
We’re at Tricky Love Motel (oh Tricky Love Motel)
We’re at Tricky Love Motel (oh Tricky Love Motel)
We’re at Tricky Love Motel (oh oh oh yeah)

그때로 돌아가고 싶단 말
거짓말이라곤 못 하겠어 진심이 반
그래도 지금이 행복하다
거짓말은 아니지만 진심은 반
달린다고 말하기엔 너무 답답해
한 걸음걸음 가고 있지만 막막해
I have too many thoughts 머리는 딱딱해
errday 긴장 상태 다리는 빳빳해
쉬어가길 망설이지마
잘 해왔어 잠깐 눈 붙이고 일어나
다시 걸어 가자 it's not far 거의 다 왔어
주변 챙길 수 있게 될 거야 Be alright

아직 미련이 남을 것 같아도
Gonna be alright, gonna be okay
후회를 남길 것 같은 잠깐도
Gonna be alright, gonna be okay


이젠 전부 내려놓고 싶을 때도
괜찮아 우린 잠깐 쉬어 가면 될 거야
이젠 내일조차 보이지 않을 때도
괜찮아 우린 잠깐 쉬어가면 될 거야

아직 갈 길이 많이 남았대도
그 길이 두렵진 않을거야
넘어져 일어나기 힘들 때도
우리 같이 일으켜줄 거야
Tricky Love Motel (oh Tricky Love Motel)
We’re at Tricky Love Motel (oh Tricky Love Motel)
We’re at Tricky Love Motel (oh Tricky Love Motel)
We’re at Tricky Love Motel (oh oh oh yeah)",1
287,별밤 이야기,Rums,"별빛은 늘 노랠 쓰고
흐르는 물결은 늘 춤을 추고
저기 저 푸른 하늘 위로 맘을 실어
보내 숨 쉴 때마다 느껴지는 spirit
한없이 뻗어 퍼질 메아리가
어질러진 내 감정의 조각들을 휘감아
추억 속에 나를 보내 you know Ill be there
필요할 때마다 나를 불러 우리 함께
공유한 상상을 회상하며 함께 기대

울려 퍼진 멜로디에 모든 걸 담아내 메세지의 미래
현실에 끝에서 끝 모두 비대칭해 상상이 가득한 밤에

바람이 스치며 부른
햇살을 한 아름 품은
달빛이 가득한 밤에
구름은 여전히 푸름
서서히 땅위에 드리운
그림자 그것은 그리운
영원히 빛나는 별처럼
마음에 새겨진 추억
이제 알려줘 너의 이름과 비밀을 다
깨어도 기억하게

수많은 거짓과 혼란에 막힌
되풀이 되어버린 시간에 갇힌
난 정점의 순간에 깨버려 하필 밤마다
느끼는 차가운 감정에 잠김
돌이키려 다시 두 눈을 감지
i see only black and nothing
나의 별밤 이야기 언제 끝맺을 수 있을지

마음속에 무한대로 피어나는 풍경은
나만의 나만의 품속에 정적인 아름다움
아직 벗어나지 못해 약속할게 Ill be there",0
288,Attraction,Lofi zoo,"[가사 준비중] 멜론 회원 여러분! 가사 등록을 기다리고 있어요.
가사등록하기",0
289,2025,Hip Hop Joy,"A new beginning, a new day
The shining sky, approach me
Everything I dreamed of became a reality
Together, I'm not afraid

At this moment, we fly away
Hold hands until the end of the world
Our dreams never stop
I'm waiting for a bright tomorrow

Happy start, dance together
It's full of joy. Everything's perfect
Each other's laughter is full of love
the happiest day in the world

Bright sunshine, in my heart
A happy story unfolds
They waved their hands and shared their laughter
I love everything in the world

At this moment, we fly away
Hold hands until the end of the world
Our dreams never stop
I'm waiting for a bright tomorrow

Happy start, dance together
It's full of joy. Everything's perfect
Each other's laughter is full of love
the happiest day in the world

Looking for light even in the dark
Every path calls for us
If you reach out your hand, your dream comes true
Let's be together forever

Happy start, dance together
It's full of joy. Everything's perfect
Each other's laughter is full of love
the happiest day in the world",1
290,Lonely,dramabo!damovie,"ballin' 당연히
My shadow busy
lonely
돈벌이 또 해야 돼 채찍
sorry to wifey
돈 없는 건 죄지
it's too hard
차피 Get over it, Nike

ballin' 당연히
My shadow busy
lonely
돈벌이 또 해야 돼 채찍
sorry to wifey
돈 없는 건 죄지
it's too hard
차피 Get over it, Nike

get over it, Nike
아무도 모르지
해보기 전까지
yeah 해보니 어지러
거울 속에는 왠 아저씨
yeah 비싼 옷 입어도
태가 안 나잖아 왠지

ballin' 당연히
My shadow busy
lonely
돈벌이해야 돼 채찍
sorry to wifey
돈 없는건 죄지
it's too hard
차피 Get over it, Nike

no watch no necklace
shopping noway
yeah
욕심은 나지만 but
참어 im dad

no pain no gain
lt's so cool okay
yeah
새로운 설렘과
배로 더 무거운 어깨

ballin' 당연히
My shadow busy
lonely
돈벌이 또 해야 돼 채찍
sorry to wifey
돈 없는 건 죄지
it's too hard
차피 Get over it, Nike

ballin' 당연히
My shadow busy
lonely
돈벌이 또 해야 돼 채찍
sorry to wifey
돈 없는 건 죄지
it's too hard
차피 Get over it, Nike",3
291,서울밤,정다윗,"오늘 같은 밤엔 맥주 한캔 적적한 방안 혼자 앉아 놀다가 그 시절을 기억해 많았는데, 즐거운 것도 다 한땐가봐.

그래 맞다, 꿈이란 것도 있던 때가 있었었는데 그게 뭐였는지도 기억안나, 그래 맞다 진짜 사랑 같은 것도 찾았었는데 그게 누구였는지도 난 몰라

소주를 빠빠빠빠빠빠빠빠빠 나팔 불어 또, 소주를 빠빠빠빠빠빠빠빠빠 노랠 불렀겠죠, 이제는 이해해 정말로, 어른이 되나봐요 진짜로 눈물대신 쏟아버린 술 이렇게 되기 싫었었는데

울지 않는 서울 밤에, 떠나지마 널 붙잡네, 니 손이 필요해서 그래 내가, 필요해서 그래 니가 필요해서 또, 나는 노래 불러 또

꺼져버려 다 그래 내가 참 많이 바보 같았다. 돈이 진짜 다가 될거라 믿었는데 그냥 잃어버렸네.

그래 언젠가 바라던 모습의 반의 반조차도 못된채 한심한 어른이 돼버렸네 안될거야 장담했는데

그래서 오늘 같은 밤엔 그때가 그리운가봐, 너의 품을 꼭 안고서 잠든 그때가

어른이 다 되었나봐 혼잣말도 자꾸하고 나 혼자 술을 홀짝거려 핸드폰만 껴안고서

잔들고 빠빠빠빠빠빠 나발 불어 혼자서 라라라라라라 노랠 불러 이제는 이해해 정말로, 어른이 되나봐요 진짜로 눈물대신 쏟아버린 술, 이렇게 되기 싫었었는데

울지않는 서울밤에 떠나지마 널 붙잡네, 니 손이 필요해서 그래, 내가 필요해서 그래 니가 필요해서 또, 나는 노래불러 또

니가 필요해서 그래, 니가 필요해서 그래, 니가 필요해서 또, 니가 필요해서 또",3
292,트랩산타(TrapSanta),제이슨옥 (JASN OK),"우찬아 이제 안 울어도 돼 2024 TrapSanta is back
울 엄마 TV 바꿔드렸더니 이제는 산타를 믿어 이건 fact
5만 원 쓰기도 벌벌 떨었던 내가 신발에다 150
이제는 되고 싶어 옷에 tag을 안 보는 celebrity
오늘도 작업실에서 난 battle me
내가 말하는 거 전부 다 되는 이유
이건 당연해 나는 뭘 하던가 말보단 그냥 행동으로 떄우지
부자를 욕하지 않아 난 배우지
다음엔 뮤비에 몇백을 태울지도
이건 매우 진지한 내 얘기
내 패기 못 느낌 넌 애기
어차피 늦은 거 내 성공 10년 뒤라 해도 무조건 대기
아니 뭘 대기해 까짓거 만들어내지 내 성공의 계기
벌써 내년이야 man 시간 없어
내년엔 나에게 선물로 줘야 해 여의도에 50평 apartment
새 나라의 어른이는 일찍 일어나서
work work work work
잠꾸러기 없는 나라 뒤쳐지면 안 돼
work work work work
새 나라의 어른이는 오늘도 작업해
work work work work
욕심쟁이 많은 나라 살아남으려면
work
작업실에서 죽어도 work
죽으면 저승에서도 work
돈 없는 이승이 서러워
죽어도 벌어야겠어 난 부러워죽어
여의도에 주거하는 여유로운 부자들 줄곧
물었지 어떻게 하면 한강뷰 보면서 살 수 있을까 한숨
쉴 시간 없어 그 시간에 하지 work
쉴 시간 없어 자는 시간에도 work
내 머리맡에는 영감 주세요 산타 영감
그게 내 Christmas 선물 그게 나 바라는 전부
이 시간부로 산타와 난 깐부
루돌프 대신 내 등에다 업구
piggyback piggyback piggyback
어부바 해드릴게요 그 선물은 놓고 가
그 옷도 놓고 가 이제 이 옷
제 겁니다 양기자님 톤
이제 올라가자 키츠요지처럼
이제 벌어봐야지 돈
새 나라의 어른이는 일찍 일어나서
work work work work
잠꾸러기 없는 나라 뒤쳐지면 안 돼
work work work work
새 나라의 어른이는 오늘도 작업해
work work work work
욕심쟁이 많은 나라 살아남으려면",1
293,영원히(I hope not),YONGHUN(031),"누군가 들어보던 어지러운 나의 밤이
너한텐 그냥 못난놈의 한풀이일껄
작업실 안을 들어왔던 내 수많은 날이
남들눈엔 별거없는 백수새끼일뿐
바보라며 이런 나보고해 너도
동정하고있다면 꼭 넣어둬
화면속에 그 래퍼와는 멀어
곧 간다에 별거없는 목을 걸어

Mama I’m sorry
벌어올께 money
성공할수있다면 바로 박아 머리
이런 간절한 날보고 한심해 하지마
아직까지도 열심히 버티고 있잖아 이 night
I'm gonna make it somehow 2000천 짜리 Neck
가끔은 나도 겁나지만 노래를 make
집에 있는 내 family 챙기려고해 meal
말로만 하는 puxxy 아니라 만들어 매일
이생각으로 걸어
x밥들이랑은 거리가 참 멀어
적당히 꼴값 떨어
그럼 넌 여태까지 뭐 했냐고 물어
대체 왜 내가 fake
미움은 모두 take
내 밥그릇 앞에 올려놔 돈다발 cake
벌어갈꺼야 난
너보다 많은 guap
하나 둘 버려 friend
대신에 쌓이는 chain

누군가 들어보던 어지러운 나의 밤이
너한텐 그냥 못난놈의 한풀이일껄
작업실 안을 들어왔던 내 수많은 날이
남들눈엔 별거없는 백수새끼일뿐
바보라며 이런 나보고해 너도
동정하고있다면 꼭 넣어둬
화면속에 그 래퍼와는 멀어
곧 간다에 별거없는 목을 걸어



아직도 한달에 한번 타러가고있잖아 pills
근데 걔넨 여전히 모방이라며 뒤에가 피식
안해도돼 너 나름대로에 보여주기식
미움정도야 뭐 Keep it 밤엔 보여 막 핏빛
Yea still I’m funny
걷지 이길 뻔뻔히
가짜친구 오래전에 안두려고 이미 다 Cut this
동시에 죽어서라도 존나게 되고싶던 검정색에 밤하늘에 이뻐보이던 그 별이
지금 보니까 It's not pretty 밤엔 나가지도 않거든 필히
이 길이 이렇게 추울지 몰라 미리 옷을 챙겨 입고 나가지 힘들지만 일이
혹여나 안좋게 볼까봐 성격을 rimit
Yea still I’m funny
Yea 필요했어 어릴때부터 money
그때까지 해도 난 naughty
생각이 바뀌어 지금 가슴엔 I’m gonna make the ballin

누군가 들어보던 어지러운 나의 밤이
너한텐 그냥 못난놈의 한풀이일껄
작업실 안을 들어왔던 내 수많은 날이
남들눈엔 별거없는 백수새끼일뿐
바보라며 이런 나보고해 너도
동정하고있다면 꼭 넣어둬
화면속에 그 래퍼와는 멀어
곧 간다에 별거없는 목을 걸어",1
294,No.1 (Feat. Meowmiro),스와디(Swadi),"자랑하고 싶어 탈이 났지
모르는 게 약이야, 저 사람들은 아직
불편한 사실 하나, 세상 불공평
너 내가 화났을 때 쓰는 애교는 반칙
Look at that 뒷태, damn hot
Put the black jean on 나 만날 때에만
보채지마 나 지금 못 일어나겠어
두 다리 후들거려 막
시도 때도 없이 외쳐, 팬티
You are my Popular, 이건 팬픽
아마 이 노래가 청불일테니 시원하게 뱉어
With you, wanna do that shit
내 작업실, 우리 무대지
Youtube playlist, Hiphop & RnB
Bass line way good to you
Look at that 뒷태
I said 목 뒤에 tat
한 줌에 들어올 듯한 허리 라인, up 된 hip
Damn, girl
네가 거울을 봤을 때에도
보이잖아 you know
한겨울에 안 벗을 때에도
Numero Uno
Look at that 뒷태
I said 목 뒤에 tat
한 줌에 들어올 듯한 허리 라인, up 된 hip
Damn, girl
네가 거울을 봤을 때에도
보이잖아 you know
한겨울에 안 벗을 때에도
Numero Uno
그만 멈춰 baby
그거 아니잖아 내 얘기
다들 오해하면 넌 책임 질 거야?
woo I can't take it ah!
듣고 싶은 말 not about my look
보이는 게 다 아니라구
you need to explain 눈 감아두
느끼는 네 마음 한가득
Is it true love?
우린 아직 한참 멀어 보여
신중하게 write 처음부터
Top of your list
성격 말투 버릇 없이 보정
네가 정신 팔려 있는 동안
불안해 식을까 봐 나 몸살
날 생각할 마음도 run out
어떡해야 돼 나 혼자
Look at that 뒷태
I said 목 뒤에 tat
한 줌에 들어올 듯한 허리 라인, up 된 hip
Damn, girl
네가 거울을 봤을 때에도
보이잖아 you know
한겨울에 안 벗을 때에도
Numero Uno
Look at that 뒷태
I said 목 뒤에 tat
한 줌에 들어올 듯한 허리 라인, up 된 hip
Damn, girl
네가 거울을 봤을 때에도
보이잖아 you know
한겨울에 안 벗을 때도
Numero Uno",3
295,의심이 많아서,스몰키드(Small Kidd),"내 사랑은 어디있나요
내 잘못때문인건가요
너무 예민해서 그런거라면
내가 더 바꿔가볼게요

맘을 주다보면 어느샌가 나혼자
날 피해 가는듯 나를 멀리하지
늘 뻔한 결말에 오늘도 나는
사랑이 고파

누굴 만나봐도 나에게
거짓말같아 보여 뭔가
예전에 만난 그 사람 때문에
의심이 많아졌어 혼자

사랑하고 이별하길 반복해
있지도 않은일을 맞다 착각해
먼저 다가가놓고서 발을빼
내가 나쁜걸 알면서도 그래",11
296,Night Ride,1퍼센트,"낯선 이 도실 밝혀 네온사인 잠 못 드는 밤 해가 지고 나서야 시작되는 내 오늘 하루

거리에는 좀비 하나둘씩 늘어가 젊음이 시작되는 그 밤

난 오늘도 빈 모니터에 하나둘씩 새겨 흉터인가 아님 한탄의 계절

뻘소리만 느는지 중요한 건 순간을 온전히 느껴 받아들여 주어진 모든 일 yeah

앨범을 냈고 또 메꿔 구멍 난 감정에 늘 직관적인 맘 해석하려 해

그 모든 걸 그대로 옮겨 필요한 건 선율 그거 하나면 돼 늘상 나 바라던 대로

마지막이 안 올 듯 난 이 순간 절대 못 떠나지 아직 새벽 밤은 훤하니

난 원한 일을 해 이 새벽 난 조금만 더해 그게 지금의 날 만들었네 어때


Night Ride Night Ride My time My time 서늘한 공길 벗 삼아

적어낸다니까 써 낸다니까 해낸다니까 나 해낸다니까

Night Ride Night Ride My time My time 이 밤 위를 난 걸어가

일을 내자니까 이 세상이 날 볼 때까지 나 선택한 이 삶을 계속해서


이어가는 거 바뀌는 낮과 밤사이 난 모자람까지 털어놔 다

거리낌 없지 이게 나의 삶 나잇값 계산 못해 내겐 숫자보단 글자니까

타협 않고 난 다 이뤄내 예상했던 전개 훤했으니

미래를 써냈지 Don't test me 몇 개의 고난 해 온 대로 떨쳐 내는 일

추억이 담긴 썰 하나둘 밤공기에 담아서 보내 그들의 귀 그 속에 진심이 닿으면

느껴 내 삶 이제야 난 의심에서 벗어나 확신을 입에 담지 이 밤에 Vibe in

Come to my stu 예술 같은 게 흘러 난 주워 담은 적 없지 자연스레 묻혀져

이 단어 하나하나에 역사 만들어졌지 조용히 다가간 밤에


Night Ride Night Ride My time My time 서늘한 공길 벗 삼아

적어낸다니까 써 낸다니까 해낸다니까 나 해낸다니까

Night Ride Night Ride My time My time 이 밤 위를 난 걸어가

일을 내자니까 이 세상이 날 볼 때까지 나 선택한 이 삶을 계속해서


Keep it low Keep it low ey 이 밤과 나 단둘의 비밀로 해

결국엔 내일이 오니까 오늘을 남길래 이 하얀색의 종이 안 여기서

Keep it low Keep it low ey 이 밤과 나 단둘의 비밀로 해

결국엔 내일이 오니까 오늘을 남겨야겠어 이 하얀색의 종이 안


Night ride Night ride My time My time 서늘한 공길 벗 삼아

적어낸다니까 써 낸다니까 해낸다니까 나 해낸다니까

Night ride Night ride My time My time 이 밤 위를 난 걸어가

일을 내자니까 이 세상이 날 볼 때까지 나 선택한 이 삶을 계속해서",1
297,파란 겨울 하늘,업무태만,"추운 겨울 안경에 김 서리네
두 손 또 비벼보네
계단을 내려가서 문을 열고
길 모퉁이에 담배 무네
작년 이 맘때도 이랬던 거 같은데
나 혼자만 못 웃고있네
차가 밟고 지나간 자리 눈 얼룩지네
무엇보다 새까맣게
늘 찾아야 했던 way out
내 맘 타들어가네 손 끝에 연기처럼
그럼에도 해낼 수 있다 믿어
사람들은 양손에 선물 가득
넌 왜 또 전화를 안 받아
나 불안해져 이런 말은 안 믿어
내가 아무리 소리쳐도
적막만이 가득한

파란 겨울 하늘
내 맘처럼
얼룩질 때
얼룩지네
하얀 눈 사이로
즈려밟고
가시네 또
가시밭길이네 또

어른이 되면 재미볼 줄 알았지
매일이 똑같지
어른이 되면 달라질 줄 알았지
하나도 안 변했어
어른이 되면 재미볼 줄 알았지
매일이 똑같지
어른이 되면 달라질 줄 알았지
하나도 안 변했어

파란 겨울 하늘
내 맘처럼
얼룩질 때
얼룩지네
하얀 눈 사이로
즈려밟고
가시네 또
가시밭길이네 또",0
298,YOU (Prod. 주엘 (Juel)),LUNVEX,"너의 마음은 내가 아닌 걸
깨달았을 땐 이미 늦었어
변한 건 없지, 안 괜찮지
그러니까 난 매일 밤
언제 이별을 들을지 몰라
너가 힘이 못 되는 게 아니라
힘이 될 너가 없을까 봐
내가 취해 있는 이유야
잠에 들고 깨고 나서
온 연락이 이별이면
내가 끝을 내지 않으면
정리할 시간을 주는 것 같아
만약 내가 아프면
마지막까지 같이 아파줘
붙잡으려 따라갈수록
더 멀어지는 너를 보고 있어
매순간 나를 떠나가고
내가 없어도
평안을 느껴?
너의 마음이 내가 아닌 게
날 필요로 하지 않아도
Because I only need you
you you you you you
I only need you
you you you you you
I told you I only need you
you you you you you
I only need you
you you you you you
I told you I only need you
너의 마음이 내가 아니면
대체 어떤 사랑을 원해서
어떤 사람과 만남을 갖고
어떤 사람과 사랑을 나누고
내가 아닌 다른 사람이 필요해?
너는 나를 사랑하지 않잖아
라는 말에 너는 아니라 답해
불안해하지 말라고 말해도
잠에 들고 깨고 나서
온 연락이 이별이면
내가 끝을 내지 않으면
정리할 시간을 주는 것 같아
만약 내가 아프면
마지막까지 같이 아파줘
붙잡으려 따라갈수록
더 멀어지는 너를 보고 있어
매순간 나를 떠나가고
내가 없어도
평안을 느껴?
너의 마음이 내가 아닌 게
날 필요로 하지 않아도
Because I only need you
you you you you you
I only need you
you you you you you
I told you I only need you
you you you you you
I only need you
you you you you you
I told you I only need you
잠에 들고 깨고 나서
온 연락이 이별이면
내가 끝을 내지 않으면
정리할 시간을 주는 것 같아
만약 내가 아프면
마지막까지 같이 아파줘
붙잡으려 따라갈수록
더 멀어지는 너를 보고 있어
매순간 나를 떠나가고
내가 없어도
평안을 느껴?
너의 마음이 내가 아닌 게
날 필요로 하지 않아도
Because I only need you
you you you you you
I only need you
you you you you you
I told you I only need you
you you you you you
I only need you
you you you you you
I told you I only need you",0
299,29.9,Dong-Gil,"쉴틈없이 넘긴 달력
벌써 마지막 장에
부지런히 달렸지만 허탈해
이룬거 하나 없단 말로
나를 비꼬지마,
쓰던 달던 삼켰던
나의 2024
시간은 비싸
대가를 바친만큼 빛나지만
지금은 slow it down
it’s time to rewind
흔들리는 진자
이젠 어렴풋한 민짜
그 때가 좋았지만
이미 바뀌어버린 시차
깊이 빠져버렸어 난 늪에
꿈보단 돈벌이가 훨씬 급해
엄만 크면 알게된다그랬는데
엄마 난 벌써 다 커버린듯해
yuh 돌아가고 싶진 않아
어차피 같은 선택을
할거고 난 변하지 않아
내 모습이 어때
말라빠진 어깨,
나름 신경쓰는 옷태
이대로 머물고 싶지만
시간이 날 보채

29.9 코 앞엔 서른
29.9 빨라진 걸음
29.9 29.9
29.9 29.9

29.9 코 앞엔 서른
29.9 빨라진 걸음
29.9 29.9
29.9 29.9


스물아홉 막바지에서야
돌아 보는 중
어린날의 나완
많이 바뀌어버린 view
매일 술값에 허덕이던 우리도
가끔은 제일 좋은 부위로 사치 부리곤 해
어묵탕에 물 이제는 안 부어
한 잔에 한 입 to 안주 하나에 한 병
시덥잖은 이야기나 하면서
시간 때우다가,
턱 끝까지 차오른 고민은 삼켜
세상을 뒤집을 줄 알았던
그 어린 날의 나,
고기나 뒤집어
다 그렇지 뭐 세상살이가
아저씨라 불려도
still wanna young dumb
고꾸라지더라도 외쳐
세상아 덤벼
아직 여기에 서 있어
고치지 못한 성격
이 밤의 끝을 붙잡아도
해는 떴어 벌써
달려온 길 보다
갈 길이 더 멀어
29.9
걸음을 재촉해서 걸어

29.9 코 앞엔 서른
29.9 빨라진 걸음
29.9 29.9
29.9 29.9

29.9 코 앞엔 서른
29.9 빨라진 걸음
29.9 29.9
29.9 29.9",4
300,위로가 되는 밤,1퍼센트,"위로가 되는 밤 우리 떠날까

더 나은 모습의 나를 만날지도

위로가 되는 밤 우리 떠날까

이전의 모습을 전부 던져버리고


새로워지는 모습 그게 나였으면 해 이 밤이 가기 전에 나를 찾았으면 해

과거 아닌 현재의 내가 알았으면 해 더 나은 내일의 내가 기다리는 걸

가끔은 비웃어 내 모습이 웃겨 다 끝난 기분을 느끼는 지금의 순간이 리허설

늘상 뱉어 허슬 근데 잃기도 한다는 것을

마음으로 느끼고 난 뒤 쳐지는 맘 완벽 아닌 실수로서 잊혀지는 밤

서글퍼 다시는 못 오는 지금 이 순간 지금 이 순간 yeah 지금 이 순간

도미노처럼 건들면 다 무너지는가 나 쌓아왔던 모든 걸 다 잊었나

새로운 내 모습을 난 찾으러 뛰어나가 어서 위로 가자 어서 위로 가자


위로가 되는 밤 우리 떠날까

더 나은 모습의 나를 만날지도

위로가 되는 밤 우리 떠날까

이전의 모습을 전부 던져버리고


yeah Im fine 그래 괜찮아 오늘의 실수도 경험 됐잖아

위로되는 무언갈 간절히 바라고서 나 몸을 일으켰어 몸을 일으켰어

살다 보면 얻은 만큼 뭔갈 잃어서 ey 부정보단 적응하기로 ey

경험을 안고서 또 다른 경험 위에 쌓았고 쌓였어

날씨는 nice지 의미란 건 사실 현상보단 현상에서 나온 해석이 맞지

뜬구름 잡지만 어떤 건 아니니 결국 손에 잡힌 모든 건 허상 같지

정답을 찾을까 아니면 정답에서 오는 문제를 안을까

아직도 잘 몰라 그냥 모른 체 살아가는 게 더 맞을까

정답을 찾을까 아니면 정답에서 오는 문제를 안을까

아직도 잘 몰라 모른 체 살아가는 게 더 맞을까


위로가 되는 밤 우리 떠날까

더 나은 모습의 나를 만날지도

위로가 되는 밤 우리 떠날까

이전의 모습을 전부 던져버리고

위로가 되는 밤 우리 떠날까

더 나은 모습의 나를 만날지도

위로가 되는 밤 우리 떠날까

이전의 모습을 전부 던져버리고",0
301,KEEP TALKIN,OXYNOVA,"30 thousand dollars on my damn wrist
급이 너무 낮아 Y’all just aint sh*t
Carats on em Karats like I’m Bugs Bunny
Y’all look at my diamonds just to run from it
Keep on talking sh*t
Keep on talking sh*t (안 들려)
Keep on talking sh*t
Keep on talking sh*t (하나도)
Keep on talking sh*t
Keep on talking sh*t (Uh huh)
Keep on talking sh*t
Keep on talking sh*t
Ey
Yng n Rich go 원탑
Yeah that’s my family
YNR we bossed up
We counting fetti
사임당 my wife now
So evidently
All y’all is broke
다 거짓말쟁이
Uh oh
Uh oh
왜 거짓말해
Uh oh
Uh oh
멋도 없는데
Uh oh
Uh oh
다 노캡이래
F*** everybody
너네랑 친구는 안 할래
35 on the right wrist
No credit
Say less you gon embarrass yourself
If its tryna go then let it
I said I’d never fall in love
And then life said lets bet it
Fell in love with a stripper
Ey
I give my everything to God
너네들은 방구석에서 ***이나 빨아
얘들아 마약 하지 말아
효도하고 오래오래 살면 좋잖아
Keep on talking sh*t
Keep on talking sh*t (안 들려)
Keep on talking sh*t
Keep on talking sh*t (하나도)
Keep on talking sh*t
Keep on talking sh*t (Uh huh)
Keep on talking sh*t
Keep on talking sh*t",52
302,"#2024 : 가장자리 (Feat. 123, OLNL (오르내림))",Minit,"여기까지라면 고생했어
라며 웃던 멍한 바다에서
날아가자 하며 뛰곤 했던
너의 그 얼굴이 아직 예뻐

거기까지 가면 피곤해져
여기까지만 이래도 행복하니까 기대 줘
우린 커다란 내일을 떠나자
그 찬란했던 날 그대로 묻어뒀던 자리

돌아가 다시 어딘가로
그게 어디든 나를 어르는 곳
돌아가 거기 끝쯤으로
1, 2, 3

저 높이 더 날아올라 저기 하얀 구름과
춤추는 수증기 부푸는 이 꿈이
그때가 떠올라 그대와 머물다 약속했던
세상의 가장자리에서

식빵의 가장자리처럼 까맣게 타버린
그런 사이 알았어 나도 안 할 게 투정 부림
하나부터 셋 하나둘 셋 세다 보면
다시 만날 거라 생각했다니 내가 왜 그랬을까

가끔은 후회하는 기분도 나쁘지 않아
이때 네 생각이 나면 없어 죄책감
아직도 날 응원하니 그 자리에서

내가 너무 많은 실수를 해서
가벼운 투정도 못 부리겠어
한 번씩 멀어져도
넌 내 것 같았는데 이번에야말로

진짜로 멀어지나 봐 아무것도 아닌데 난
이런 날 바라봐 주던
너까지 떠나가 버리면 난 어떡해
뭐 그래 잘 지내

저 높이 더 날아올라 저기 하얀 구름과
춤추는 수증기 부푸는 이 꿈이
그때가 떠올라 그대와 머물다 약속했던
세상의 가장자리에서

그때가 떠올라 그대와 머물다 약속했던
세상의 가장자리에서",313
303,Underdogma,테이크원 (TAKEWON),"Call me the Lion King
하이에나 같은 새끼 전부 냅두려 했는데
They be on my ass
Annihilate them
오랜 기다림에 보답하게
그래 가볼게
이젠 내 팬들도 답 원해
그러니 한 번에
답해주려 딱 1년을
기다렸지 닥치고 들어
What I'm 'bout to say
시간은 way back
2010년 첫 Mixtape 준비할 때이네
머리도 덜 자란 내가 갓 한국에 도착한 그때엔
지금처럼 힙합 Label
또 TV 방송 같은 곳에 내 랩을
보여줄 데도 별로 없었고
다른 회사와 계약한 내
친구들은 나한테 말했네
너무 싫대 자기의 음악이
자신의 음악은 모두 자의가 아닌 타의래
회사와 계약에 대한
후회와 불만이 가득 찬 술자리
웩
왜냐는 물음엔 답 Mula 돈
힙합이 뭔진 아직 잘 몰라도
나한텐 아니지
자신의 음악 하나도 사랑 못 한다면
내게 힙합은 언제나 Keeping It Real
Keeping It True to Yourself
이게 태도일 뿐이라던 가식적인 새끼
내 눈엔 걍 힙찔이지
그래서 첫 계약에 내건 유일한 조건
내 음악 하게 해줘요 무조건
이때 겪은 신인의 공포
전부 담았지 13년 Recontrol
I was an Underdog with an Underdogma
Yea
I was an Underdog with an Underdogma
Yea
어쩌면 그때의 기억 때문에
힙합으로 안 보였어 내 눈엔
좋아 보여도 아는 사람 얘기
근데 발라드 랩 같은 병신 같은 얘긴
아니고 속단했었어 남의 음악의 의도
지금 생각하면 어렸던 나의 독단
음악에 자의와 타의
구분할 수 있는 건 오직 창작자 자신 혼자
그러니 오독이라 해도 할 말 없었다만
돈 벌고 싶었단 산이의 노래가 내겐 더
힙합이었지 잘 어울려보다
만만한 사람만 골라서 공격한 쪼다
대단한 것마냥 글쟁이가 인터넷에다가 포장
씨발아 좆까 정작
더 유명한 형들은 쏙 뺀
개여우 같은 속내 Rap Pussy Game 그건 너의 자기소개
내가 개껌으로 보였다면 이유는 아마 너의 자신 속에
빙신들 똑같은 짓 하지 지금도 무리 지어서
빡빡머리가 힙합이라던 놈들 앞에서 난 원래 머리 길렀어
내가 긴 머리에 스키니진 스냅백
쓰고 종착역을 불러도 니네 보단 더 솔직할걸
내 짙은 화장과 단정한 머리와 옷
겸손한 말투 감성적인 곡
이것 땜에 힙합이 아니군요?
그럼 화장 안 한 얼굴과 특이한 머리와 옷
싸가지 없는 말투와 폭력적인 곡
이 힙합의 전부인 너를 난 병신이라고 불러
저 새끼들처럼 내 실패 숨기려 공격 태세나 하는 게 솔직해 그럼?
난 내 실패마저도 솔직하게 음악에 담아
시켜서 한 적 없어 회사의 사장이 나
너 같은 등신들한테 설득 안 돼도 괜찮아
아니 차라리 나아 계속 그렇게 잡아라 꼬투리
봐 난 이렇게 후하게 이자까지 쳐서 받은 건 다 돌려주니
잘 들어 세윤이
돈은 정해주지 않아 래퍼 서로 간의 우위
그래 내세우는 가치는 난 지금까지도 music
돈이 음악의 수단이니까 난 누구보다도 절실히 모으고 또 쓰지
그 말을 투자도 제대로 안 한 음악의 변명에 쓰라고 한 적 없어
남들이 음악으로 낸 성과를 폄하하려고 아니면 날 높이려고 말한 적 없어
난 숨긴 적 없어 애초에 그 말 안에 있던 질투심도 앨범에
내 앨범은 들어보지도 않고 영향 받았다 뻥치는 넌 잘 모르나 보네
BITCH
솔직하게 말해 봐라
같은 회사였으니까 잘 알잖아
지금 네가 영향 받았다고 말한
그 곡을 냈을 무렵 나란 사람
병원에 실려가고 나와서도 2년 가까이
고통 속에 침대 속에 누워있었잖아 항상
정확히 그 시점에
넌 같은 회사 식구 포함해 너 혼자 일 한단 식의 얼빠진 디스곡 내
난 어이가 터져 respect 한단 동료가 갑자기 비수 꽂네
so I gave you a call
you shook motherfucker
이게 내 얘기냔 말에 말 잇지를 못해
전화 한 통에 사클에 곡을 내려
지금도 디스곡 내놓고 아니래 뻔한 pattern
힙합은 너한텐 그저 명분이지 매번
그 시절에 쪽팔린 기억 지금까지도 계속
안 잊혀가지고 힙합을 명분 삼아 오늘까지도 날 손가락질 하시죠
근데 자기 음악 이젠 안 팔리니
여태까지 힙합 안 했었다면서
자신의 음악도 부정하는 너가
힙합과 가장 거리 먼다고 난 확신해
쇼미 본선도 못 밟아본 게 최고의 자랑인 너와
나를 제발 엮지 말자 이제
내가 혼자 넘어진 것 갖고 네가 날 이긴 척하는 것 제발 그만 좀 하자 이제
네 옆에 배은 망덕한 돼지 새끼한테나 전해
솔직해져라 진짜인 척 연기하기 전에
쟤가 쇼미 욕하다 나갔단 사실이 너 진짜로 그리 분했어?
그럼 하나 묻자고 내가 가장 처음 나갔었던 시즌 1 때부터
그 TV 프로 보이콧하고
거기 속 신인들까지 전부 다 폄하하시던
네 전 사장님한테는 넌 왜 그리 차분했어?
난 그때 씬에서 출연자는 활동 막아야 된다는 개소리도 봤는데
결국 지도 나와놓고 그 인식들 내가 다 바꾼 뒤에
너도 욕 했잖아
절대 안 나가겠다 말했던 넌 뭐가 돼?
네 주변은 다 알걸 네 속 안에
질투란 감정 솔직하게 쏟아내
결핍으로 날 몰기 전에 꺼내라 본심
난 봤어 너와의 술자리에서
관심도 없는 남 얘기 매일 지껄일 때부터
봤어 너가 방송국에서
가짜 승리라 말하던 입에서 나온 진짜 패배를
틀린 말 없지 덩치만 커 정신이 좆만 한 체급
내게도 질투해서 권력으로 날 불렀다매 니들끼리
놀아 끼리끼리 난 더 상관 안 할게
더 말 안 할게 내가 해줬던 말이 그저 잘난 체
로 느끼는 니네랑 어떻게 음악을 논해
보석집은 무슨 걍 suck a dick
의리를 들먹이네 진짜로 웃기는 새끼들 천지
엿 먹어 씨발
You're an Underdog with an Underdogma
니네가 정말 정의로운가 볼까
같이 평론가 까다가 그와의 인터뷰에서 먼저 날 공격하더니 평론가를 빨아대
또 쟤는 내 방식 따라하다가 안 되니 난 항상 똑같다며 인터뷰에서 말하대
친구인 척 하면서들 자꾸만 견제하네 날 형이라 부르다가 남 앞에선 반말해
존나게 얄팍한 의리
날 이기고 싶어서 안달난 이리
새끼들 와봐라 이리 Come back home 곡 내렸던 네 용기 없는 의리
지가 신나서 찍었던 뮤비 여론 따라 좆 같대 정말 뚝심 없는 의리
등 돌리자마자 칼 찔러 넣고 날 탓하네 존나 정신 나간 의리
칼 들고 협박이라도 했냐고 내가
다 본인 위해서 행동했으면서 내 탓
하지 마라 날 따라 곡 냈다가 상황 지 생각과 다르니까
박수 받을 줄 알고 찾아갔다가 위해 가하니까 도망 갔잖아
끝까지 싸운 척 마라
또 하나만 짚고 넘어가자 너 존나 신나서 내 곡에 참여했잖아
지 음악 안 들어주니까 참여가 홍보가 되니까 너 했잖아
그 뮤비 시나리오도 보냈잖아
싫으면 안 했으면 됐잖아
물어는 봤어도 붙잡은 적은 없다 넌 게다가
한 번쯤 장군복 입어보고 싶었다 너 그 지랄 했잖아
아직도 못 잊고 칼 들고 설치더만
눈이나 똑바로 떠
카메라 앞에서 멋 부릴려고 넌 눈도 똑바로 못 떠
솔직한 놈인 줄 알았더니 넌 목소리부터
맘에 안 들어서 목소리 깔고 랩하죠 지금도
음성부터 가짜야 넌 박자는 떠떠떠떠
정박아 랩 어떻게 하나 같이 똑같지 저 새끼들한테 난 절대 안 져져져
날 이기고 싶어서 아직 나오지도 않았던 곡
공연에서 한 번 했더니 열심히 가사를 받아 적고
먼저 날 공격한 거는 조금은 귀엽긴 했다만
You're just a fanboy gone wrong
Ha
You're just a fanboy gone wrong
넌 내 앨범처럼 사람들이 널 해석해주길 원해
근데 동료들 배신 때리는 앨범이나 쳐내
가사는 개판으로 쓰고 그걸 또 새로운 거인 척해
친구들한테 앨범을 보내 지들끼리 명반이라고 올려 쳐
그짓 동참했으면 지금도 난 너한테 큰 형님이야 그렇죠?
넌 니 앨범이 내 것보다 좋단 말 여러 번 했지
웃기지도 않은 소리 네 열등감만 확인을 나는 여러 번 했지
그렇게 이기고 싶냐 나를 그렇게 부러워 했냐 나를
디스곡에서도 느껴지더라 너의 질투하는 마음
음악으로 벌은 내 무대의상들은 싸구려 명품이라 욕하고
네가 레슨비로 벌어 산 롤렉스는 아 FLEX 한 거냐고
내가 만나는 여자까지 욕하네 근데
넌 Pussy 근처도 못 가봤지
그래서 남자들이 여자로 Pussy로 Bitch로 보이나 봐
정신 나갔지
널 만나는 멍청한 여자가 누군지나 까봐 교회 오빠
교회 다니는 여자한테 너 인기 많다며 랩하는 교회 오빠
정신 차려 좆밥 널 위한 내 마지막 랩
내가 조리 돌려진대 근데
정작 조리 돌려지는 건 너의 똥 참는 랩
난 그렇게 가르친 적 없다 가르친 건 딱 기초만
그러니까 돈은 안 받을게
나한테 배웠단 말은 내가 좀 부탁할 테니까 앞으로는 하지 말아줄래?
음악의 기본인 사운드
그리고 화성 얘기할 때면 배우려고도 하지 않았던 게
되려 그런 건 없다는 식으로 말을 해
그게 말이 돼? 그럼 그걸 배우는 사람들 다 병신이라서냐? 존재해 마치 네 랩에 쿠세
잘난 척은 네가 하는 듯해
앨범에 삼백 쓰고 한 오백 벌고 BEP 넘었다 성공이라 말하는 너가
날 어떻게 이해하겠냐만 너 랩 레슨도 하잖아
널 투자할 회사도 있잖아
근데 마스터 한 곡에 30만 원도 비싸다고 못 써?
그래 놓고 음악에 모든 걸 걸어본 척
네가 천이라도 썼으면 내 고민의 발톱 정도는 이해했을걸
나한텐 너가 힙합의 발전 저해하는 부류다 그동안
먼저 욕 안 한 게 이게 의리지 아니냐?
너한텐 설득 안 된 내 음악 너보다 듣던데 이게 내 답이다
네 말대로 내가 백 번 퇴보해도 차라리 다 내껄 들어
그게 인기 때문이라고 아직도 생각한다면 넌 백 번 틀려
본질은 음악 넌 아직도 깨닫지 못해
그러니 계속 그 정도인 거다 바뀌기 전까진 절대 왕이 못 돼
더 놀아주고 싶은데 솔직히 더 하기엔 우리 수지타산 안 맞아
넌 곡에 30만 원 들고 난 수백만 원은 더 넘게 들어가잖아
듣느라 고생했다 이제 그만 들어가라
근데 우리 사이의 일들 불화라고 퉁치진 말자
불화라 부를 순 없잖아 예수와 유다가
아마 난 무파사 너네는 스카
다 섞이기엔 너무 다른 종자
아니 난 사자 너넨 하이에나
섞이기엔 진짜로 다른 종자
You're an Underdog with an Underdogma
You're an Underdog with an Underdogma
난 계속 변화해 그리고 성장해
절벽 아래로 다시 밀쳐봐라
떨어졌다가도 나는 뛰쳐나와
I'll be climbing up the hills
like the lion king",650
304,Stranger,VIN,"너 말야 !
잘 알고있는거 이미 난 다 알아 !
언제까지 나랑 줄다리기 할까 ?
지켜보고 있는거야 이 바보야
몰랐나봐

비가 오는 날에
굳이 멀리 돌아가던 참에
한번이라도 널
스쳐가려고

어두워진 밤에
위험한 그 골목길은 안돼

나 뭐 아니지만
데려다주려고

i'm not a stranger
i'm not a weirdo
집이 이 근처라서
골목 지나서
코앞이라서

있잖아 음음
너가 자꾸 나를 밀어내는 게
있잖아 음음
그러니까 음음

요즘따라 서운해 나 나
못되게만 굴어 내게 나빠
널 위해 뭘 해도 근데 나를 또
밀어내려고만 하지 자꾸 너는 또

전화를 또 걸어 너 어디냐고 물어
가로등 하나 없는 그 골목은 네겐 무서워
그럴 때는 찾아줬으면 해
이 노래를 빠빠빠빠빠

전화를 또 걸어 너 어디냐고 물어
불빛 하나 없는 그 골목은 네겐 무서워
너와의 추억 하나둘씩 꺼내보니 왜
우리 언제까지 이런 사이어야 돼

i'm not a stranger
i'm not a weirdo
집이 이 근처라서
골목 지나서
코앞이라서

비가 오는날에 굳이 멀리
돌아가려 해 왜?
i don't know

나 이러지 않는데
나 왜이럴까 대체

어두워진 밤에 위험한
그 골목길은 안돼

손잡아 줄게

i'm not a stranger
i'm not a weirdo",9
305,afar,하해주,"시간 지나 심해지네
전해 들은 네 얘기에
무너질게 너 대신에
밤이 되면 진해지네

밤이 되니 심해지네
오늘까진 널 그릴게
오늘만은 널 그릴래
오늘만은 널 잊을래


시간이 들겠지 이제 너를 잊을래
연남이 생각나냐 그때 우리 비 올 때
우산 없이 술기운에 서로에 기대
이건 영화와도 같아 우리의 집엔

차갑기만 했던 난 이제야 씻을게
잘해줄 걸 그랬어 네가 날 믿을 때
따뜻한 물로 다 씻어냈어
안아줄 넌 지금 대체 어디에

소문이 넘쳐흘러 침대 위엔
터질 거 같은 머리는 날 위해
당장에 편할 것들로만 제시해
그렇게 당하고도 또 땡기네

난 돌았고 넌 여길 왜 왔어
너의 몸만 원하는 거 알면서 왜 왔어
우리는 후회할걸 알어 후회는 나중에
낮에 한 우리의 밤이 다 끝난 뒤에


i don't wanna be just a memory
알어 너 없인 밤이 외롭지
너도 나 없인 밤이 외롭길
교복 입은 네가 나를 괴롭히지

jealousy or galaxy
기다려달란 말을 대체 왜 넣었니
너의 머리속은 행복으로 채워있길
i don't wanna die, just a memory",2
306,Give Me A Sign,₩EST,"Jesus Give Me A Sign
Jesus Give Me A Sign
Jesus Give Me A Sign
답을로 위태롭게 나 답을로
비켜지나가 쥐면피가나 피면지자나 답을 줘 예
Jesus Give Me A Sign

간절함에 데이져
잃어버린 페이서
멈춰지게 되있어 woo ah

넘어지고 뿌러져
넘어짐이 두려워
한번다시 패이져

원하면 더 떨 구
원할수 록 떨 굼
대답없는 Prayer

매번항상 뒤에 있어
꾸물꾸물 체이서
꿈이 내게 죄였어

쥐었던 바램들 흐리고 흩어져 부서진 뒤에
간절히 원하고 원하던 꿈들은 내 목을 조여 와 마치 난 죄인",0
307,잊지 않았더라면,Rose Thorn,"I'm sorry 거짓말이었어
내가 뭘 위해서인지
기억은 안 나지만
다 지운 거 같아
Oh I want feel so love
너와 함께 있다면
어디든 갈 수 있을 거 같아
잊지 않았더라면
하나 둘 쌓였던 우리의 추억
마치 흘러가는 계절처럼
다시 볼 수 있다면
돌아갈 수 있다면
네가 그랬잖아 영원하자고
그저 말뿐이더라
후회하고 있지만
다시 잡을 수 없어
I'm sorry 거짓말이었어
내가 뭘 위해서인지
기억은 안 나지만
다 잊은 거 같아
Oh I want feel so love
너와 함께 있다면
어디든 갈 수 있을 거 같아
잊지 않았더라면",0
308,Ease My Pain Ft. Lil Loski (feat. Lil Loski),lil sunder11,"[가사 준비중] 멜론 회원 여러분! 가사 등록을 기다리고 있어요.
가사등록하기",6
309,WINDSURFIN (Remix),SALO,"지랄 좀 하지말고 don't say it was real
이젠 네 장난도 별 재미없지
bish i know you tryna make fun of me
but i don't give a damn about it

Blow at me, Blow away
Blow at me, Blow away
Blow at me, Blow away
I'm surfin' on, surfin' on you

넌 내게 불어와 또 곧 떠나가지
네 리듬 위에 놀아주는 것도 잠시
Ay Girl 어차피 넌 붙잡을 가치도
없어. 되지 않아, 돈. 감당 못해 내 사랑도

I've already know I'm too nice and naive
and I'm fuckin' glad that i ain't your type
아마도 난 one way ticket,
너의 삶의 마지막 집이었을텐데

두 번의 기회는 없어 No way way way.
악취 가득한 지옥으로 go back back back.
I gotta get money and fame, 내 머리 위에
파란 Louie and it keeps ma head so safe.

I still got a lotta problem 뭐냐면
Panic, paranoid, music, money, 넌 아냐
I still got a lotta problem 뭐냐면
Panic, paranoid, music, money

지랄 좀 하지말고 don't say it was real
이젠 네 장난도 별 재미없지
bish i know you tryna make fun of me
but i don't give a damn about it

Blow at me, Blow away
Blow at me, Blow away
Blow at me, Blow away
I'm surfin' on, surfin' on you

Fuck off 저리로, you got no 멋
넌 곧 fall off, 안 봐도 뻔해
너의 그 가면 뒤 얼굴은 이제 안 봐도 전부 알아
you stupid & ugly

Hey windy, 언제는 불어와도 좋아
난 널 타고 날아갈래 wind surfin'
Hey windy, 어떤 리듬도 난 다 좋아
이미 다른 여자 집이야 어차피

I'm sorry, I'm not sorry 내게 원하는게 뭔지
I'm sorry, I'm not sorry 내게 원하는게 뭔지

Stop bluffin' just blowin'
거짓말은 나빠
Stop bluffin' just blowin'
나쁜 사람에겐 나도 나빠
Stop bluffin' just blowin'
거짓말은 나빠

지랄 좀 하지말고 don't say it was real
이젠 네 장난도 별 재미없지
bish i know you tryna make fun of me
but i don't give a damn about it

Blow at me, Blow away
Blow at me, Blow away
Blow at me, Blow away
I'm surfin' on, surfin' on you",3
310,Aitai U (feat. CHERRYSHH),한진섭 (sub jin),"아아 모두 함께 踊りましょう
슬픔 따위 없는 내일 향해
아아 나와 함께 笑ってみましょう
손을 잡고 뛰어 내린다면 怖くないから


새벽에 나혼자 걸어본 외로운 거리
아무도 모르게 니가 볼수 없게
나 혼자 걸어봐
寂しくてもあきらめない
기억해 좋았던 사이
何も考えがないて
늦었어 가까이가기엔
一緒に笑おう
또이런 생각 또 멀어진 너 꼭 붙어있자
Let's go 한진섭

아아 모두 함께 踊りましょう
슬픔 따위 없는 내일 향해
아아 나와 함께 笑ってみましょう
손을 잡고 뛰어 내린다면 怖くないから

아 아 아 痛い
望まない
君と一緒に
希望はどこに
아 아 아 痛い
望まない
君と一緒に
希望はどこに

너대답은 No No No
그래도 널향해 Go Go Go
마지막으로 다시 난 더
다시 널 찾아가 한번더",2
311,널 사랑하는 건지 널 미워하는 건지 (X),HY'GON (하이곤),"널 사랑하는 건지 미워하는 건지
나도 내가 뭔지 다 몰라 바보같이
난 왜 너의 뒷모습에 베여
헤매고 있어 그냥 모른 채 해
너의 옆에 더 멋진
사람이 있겠지만
질투하기도 뭐해
어차피 끝났으니까
넌 빛나 난 지하
아직 좋아해서 미안
이러는지도 모를거야
나는 그냥 X
여태 미련하게
너와의 관계에서 또 고민을 해
이젠 상관 할 게 있나 정신차려 man
이러다가 잠을 자고 또 네 꿈을 꾸네
이제는 눈떠
Tell me what you want
하나를 정해봐 넌
확실히 미워하고 끊어 버리던가 정
아니면 사랑한다 다시 전화해 oh
미쳤냐 정신차려 -- 그러니 차였지


널 사랑하는 건지 널 미워하는 건지
I don’t know I don’t know I don’t know how to love
I don’t know I don’t know I don’t know how to love
너가 예뻐서 더 mad
너가 예뻐서 더 mad
너가 예뻐서 더 mad
너가 예뻐서 더 mad



맞아 영원한건 없어
사실은 나 믿었어
너의 옆 서있던
그 순간아 영원해줘
멍청아 넘 뻔한
결말이자나 꺼놔
저 멀리서 본 너의 얼굴
웃고 있네 나 떠나도 돼
Mosquito 아니고
모습이 거쳐간 시간에
입맞춰 피를 뽑네 열심히
혼자만의 대축제
게임을 해
그리곤 배달시켜 놓고
맛있게 먹네
그러다 feel bad
괜찮으니까
너 할거 해
왜 참견하는데
그만 좀 friends
날 대신 욕을 해
다 내 몫일 뿐
그만해줘도 돼
난 몰라 아직도
아무렇지 않아 man
그만 좀 언급해줄래
그만 보고싶게
아직도 모르겠네
맞춰보자 love or hate
그것보다 너 일상이 더 궁금해

널 사랑하는 건지 널 미워하는 건지
I don’t know I don’t know I don’t know how to love
I don’t know I don’t know I don’t know how to love
너가 예뻐서 더 mad
너가 예뻐서 더 mad
너가 예뻐서 더 mad
너가 예뻐서 더 mad

음악이 다시 꺼져도
X 가 되어 틀려도
Mas를 뒤에 붙여줘
멋지게 축하하며 다시 사랑할게

사랑하는 건지 이게 미워하는 건지
사랑하는 건지 이게 미워하는 건지
널 사랑하는 건지 이게 미워하는 건지
널 사랑하는 건지 이게 미워하는 건지",3
312,사람밭,MODO (모도),"버스 문이 열리면 눈을 제대로 뜨고 숨 쉬어봐
모두가 같은 얼굴로 같은 짓거리
너나 해라, 자아성찰
친구를 바꿨지 술 한 병과
무엇보다 찾기 힘든 적막

사람 밭
좌우가 다 머리, 귀엔 사람 사는 소리
사람 밭
땀내, 담배 쩐내, 인간 페로몬 향이 섞인
사람 밭
발을 디딜려면 나도 사람 발을 밟지
누가 깔리더라도 몰라, 어깨를 피해 다닐 밤길

Cuz it's Packed everywhere
Packed everywhere
Packed everywhere
Packed everywhere

Cuz it's Packed everywhere
Packed everywhere
Packed everywhere
Packed everywhere

내 눈 앞에 보도블럭과 대가리가 반
네 말이 잘 안 들리는 게 당연해
사람 냄새를 지나가 전부 자의식 따위는
개나 주고 남 눈으로 맞추는 초점만
답이라 여기는 서울 땅
서로 잘났다고 티를 내면서 큰 자랑을 하는 게 평범함

말을 많이 안 해도 내 말을 알아주는 게 위치
그게 나이가 전부던
너가 하는 말을 동생들은 다 믿지
밭에 농약을 쳤나? 자꾸 귀가 간지러운 일이
늘어나, 너를 설득시키는 것보다 때론 손절이 쉽지

사거리 횡단 보도를 건너, 과몰입 해
난 누군지 모르면 머리에다 총 소리를 내,
다 경계를 하는게 천지태반
누구처럼 등 쳐먹고 모른 척을 하는 게 내 유일한 해답
대게 지레 겁을 먹고 혀에 칼을 숨기는 세상

다시 아프기는 싫어 공격적인 말을 택할 때
모두 대답해, 실은 선행까지도 나를 위해서 계산돼
남이 아파도 괜찮아서 다들 먼저 방아쇠를 꽉 땡겨
평생을 못 잊을 추억을 만들어 준 걔도 추억이 돼서

사람 밭
좌우가 다 머리, 귀엔 사람 사는 소리
사람 밭
땀내, 담배 쩐내, 인간 페로몬 향이 섞인
사람 밭
발을 디딜려면 나도 사람 발을 밟지
누가 깔리더라도 몰라, 어깨를 피해 다닐 밤길

Cuz it's Packed everywhere
Packed everywhere
Packed everywhere
Packed everywhere

Cuz it's Packed everywhere
Packed everywhere
Packed everywhere
Packed everywhere

Man it's too packed everywhere
심장 딸린 기계들의 시대
지폐에 찌든 냄새 시내
저 여자앨 안 만났음 쟨 손목에 찼을텐데 금시계

Money dancin’ 같은 브랜드 택 달린 게 쌓여 몇백개씩
없다고? 걜 비료로 뿌려댔지
너도 부품 되어야 돼
월 300 이하면 인간 실격 밧줄에 목을 메달겠지

좋은 집, 좋은 차 넌 자산이 얼마
조기교육 덕에 초등학생이 적은 말
내 꿈은 SKY 대학 진학 후에 취업 삼성
안 하면 사람들이 날 X으로 봐서

밭을 걸어 다니는 너를 응시하는 백만의 눈
사람은 언제나 많아 역할별로 너의 옆을 거쳐 가는 중
평생 피해봐라 우리의 영향에서
끝엔 너도 뿌리가 박힐 걸 손 발 없이 이 밭에

사람 밭
좌우가 다 머리, 귀엔 사람 사는 소리
사람 밭
땀내, 담배 쩐내, 인간 페로몬 향이 섞인
사람 밭
발을 디딜려면 나도 사람 발을 밟지
누가 깔리더라도 몰라, 어깨를 피해 다닐 밤길

Cuz it's Packed everywhere
Packed everywhere
Packed everywhere
Packed everywhere

Cuz it's Packed everywhere
Packed everywhere
Packed everywhere
Packed everywhere",23
313,CLLMEE (feat. V3ndetta),Yung Terii,"[가사 준비중] 멜론 회원 여러분! 가사 등록을 기다리고 있어요.
가사등록하기",1
314,30,Kasai Zenn,"I'll livin' in thinking about you
너 하나를 바라봐
얼마가 지난지는 몰라
그 눈 길 사이에서도
비탈길에서도
뒤돌아보지말고 떠나
나 포기했다고 해도 기다렸어
너한테 아직 난 부족해서
이렇게 또 가사로나마
널 적어내려서
그때를 녹이잖아
I'll livin' in thinking about you
너 하나를 바라본 게
얼만지도 몰라
I'll livin' in thinking about you
널 위해 내 전부를 걸 수 있다고
생각했어
질리겠지만 넌
어쩔 수 없이
네 앞에 다가선 건
어떻게든 지워보려 해도
너가 지워지지 않아
그렇게 나 버텨간 날
한 두번이 아니야
널 꿈속에서만 보게 됐어
이게 결말인가봐
내 인생의 주인공은 떠나갔어
너가 뭐라해도 돼버렸어 Rockstar
전혀 맞지 않아서 우리 lifestyle
어찌 보면 이게 잘못이었나봐
그렇게만 나 망가졌어
필요 없어 다
입술이 얼어붙어 추웠던 그 때
다른 여자들한테 이제 안 비슷해
너의 품에 안긴 내가 제일 익숙해
한 번 너의 입으로
말해주길 바랬지만
나는 No More Love
Don't talk anymore
If I slide for you
날 지켜줘 carry on
함께였던 날들이 지나갔어
그래서 still I sayin that more
more, more, more
more 너는 떠났지만
난 아직 그때의 기억속에 살고 있어
I'll livin' in thinking about you
너 하나를 바라봐
얼마가 지난지는 몰라
그 눈 길 사이에서도
비탈길에서도
뒤돌아보지말고 떠나
나 포기했다고 해도 기다렸어
너한테 아직 난 부족해서
이렇게 또 가사로나마
널 적어내려서
그때를 녹이잖아
I'll livin' in thinking about you
너 하나를 바라본 게
얼만지도 몰라
I'll livin' in thinking about you
널 위해 내 전부를 걸 수 있다고
생각했어
질리겠지만 넌
어쩔 수 없이
네 앞에 다가선 건
어떻게든 지워보려 해도
너가 지워지지 않아
그렇게 나 버텨간 날",4
315,Shape Of Heart,진진,"마음의 모양을 
본적이 없어
사랑이라는 걸 
몰랐을지도 몰라
 
자신하지만
자신은 볼 수 없는
그런 마음이 진심이기에
다신 할 수 없는
약속을 또 뒤로해
 
그런 나를 위로한 나
깊은 미로에 갖혀 
노래하네 오래도록
악보에 꽉 차게
매일 널 그려보네
 
열고 닫히던 감정의 문 
순간 보였던
빛이 흐릿해 질 때 쯤
그제서야 알게된
Shape of heart
Shape of heart 
 
닿지 못할 때
알지 못할 때
더욱 빛나
이 선의 이어짐은
 
가리고 싶어도 
가릴 수가 없었던
숨기고 싶어도 
숨길 수  없었던
 
흐려질 수록 짙어지는 
이 기억과 추억은
향기로 남아 
저멀리 퍼지고 
또 흩어지네
 
열고 닫히던 감정의 문 
순간 보였던
빛이 흐릿해 질 때 쯤
그제서야 알게된
Shape of heart
Shape of heart 
 
닿지 못할 때
알지 못할 때
더욱 빛나
이 선의 이어짐은
 
이 사랑의 모양은 
Like a 도미노
고민은 no 어차피 쓰러질걸
알면서도 멈출수가 없지 No more
 
To love, true love 
쟨가 하면 또 무너져 trouble
  
Go or Stop 
Never Stop
답이 없는 poker face
 
꽃이 피고 지듯
새로운 계절은
다른 감각과
다른 느낌을 선물해
 
밤하늘의 별은
모이고 모여
그림을 그려
이 밤을 이어가네
 
열고 닫히던 감정의 문 
순간 보였던
빛이 흐릿해 질 때 쯤
그제서야 알게된
Shape of heart
Shape of heart 
 
닿지 못할 때
알지 못할 때
더욱 빛나
이 선의 이어짐은",0
316,MuLa,k4ton,"청소년 보호법에 따라 성인 인증이 필요한 콘텐츠 입니다. 성인 인증 후 이용해 주세요.
성인 인증",8
317,7 TO ELEVEN,김일견,"여름이 더우니 난 너무 싫어

왜냐면 덩달아 바빠지기 때문

열도 오르고, 익숙하지만

새로운 아침에 해도 떠오르죠

허우적대는 순간 저물어버리는

청춘들에 흐름감이 두려워!

정신차리니 반 이상

지나간 시간에

깔끔히 베일까 봐

매일가던 카페에 모카 번

일상에 막혀 미처 못가본

우릴 위해 준비한 이 노래를

고개를 끄덕거리면서 들으면 돼

단정히 허리띠를 졸라매곤 hurry

걸음이 떨어진 현관 밖에 나선

보인 햇살이 나를 찌르네

bright to shine

to bright to shine



bright to shine

sunny sunny life

we all creative

the great design

아침에 일어나서

넌 뭐가 되길 원해?

시간을 투자하며

경험이란 돈을 버네

travel, how do you

think it?

그리고선 바로

잔고를 checking

we go go go go

another city

we go go go go go

another city








일어난 시각은 7 to eleven

지각하면 안돼 자제해 실례는

나에 비해선 답답해 실내는

밖에 나가서 바람이나 쐬고올까

아무것도 안될땐

내 존재가 왜 있는지에 대해서

항상 의심했어

작업을 엎거나

생각이 막힐때

자세한 내용은

메뉴얼에 적어네

풀어내 내 이야기를

갈등은 피하지 늘

오해마

나도 화가 나는 사람!

막상 다 앞에선 참으려곤 하나,

증오라는 것은 우리 마음속에 있어서

늘 허락된 자유로운 시간

나이가 들수록

넓어지던 시야

다른 의미로 말할게

지금 몇시야?

수없이 넘어지고 걸어왔던 길이야






bright to shine

sunny sunny life

we all creative

the great design

아침에 일어나서

넌 뭐가 되길 원해?

시간을 투자하며

경험이란 돈을 버네

travel, how do you

think it?

그리고선 바로

잔고를 checking

we go go go go

another city

we go go go go go

another city",0
318,kill,leta,"[가사 준비중] 멜론 회원 여러분! 가사 등록을 기다리고 있어요.
가사등록하기",0
319,She Knows,outsoar,"(Uh, Uh, yeah)
She Kno how to roll up (roll up-roll up)
I'm tryna get that, I said dat bit like 'hold on'
I'm in the studio and pourin'up a 4
I'm tryna get into it
I'm wonderin' (Uh, yeah)
I feel like all the feelings gone
I throw a pain
Yeah, singing like 'lah-lah'
Treat me like before, yeah
See the citylight
I know I gotta slow down (Uh, yeah)

Do it, yeah, Imma do it
Yeah, I just ran the bag
Yeah, money callin'
Yeah, scars on yo body (body)
Think we need sum pillow talking come and just ride (yeah, uh)

Yeah, 난 같아 아직도
I'm still by your side
You seen everybody change on you
All my brothers say 'U gon do it'
Yeah, I know it too
Not just tryna hit
I want your mind and your soul too

(Woah)
(I'm sippin' till my eyes close)
(She said I gotta slow down, yeah)
(아직 그 자리에 있어)
(Uh-uh)

(Uh, Uh, yeah)
She Kno how to roll up (roll up-roll up)
I'm tryna get that, I said dat bit like 'hold on'
I'm in the studio and pourin'up a 4
I'm tryna get into it
I'm wonderin' (Uh, yeah)
I feel like all the feelings gone
I throw a pain
Yeah, singing like 'lah-lah'
Treat me like before, yeah
See the citylight
I know I gotta slow down (Uh, yeah)",0
320,Oasis!,Collie Wave,"I'm your oasis
I'm gonna
Let me check outfit
난 달라
넌 날 넘 몰랐지
개쩌는데
그녀는 왜

매일 매일 더 땡겨
새로운 걸 난 더 원하잖아
매일 매일 더 땡겨
새로운 걸 전부 다 달라잖아

Oasis 같은 상쾌한 기분
난 안가려 시즌 아님 비시즌에도
만들었지 내 알고리즘
너네 정신을 못 차리게 하지

내 머린 무지개
Like a cotton candy
애기들이 날 보네
저 누나 신기해
이 누날 보고 배우려무나 어때
나도 몰라 뭔데
그녀는 대단해

나 정말 미치겠어
너네들땜에
I can not wait 이젠 못참겠는데
날 가만히 안 두잖아
숨막히게
Because

I'm your oasis
(Oasis!)
I'm your oasis
I'm gonna
Let me check outfit
난 달라
넌 날 넘 몰랐지
개쩌는데
그녀는 왜

매일 매일 더 땡겨
새로운 걸 난 더 원하잖아
매일 매일 더 땡겨
새로운걸 전부 다 달라잖아",6
321,Freestyle,ch1tkey,"[가사 준비중] 멜론 회원 여러분! 가사 등록을 기다리고 있어요.
가사등록하기",7
322,"도키도키 ( feat. 민경성(MK$) , Viol3t )",강정우 (korean sexy boy),"그녀는 내게말해 도키도키
그녀는 내게말해 다이스키
그녀는 내게말해 카와이해
이쁜여자들은 주변에 많지만 너한테만 오케이

그녀는 내게말해 도키도키
그녀는 내게말해 다이스키
그녀는 내게말해 카와이해
이쁜여자들은 주변에 많지만 너한테만 오케이


나는 일본사람을 닮은 사람을 좋아해
실례가 안되면 나랑 사랑을 나눠 주겠니
웬만하면 가능하다고 말해주는걸 좋아해
너앞에서는 왠지모르게 부끄러 죽겠니

그녀는 다코야키 같아 와사비맛을 자주 먹어서
가녀린 당신은 어쩔땐 맵고 달콤해서
애니캐릭터보다 너가 더 귀여워


와타시랑 데이트를 한번 해줄래
잠시만 내손을 한번 꽉 잡아줄래
4차원 세계에 단둘이서 살아줄래
잠시만 이건 초월한 우리 둘만의 러브라이브


그녀는 내게말해 도키도키
그녀는 내게말해 다이스키
그녀는 내게말해 카와이해
이쁜여자들은 주변에 많지만 너한테만 오케이

그녀는 내게말해 도키도키
그녀는 내게말해 다이스키
그녀는 내게말해 카와이해
이쁜여자들은 주변에 많지만 너한테만 오케이



니가 좋아하던 카와이 커비
니가 좋아하던 이뻤던 거리
매일 자랑하던 잘록한 허리
니가 없는데 무슨 의미

결혼하자 하자던
대체 넌 어디로 갔어
너가 좋아하던 래퍼
넌 그 새끼랑 같이 있어

어쩔수없어
난 가야겠어
첫사랑을 찾으러 이진법 LOVE

그래 뭘 더
네게 바라겠어
영원히 이진법에 있어줘

넌 그 속에 계속 갇혀있는 걸
난 이제서야 거길 또 벗어났어

여긴 혁신도시
공차 농협사거리
산책하던 거리
이젠 빠져나왔지
아디오스

그녀는 내게말해 도키도키
그녀는 내게말해 다이스키
그녀는 내게말해 카와이해
이쁜여자들은 주변에 많지만 너한테만 오케이

그녀는 내게말해 도키도키
그녀는 내게말해 다이스키
그녀는 내게말해 카와이해
이쁜여자들은 주변에 많지만 너한테만 오케이


너한테만 ok
flex해 너의 굿즈 all day
0과1속 사는 너에게
난 바로 빠졌네

남겨둬 니 옆자리
힘들다면 또 다시
듣고싶어 그 한마디
힘차게 외쳐줘

지카지카 니지카
집와집와 시집와
진짜진짜 진심야

너의 드럼소리에 맞춰
심장의 bpm은 도키도키
너의 유일한 단점 하나는
이 차원에 없는 거지 sorry

but I LOVE you
but I LOVE you
내 세상이 끝날때조차
난 너를 떠올릴테니",8
323,PullUpOnMyWay,98boii,"Shawty wanna ride with me
다 재껴 버릴게
Shawty wanna die with me
난 뒤져 버릴게
Shawty wanna fallin me
난 했어 money chase
Shawty callin me
나 있어 여기에

Shawty wanna ride with me (Ride with me)
I'll give you everything
Shawty wanna die with me (Die with me)
I can do everyday
Shawty wanna fallin me (Fallin me)
I can't do anything
Shawty calling me
I pull up on my way

(hey yeah ay)
Shawty I told you I'm the best (I'm the best)
못 미더우면 시발 지금 당장 치워 니 Face (치워 니 Face)
있어 난 Plan (Plan)
0에서10 (Ye)
내가 성공하면 우리집 가서 스껄할래? (Skirr Skirr)

Ye 돈이면 가능해 뭐든지 (뭐든 Ay Ay)
아니면 반박해 보던지 (보던지)
우리집 식모를 고든램지로 쓸수도 있겠지 (있겠지)
우리 엄마는 돈 때문에 맞은적 있어 싸대기 (Slap)
내가 시발 패면 팼지 니들한테 쳐 맞겠니 (What)

참 다행이야 98년에 (98년에)
우리아빠가 콘돔을 안 쓴건 아주 칭찬해 (칭찬해)
속을 꽤나 썩였어 나 그건 인정해 (인정해)
우리엄마 눈물이 말라도
내 여자 아랫도린 축축해

Shawty wanna ride with me (Ride with me)
다 제껴버릴게 (다 제껴버릴게)
Shawty wanna die with me (Die with me)
난 뒤져버릴게 (난 뒤져버릴게)
Shawty wanna fallin me (Fallin me)
난 했어 money chase (했어 Money chase)
Shawty callin me (Callin me)
나 있어 여기에

Shawty wanna ride with me (Ride with me)
I'll give you everything
Shawty wanna die with me (Die with me)
I can do everyday
Shawty wanna fallin me (Fallin me)
I can't do anything
Shawty calling me
I pull up on my way

Shawty wanna stay with me
She pull up on her way (pull up)
Shawty wanna calling me
도착하면 전화해
Shawty wanna cry for me
내가 나빠서 미안해 (미안해)
나 오늘은 좀 바쁜데
잠만 자고 나갈게

나도 알아 내가 나쁜놈 인거
나도 알아 나 사고만 친거
나도 알아 넌 나만 믿는거
근데 그걸 이용해서 나 너를 속인거
내가 변한다면 믿어줄래
내가 널 속여도 속아줄래
무슨 일 있어도 날 지켜줄래
무슨 일 있어도 널 지켜줄게

Chain chain money chain (chain)
너 말고 돈이 날 더 위로해
Pain in ma vein (vein)
너는 나에 대해 몰라도 돼
Gotta go the way (way)
luxury jewelry ice on my neck
I be smokin all day (all day)
아침이 오면 날 깨워줄래

Shawty wanna ride with me
다 제껴버릴게 (다 제껴버릴게)
Shawty wanna die with me
난 뒤져버릴게 (난 뒤져버릴게)
Shawty wanna fallin me
난 했어 money chase (난 했어 Money chase)
Shawty callin me
나 있어 여기에 (나 있어 여기에)

Shawty wanna ride with me (Ride with me)
I'll give you everything
Shawty wanna die with me (Die with me)
I can do everyday
Shawty wanna fallin me (Fallin me)
I can't do anything
Shawty calling me
I pull up on my way
(Pull up)",2
324,Beat that Drum,진진 (ASTRO),"따분하게만 보내 All day long
도파민을 계속 찾아 All night long
의미 없는 발걸음에
반복된 설움에서 해방을 원해
그저 굴러가는 세상 Feels so boring

느껴 Joy
더 크게 Boy
Now it looks like a toy
틀을 깨버려 Destroy
어릴 적 아무 생각 없이
뛰어들어 많을 것을 이뤄냈던 그때처럼
Beat that Drum

Just Beat that Drum
Just Beat that Drum
뛰지 않을 듯이 잠들었던 심장으로
Beat that Drum
Beat that Drum
Beat that

Boom Chik Boom Chik Boom
Boom Chik Boom Chik Boom
그냥 미친 듯이
Pump it Pump it up
속에 있던 답답함을 다 쏟아내듯
Boom Boom Chik Boom Boom
좀 더 자유롭게
Beat Beat Beat that Drum

폭염 속에 지쳐도
칼바람에 스쳐도
상처들이 덧나도
가만히 버티다 끝났어

아파보니 알겠고
버텨보니 한계고
미쳐야 된다 생각해
심장 소리를 더 크게 틀어

느껴 Joy
더 크게 Boy
Now it looks like a toy
틀을 깨버려 Destroy
어릴 적 아무 생각 없이
뛰어들어 많을 것을 이뤄냈던 그때처럼
Beat that Drum

Just Beat that Drum
Just Beat that Drum
뛰지 않을 듯이 잠들었던 심장으로
Beat that Drum
Beat that Drum
Beat that

Boom Chik Boom Chik Boom
Boom Chik Boom Chik Boom
그냥 미친 듯이
Pump it Pump it up
속에 있던 답답함을 다 쏟아내듯
Boom Boom Chik Boom Boom
좀 더 자유롭게
Beat Beat Beat that Drum (Say)

Oh (Beat that Drum)
Oh (Beat that Drum)
Oh (Beat that Drum)
Oh Beat that Drum",299
325,"한잔, 우리 사랑한 시간",MJ (써니사이드),"한잔 작은 추억에
두 잔 눈물이 흘러
세잔까지만 너를

술잔 속에 담았던 눈물 다 비우면
못다 한 내 안의 진심들 네가 들어줄까?
울컥 약해지는 마음뿐야 아직은
오늘이 지나면 못할 말 이 노래에 담아

이 한잔 마시면 괜찮아질까?
억지로 삼켜 보는 눈물의 잔
끊었던 담밸 다시 입에 물어
그 순간만은 진심이었어 was true love
uh 왜 매번 내가 나쁜 놈 돼야 돼?
너한테 할 수 있는 최선, 전불 다 했는데
안 보이니? 구겨져가고 있는 우리 사진
답답해 이런 게 사랑이면 끝내

살짝 붉어진 얼굴
나만 아는 그 눈빛

말없이 바라보는 것만으로 좋았어 그땐
참 예뻤는데 나 땜에 시들어

술잔 속에 담았던 눈물 다 비우면
못다 한 내 안의 진심들 네가 들어줄까?
울컥 약해지는 마음뿐야 아직은
오늘이 지나면 못할 말 이 노래에 담아

늦은 밤에 울리는 전화 어쩌면 네가 아닐까?
하루 종일 쓸리는 마음 흔들리잖아

난 이기적이었고 매번 날카로운 모습
바보처럼 눈물범벅 왜 또 그 길을 지나치려고 해
넌 나의 꿈 이자 숨 흘렸던 그리움
취했어 나 오늘 밤도

술잔 속에 담았던 눈물 다 비우면
우리가 사랑한 시간들 잊을 수 있을까?
울컥 약해지는 마음뿐야 아직은
오늘이 지나면 못할 말 이 노래에 담아

한잔 작은 추억에
두 잔 눈물이 흘러
세잔까지만 너를

한잔 작은 추억에
두 잔 눈물이 흘러
세잔까지만 너를 기다려","1,504"
326,Carefree (Feat. SUPERBEE) (Prod. BIG BANANA),ILLSON,"주윈 온통 저기압.. like I’m in airplane 맨탈이 숨 쉬게 해, breath! gotta Careless
Good 에너지 Clear 머리 맑은 정신
Unhealthy 인간 관계 정리 필요해, 재정비
Take care of my family, my people that love me, 나머진 신경 쓸 일 없지, I don’t pay attention
I’m just bay watching, 파도 차트, ocean view
내 best version 되려고 난 매일 도전 중
Never outta character
그냥 평소대로 내뱉어
난 날 나로써 level up
Young OG, fresh like fabulous
이왕 칠 거 세게 쳐, 마치 이 비트가 Sand bag처럼
앨범 나온 날 난 이미 만들어, 다음 내 앨범
내 masterplan, marathon
난 계속 make a hell of run
They just bunch of amateurs
안 따라가, 난 재네꺼
갠 Hollywood 다 배렸어, 난 하려 해 늘 fan에서
First I do it for da love, 그럼 따라와 그 외에께
이건 Banana로 sauce 얹은 West coast shit
싹 다 담아 돈 내놔, some Esco shit
This game needs me, 콜해 날 또 SOS
Big check, big bucks, big won 내 손에
Banana로 sauce 얹은 West coast shit
싹 다 담아 돈 내놔 Some Esco shit
This game needs me, 콜해, 날 또 SOS
Big check, big bucks, big won 내 손에
I want a new bugatti 손엔 리쳗밀 Beat를 찢어 I bust a rhyme
악에 메인듯 사임을 쓸어담으려 Try so hard 진짜로 빡세 이 삶은 돈과 정신이 블루투스화
늘 임무는 Money mission, Baby 부르주아 와 What’s real hip-hop? 진짜 힙합 ᄋᄌᄅ
하던 새끼들 Clout 갖고 튀었지 가요로 피난
You a pussy, like 음식 사진찍는 남자 Pussies 너희가 남긴 음식을 치워야했어 내 중지를
Fly to y’all motherfuckin faces, you know? 팬데믹에도 내 Pocket은 Fat, 스모
가짜들은 안 지키더라고 뱉은 말
So i pack ’em up, 쓰레기통에 던진 베트멍
처럼 한물 갔지 한 철 해먹었지만은 암튼 갔지
서울 아부다비 Life i livin, 계획엔 반쯤 왔지
팔에는 Gold watches, Diamond는 해 아이스 하키 난 살고 있어 금이 가득한 내 사주같이
올핸 떠날 수 있나 LAX shit
Fish & chips에 노란 레몬에이드 sip
ill son형이 call해 날 또 SOS
Big check Big bucks
Big won 내 손에
올핸 떠날 수 있나 LAX shit
Fish & chips에 노란 레몬에이드 sip
ill son형이 call해 날 또 SOS
Big check Big bucks
Big won 내 손에",69
327,조던 (feat. 올티),유명한아이,"내게 어울리지도 않는 조던을 신고
니가 좋아하던 분수 안 맞는 옷 입고
사람 많은 게 싫지만 나는 또 거리로
바래지도 않는 후회들을 또 썩히고

Lost myself, 20’
잊어왔지 많이
믿지 않아 다신
수없이 한 다짐

숨겨왔던 날이
힘들었지 단지
Lost myself, 20’
부끄럽진 않지

난 깨어나지, 숨 안 쉬어질 때
하나, 둘, 셋 넷 몰아 쉬어야 해
점점 더 쌓여가는 잠 못 드는 날이 다
늘어나서 나를 바늘로 마구 다 찔러놔

Ya, Why you leave me
왜 날 떠난 거야
Please give me something 내게 말해줘 봐
몰라, 근데 너는 날 떠나
졸라댄다는 내 전화
피한 거야 너 정말?

Hmm 널 가사에 써
6개월간 못 하던 작업을 너 덕분에 써
손에 잡힌 게 없어서 불안에 떨던 애정
그래 항상 그랬었지, 난 매번
나한테 온 사람들은 날 못 고치겠댔어

Try me and let me out here
어지러운 데 서 있지
사람들이랑 다른 걸 채워도 이미 아니래 다들 nah nah nah

내게 어울리지도 않는 조던을 신고
네가 좋아하던 분수 안 맞는 옷 입고
사람 많은 게 싫지만 나는 또 거리로
바래지도 않는 후회들을 또 썩히고

Lost myself, 20’
잊어왔지 많이
믿지 않아 다신
수없이 한 다짐

숨겨왔던 날이
힘들었지 단지
Lost myself, 20’
부끄럽진 않지

말론 음악 한다 해도 주변 취급은 연습생
쓸 수 있는 카드라곤 교통카드 뿐 이었을 때
별수 없던 공원 산책 넌 좋다며 같이해
내 걸음에 맞춰준 걸 아는 초라한 내 눈은 늘 먼발치에

핀 낡은 조명, 회비 하나둘 걷어
잡힌 작은 공연 다 비싼 신발을 신어도
내게 핀잔을 줘 넌
기죽지 말고 좀 래퍼면 자고로
가져야 민망치 않겠냐, 선물을 생일날의 조던

나는 내게 어울리지 않다며 거짓말을 해
한걸음마다 닳을 밑창이 아까운 내게
넌 이제 절대 연락 말라 이별을 해
이제야 몇천 명 앞에 그 신이 닿은 뒤에

내게 어울리지도 않는 조던을 신고
네가 좋아하던 분수 안 맞는 옷 입고
사람 많은 게 싫지만 나는 또 거리로
바래지도 않는 후회들을 또 썩히고

Lost myself, 20’
잊어왔지 많이
믿지 않아 다신
수없이 한 다짐

숨겨왔던 날이
힘들었지 단지
Lost myself, 20’
부끄럽진 않지",295
328,xan,립나인 (LIPNINE),"어두운 내 방에 혼자
앉아있어 난 소파 위에
일이라고 느껴지네
요즘은 잠에 드는 것조차도
뻔한 말이겠지만
나에겐 필요해 네가
전혀 안 들리겠지만
Baby you're my xanax
밤을 새워 며칠째
넌 뭐가 그렇게 바빠 네가 없는 밤은 숙제야
날 더 밀어내지 마
Why don't you reply girl?
왜 답이 없어
너도 기다리잖아
아직 아니잖아
Bae라고 널 안 부를게
더 묻지 않을게
그냥 한 번만 보면 돼
내가 잠에 들 수 있게
오늘만 옆에 있어줄래
Cuz you're my xan
She knows what i'm missing
오지 않았으면 해 내일이
난 알아 하나도 변하지 않겠지
다 지워야 해?
널 잊어야 해
알아 나도 but 놀아 따로 머리와 마음은 왜 yeah
아침에 짐 만 챙긴 다음에
인사도 없이 가도 돼
오늘 유난히 어려워서 그래
Pop pills 오늘 하루만
Why don't you reply girl?
왜 답이 없어
너도 기다리잖아
아직 아니잖아
Bae라고 널 안 부를게
더 묻지 않을게
그냥 한 번만 보면 돼
내가 잠에 들 수 있게
오늘만 옆에 있어줄래
Cuz you're my xan",58
329,Don't be rude,제이슨 블레스 (JASON BLESS),"Hey, shawty
Don’t be rude
I’m in the booth
I’m your boyfriend’s nightmare
It’s true
거기 너 비켜 좀
잘난 네 남친 날 보고 얼어

Jenny Sally Luna Bella
자기들이 나의 shawty
침대 위에 작은 devils
Just make it hard baby
I ‘on want to love lady
내려간 바지 위
부드럽게 날 감싸지
그녀의 fantasy
야한 네 눈빛에 반하지
많은 걸 말하지 않아도 알아서 다 하지
이것 참 하나님 나를 구하소서 아버지
후회는 welcome
질투와 시기도 welcome
떠들게 냅둬 뭐라고 떠들던 back off
그녀는 내꺼 그녀의 가슴은 백점
너는 못 베껴 어차피 우리는 different

Don’t be rude
I’m in the booth
I’m your boyfriend’s nightmare
It’s true
거기 너 비켜 좀
잘난 네 남친 날 보고 얼어

Oh lady lady
Don’t fuck around me baby
난 너가 만난 멍청한 놈들 관 달라 lady
Hey shawty shawty
I’m talkin’ ‘bout no thotties
어디서 배운 말 버릇인가요 get out of here
앵간히 했으면 꺼져
할 말 다 했으면 가줘
너만 한 여자는 많어
착각 그만둬 거울 좀 봐둬 uh
bitches calling my apple
그녀의 껍질을 뱃겨
wait a seconds
그녀의 네 번째 finger
다음을 기약해 see ya
sick and tired of all these mf rude bitches
그녀들은 나를 바보로 알고 있지
근데 난 네 머리 꼭대기에 올라있지
you dumb bitches dumb bitches dumb bitches

Don’t be rude
I’m in the booth
I’m your boyfriend’s nightmare
It’s true
거기 너 비켜 좀
잘난 네 남친 날 보고 얼어",14
330,DISCONNECT,에코 나이트 (ECHO NIGHT),"disconnect
disconnect
baby I'm disconnect
disconnect

다 사라져 가
밀어 떨어져 날

disconnect 흐름이 끊겨 네게 가려져
disconnect 취해 증거부족 내 떨
baby I'm disconnect
drunk I'm so disconnect
drug you I disconnect
disconnect

약에 취해 더
날 괴롭혀줘 더
oh
죽어가는게 느껴져 너의 몸
담배 연기처럼 천천히 흩어지네 곧
녹아 말랑해진 곳
다리 사이에는 용
바보 같이 피워 꽃

너와 난 너무 잘 섞여
이 기운에 취해 날 삼켜
머저리 같지만 난 절여
환각들에 눈이 막 멀어

This kill me to death yeah
repeat on ma mistake
bitch please I got mush yeah
bleach pills on wrist yeah

Oh-ohx3

disconnect
disconnect
baby I'm disconnect
disconnect

다 사라져 가
밀어 떨어져 날

disconnect 흐름이 끊겨 네게 가려져
disconnect 취해 증거부족 내 떨
baby I'm disconnect
drunk I'm so disconnect
drug you I disconnect
disconnect",8
331,ㅇㅂ(CRYBABY),음,"DON'T KNOW WHY I'M CRYING
DON'T KNOW WHY YOU CRYING
우리 울지말고
그냥 웃으면 안될까

DON'T KNOW WHY I'M CRYING
DON'T KNOW WHY YOU CRYING
우리 울지말고
그냥 행복하면 안될까

떠올려보니 많이 웃었네
떠올려보니 많이 울었네
떠올려보니 많이 웃겼네
떠올려보니 많이 울렸네

사랑했었지
그만큼 더 행복했었지
그만큼 더 아파했었지
그만큼 더

DON'T KNOW WHY I'M CRYING
DON'T KNOW WHY YOU CRYING
우리 울지말고
그냥 웃으면 안될까

DON'T KNOW WHY I'M CRYING
DON'T KNOW WHY YOU CRYING
우리 울지말고
그냥 행복하면 안될까

DON'T KNOW WHY I'M CRYING
DON'T KNOW WHY YOU CRYING

난 우는게 싫어
머리 아파서
근데 너때문에
머리 아파져

근데 네 눈물의 이유가 나라서
그걸 난 알아서 머리아파져
그러면 또 넌 날 안아줘
그러고 나서 눈물을 닦아줘

난 너를 울리고
너에게 위로를 받는 울보

행복하게 해주겠다 했던 새끼는 어디갔어
앞으로 울릴일 없게 하겠단 새끼는 어디갔어
그 말을 듣고 믿어보겠다 했던 너는 어디갔어
더 울고싶지 않아서 넌 행복을 찾으러 갔어

DON'T KNOW WHY I'M CRYING
DON'T KNOW WHY YOU CRYING
우리 울지말고
그냥 웃으면 안될까

DON'T KNOW WHY I'M CRYING
DON'T KNOW WHY YOU CRYING
우리 울지말고
그냥 행복하면 안될까

DON'T KNOW WHY I'M CRYING
DON'T KNOW WHY YOU CRYING",4
332,mikasa (2024 ver.),아포네 (Ahfoné),"너무 아플 때 너가 있었어
춥고 힘든데 너가 내게 왔어
네가 슬플 때 잡게 해줘 네 손
언제든 내내 내 옆에 있으면 돼

we better run for a better mornin'
미리 아파둬 다시 울 일 없는
먼 미래 향해 달리는 너를
잃을까 두려워 너의 거침 없는

모습에 여기까지 이르렀지 우리들은
우리들을 마주하는 파란 하늘 구름
이대로가 좋은데 흘러 어제 오늘
어떻게든 함께 할래 내 음음

세상이 우릴 우릴 갈라 놓을 때
어떻게든 너한테 돌아갈게
너가 말하는 꿈에 이를 때
내가 옆에 옆에 같이 있어줄게

그때까지 i’ll never fall down
memories은 계속 더 쌓아
좋은 것들로만 가득 담아
so wait for me with your best smile

stay 왜 날 두고 가 두고 가 미워
너가 없는 날 괴로워 괴로워 지워
슬퍼도 어떻게 내가 널 내가 널 지워 미워
(baby i just want you here)

stay 왜 날 두고 가 두고 가 미워
너가 없는 날 괴로워 괴로워 지워
외로워도 어케 내가 널 내가 널 지워 미워

넌 어딨어 기다렸는데
너가 안 보여 대체 너는 왜 먼지 속
돌아와 줄래 정말 너가 안 보여
언제든 내내 내 옆에 있어야 돼

꽃 피는 날에
눈 오는 밤에
can it be
got no more worries
the more i think about it
정답 하나 밖에
baby i just need you beside me

stay 왜 날 두고 가 두고 가 미워
너가 없는 날 괴로워 괴로워 지워
슬퍼도 어떻게 내가 널 내가 널 지워 미워",14
333,241218 두 번째 뱉음,장성우,"옆에서 뱉는 소리

클라우디 나인
그렇지, 나는

구름 위에 나는
새가 무척 부러워
그렸어, 도화지에
하늘색, 파란색 그런
색감들을 섞어서

적어 보니 거꾸로
봐도 제법 괜찮았고
내 마음같은 꼬라지
가 나와서 기분이
좋더라 이 지경이

되어버린 삶이여,
생이여, 또는
세상이여,
뭐 요란한 세상 속의
지저분한 사람들의

삶이지만 그래도
정 하나 붙이고 살면
그럭저럭 또 살만하다는
게 학계의 점심이라지

정신, 똑바로 차려야지
밥상은 못차려도 정신
머리는 밥상머리에서의
그것처럼 분명하게
다잡고 운명하지 않게
빨리 뒤져버리지 않게
잘 살아가야겠네

만개, 한 매화꽃
뭐 그런 것들이 우리네
삶이 될 수 있도록
잘 보듬고,
수줍게 다스리고
역량을 키워가다 보면

언젠가 만개한 내 방의
꽃 구름을 만들 수 있겠네

언젠가 바라본 저 먼
풍경, 멀리 있는 산봉우리
눈으로 덮여 있고
따뜻한 바람이 바라보는
내게는 불어오는 언덕
에서의 감상

돌바닥, 흙바닥, 잔디바닥
뭐 그런 거 상관없이
그저 청량한 공기를 맞으면서
아무런 염려도 없이 잠깐
가만히 있는 그 시간이

내게, 는 무엇보다 소중해

월등해, 그렇게, 있는 시간에,
아무것, 도 필요 없, 는 거지
술을 마실 필요도 없고,
차갑게 식은 쥬스나
뭐 미지근한 물이나
허기를 채울 조금의 간식거리나
그 정도만 있으면 되고

결국 중요한 건 자족이란 거야
만족이란 거야, 가족이란 거야
뭐 가족이라고 다 뭣같은 짓을
해도 다 좋다는 건 아니지만은
정의라는 건 어떤 사이에서나
필요하다는 걸 알아야 하지 하지만
하지만 중요한 건 뭐,
그래.
정말 중요할 땐 대신 죽어줄 수
있는 그런 마음 아니겠어,
어차피 한 때 살다 가는 인생

어떻게 죽던지 간에, 소중한
이들을 위해 대신 죽어줄 수 있
다면 그것만으로 행복한 인생
과 제법 괜찮은 마무리, 호상이
아니겠어,
애써, 부정하려 해도
어느 길바닥, 에서 철없이 살다, 가
뜻도 의미도 없이 차갑게,
버려져 더러운 피를 흘리며
아무도 모르게 죽어갈 수도 있는 게
우리의 삶이라고 한다면

그저 친구를 위해서,
누군가를 위해 씨앗을 남겨두
는 의미로다가

않지 않겠어

클라우디, 클라우디, 클라우드

구름 꽃이 만개한 하늘을 봐
청량한 구름이 우리네 인생
같구나 또,
내일을 잠깐 생각해, 어쩌겠어
오늘을 살았듯 살아가야지

클라우디 나인
그렇지, 나는

구름 위에 나는
새가 무척 부러워
그렸어, 도화지에
하늘색, 파란색 그런
색감들을 섞어서

적어 보니 거꾸로
봐도 제법 괜찮았고
내 마음같은 꼬라지
가 나와서 기분이
좋더라

클라우디, 클라우디, 클라우드

구름 꽃이 만개한 하늘을 봐
청량한 구름이 우리네 인생
같구나 또,
내일을 잠깐 생각해, 어쩌겠어
오늘을 살았듯 살아가야지

우리가 헤어질
짧은 시간이 남아서

아쉬운 마음에

뭐라도 지껄여 보는데

발걸음에

추를 달고 가듯

어려운 삶을 살아가는 그대여

가난도 벗으로 여기며

걷고 있는 당신은

인생의 낙이란

무엇인지 알게될

거라네 곧이네

엉망진창의 소리이지만
이것도 비트라네

재지한 사운드
뭐 그렇게 그냥 대충
변명을 둘러
대보지만
이 쓰레기통에서나 나올법한
비트 소리 그거 위에다 일단
랩을 지껄여볼게

재미없는 비트

박수 소리

클랩 히트

에릭 클랩튼은 세계 3대 기타리스트

그의 곡들은 재밌는 게 많았는데

Layla는 내가 처음으로 들은 팝송이었더랬지

뭐 가사는 애매한 내용이라고 하더래도

트랩 랩

붐뱁 랩

랩이 뭔지는 모르겠다만

장르를 나눈다는 건 그들간의 경쟁에

의미가 있다는 거겠지

진지하게 음악을 듣고 뱉고 있다는 거겠지

뱉어대는 뱉음에 정말 말이 있는지는 모르겠어

돈 얘기

돈 얘기는 필요하지

우리는 세상을 살면서 무수한 돈 얘기들을 겪게 되니까

오늘 하루는 얼마를 벌었니

오늘 하루는 얼마를 먹었니

옷 값, 식대, 유류비, 통신비, 광열비, 뭐 이런저런

세금으로 나라는 또 돌아가게 마련이고

친구간에 돈 거래는 어떻게 해야 하는지,

사업은 누구랑 해야 하는지

뭐 돈 얘기를 하자면 많은 거긴 한데

돈을 어떻게 바라보는가 시각이 중요하다고 봐

돈보다 가치없는 것들을 위해 돈을 쓴다거나
혹은 돈보다 가치높은 것들보다 돈을 바란다거나
어느 쪽이든 차차 괴로워지는 인생인 건 마찬가지인데

야, 장사 돈이나 권총으로 하는 거 아니다
신용으로 하는 거지

라는 카지노의 최민식이 말한 것처럼

아 물론 최민식이라는 배우가 딱히 인생의 교본으로
삼을만한 롤모델이나 멘토라는 말까지는 아니지만

아무튼 그 말에서 뭘 배우냐는 거지

보통은 유형적인 것보단 무형적인 것들이 가치가 높고

그건 당신의 실력도 마찬가지이고

예술이 돈보다 비싸듯이

당신이 세계 최고의 랩 실력을 갖고 있다면

그건 돈보다는 비싸겠지

음악을 사랑하는 마음이 차라리 돈보다는 나을 거야

돈 돈 돈

얘기를 지껄이는 애들 중에서 정말로 돈을 먹는 애들은

얼마나 될까

그들 중 정말 돈을 먹는 애들은 그 얘기 때문에 돈을
벌었을까,
과연",0
334,Rrrocky!!! (Feat. 키츠요지),반즈(VARNEZ),"Baby I'm livin' & livin' like rocky
24/7 I'm beamin' and spittin' new verse u got me
뭐를 더 원해 VRNEZ에게 전부 맡기여
네 남자한테는 묻지 마 걘 don't know about this
네 이름 석자도 가사에 박지 ain't no more secret mode
___씨 덕에 내 이름 on naver 내 노래가 네 신청곡
병신들 쓸데없는 돈놀이만 지껄이고
그따위 시시한 주제로는 못 뛰어 내 심전도
My glock is locked & loaded
I get it like rocket man
이거 아니었음 진작에 다 그만뒀구 ay
세상 위 하늘 아래 래퍼가 될게 그다음도
Drop soon
내겐 넘 시시해 쟤들 손목 발목 감는 것들
No vvs to me
I'm counting new verses 4 u
Keep bitchin' bitchin'
그런 거 안 된대도 dance with poor money 찌질해
그럼 난 걍 쉬 쉬
Of course ya big big big big money I'll get
But more 빛 빛 빛이 넘치는 게
손 잡고 if we, iffy 넘 지독해
사이렌이 beep beep beep beep 위험해
call me Mr. BAPE
call me Mr. BBC
call me Mr. ICE CREAM 아이스께끼요
너넨 번장 네고나 치고 난 K-Nigo
그 명품 아직 네겐 무리야 몰려다녀도 짜치는 너희 무리처럼
좆같애 이건 널 본 나의 후기야 니가 어제 배민에 남긴 후기처럼
전부 씨바 테무 스타일 중국 졸부 스타일
래퍼라면 좀 본받아라 곰돌이 푸 스타일
키츠요지 Lil Quiett Lil Dok2 Lil Beenzino
AMBITION MUSIK 계약서는 없어도 개 쩌는 야망은 있지요
그런 내 눈엔 너희가 손목 발목 감는 것들
죄다 전자 발찌 같아 새끼들 싹 다 검거
내겐 넘 시시해 쟤들 손목 발목 감는 것들
No vvs to me
I'm counting new verses 4 u
Keep bitchin' bitchin'
그런 거 안 된대도 dance with poor money 찌질해
그럼 난 걍 쉬 쉬
Of course ya big big big big money I'll get
But more 빛 빛 빛이 넘치는 게
손 잡고 if we, iffy 넘 지독해
사이렌이 beep beep beep beep 위험해
Step back step back B 제발 I'm too fye
Crystal clear my vision I fly beyond the sky
Watch me watch me B I'll be on the top
I'm so sorry but I love you 하나 없어 거짓말
Commie들 꺼지고 자본주의 만세
난 물질만능주의
돈이 다가 아니란 새끼들은 전부 사기꾼 맞아
이게 아니었음 키츠요지 형한테 피처링도 못 받아
근데 하나 더 있지 알잖아
절대로 못 되지 난 Nirvana
달러로 헤아리면 수백만 짜리야
사랑하기 때문에 난 유죄야
내려가자 했더니 올라가잖아
나도 버리려 했더니 running up 돼
요지 형 따라 벌떡 일어나서
다리 저리어 마치 성장기던 때
I'm livin' & livin' like A$AP no limit 어쩔래
I'm livin' & livin' like Balboa 내 야마 여전해",2
335,낯선 거짓말 (feat. 처리(Churry)),i.seo,"도망쳐야만 했어
날 가둔 방에서
버텨야 한다던 넌 왜
뒤돌아 웃고 있어
날 일으켜 세우던 말들은 다 잠깐의 허울 뿐
저 밖으로 나가 깨어나야만 해 이 무서운 꿈
나도 모르게 입 밖으로
나와버린 그 낯선 거짓말
잘 지내냐 묻던
간단한 안부 인사였지만
뭐, 고민 없이
평소와 딱히 다를 바 없지
별 일 없다는 짧은 대답도
망설이게 된단 걸 알 턱이 없지
나약함은 버릇 되고
그런 버릇들은 다시 나의 약점이 돼
얼마 전인 어렸을 때의
난 그걸 알 턱이 없어 믿었었네
정말 후회 돼 널 믿은 내가
또 나를 믿을 자신 하나 없는 내가 너무
누군가에게 기대어
홀로 설 수 있다는 나에 대한 기대를 저버린 것도
도망쳐야만 했어
날 가둔 방에서
버텨야 한다던 넌 왜
뒤돌아 웃고 있어
날 일으켜 세우던 말들은 다 잠깐의 허울 뿐
저 밖으로 나가 깨어나야만 해 이 무서운 꿈
난 도망쳐야만 해
다시 도망쳐야만 해
고장 난 듯한 밤엔
잠에 들면 안 될 것 같아
난 죽어버릴 것 같던 그 날들을 간신히 버틴 다음
다 괜찮다고 또 날 속이는 참 뻔뻔한 거짓말
원래 다 그렇지 참아내고 견뎌야만 해
할 수 있다 생각하면 정말 전부 다 할 수 있다고 말해
음 아프니까 청춘 오예
젊어서는 돈 주고 산다고 고생도
헤이 그럼 제 고생을 팔게요 단돈 오백 원
날 건들지 말아 줘요
라떼는 어쩌고 저쩌고
그래서 저더러 어쩌라고요
(입 다물어 줘요)
날 도와주는 것 같던
그 말들은 전부 다 거짓말
낯선 거짓말 들은 결국
나를 베어버릴 전부 날이 선 거짓말
도망쳐야만 했어 날 가둔 방에서
버텨야 한다던 넌 왜
뒤돌아 웃고 있어
날 일으켜 세우던 말들은 다 잠깐의 허울 뿐
저 밖으로 나가 깨어나야만 해 이 무서운 꿈
난 도망쳐야만 해
다시 도망쳐야만 해
고장 난 듯한 밤엔
잠에 들면 안 될 것 같아
난 죽어버릴 것 같던 그 날들을 간신히 버틴 다음
다 괜찮다고 또 날 속이는 참 뻔뻔한 거짓말",33
336,Summertime Breeze,태영,"Summertime Breeze
땀을 식혀줄 바람을 줘 Please
넘어갈 일에도 속내는 Flip
버릇인 듯이 입 방아쇠를 Click

Summertime Breeze
땀을 식혀줄 바람을 줘 Please
넘어갈 일에도 속내는 Flip
버릇인 듯이 입 방아쇠를 Click

내 재능에 의심이 짙어진 밤이야
꼴아야 예뻐보이는 여자들 따위가
허락해준다고 이 생각이 막아질까
걸러낸 단어들에 이게 담아질까

그저 집까지 걸어가고있는 내 다리가
오늘따라 아련하고 불쌍하지만
가주길 바라지 하기 싫을 때 까지만
넷이 모여 조촐하게 채운 잔이 다

비지도 않았고 힙합은 아직 멋져
맞은 턱이 아파도 주먹을 던져
새빨갛게 물들어있는 전적
뒤엔 늘 악마가 부르지 wussup

악마의 이름은 쉬운 길
비교질하면 어차피 다 비수기
더는 싫거든 내 똥을 치우기는
어차피 할 거면서 또 다시 미루기는

계절에 맞춰서 얇아진 재질
변화엔 소용이 없더라 대비
벌써부터 그리워졌어 패딩
여름엔 바람도 덥구나 제길

언제까지 이끌어 주려나 재미가
가 본 적 아무도 없을 이 외길
입닫고 내일도 달려갈 채비
여름엔 바람도 덥구나 제길

Summertime Breeze
땀을 식혀줄 바람을 줘 Please
넘어갈 일에도 속내는 Flip
버릇인 듯이 입 방아쇠를 Click

Summertime Breeze
땀을 식혀줄 바람을 줘 Please
넘어갈 일에도 속내는 Flip
버릇인 듯이 입 방아쇠를 Click",0
337,Fading,율,"어둠이 깔린 밤, 점점더 희미해져 가
손을 뻗어도 닿지 않아, 너란 빛은 저 멀리야
너무 깊이 빠져들어가, 너 없는 공허함 속
하루가 길어져, 나 홀로 깨어 있는 이 새벽이

거친 숨, 비틀거린 발걸음, 불빛들은 다 흐려져
너와 함께한 그날들이 내 맘속에 여전히 새겨져
어디로 가야 해? 이 길 끝엔 네가 없어
잔상마저 흐릿해, 그게 더 날 아프게 해

도시의 불빛, 너 없인 다 빛이 바래
끝없는 어둠 속을 걸어
내 길은 다 막혀
꿈속에서의 너, 잡을 수도 없어
점점 더 미쳐가

Fading, 잡힐 듯 놓쳐, 멀어지는 너
Fading, 눈물로 채워진 이 밤의 노래

깊은 밤, 내 심장 속엔 네가 새겨져 있어
손을 뻗어도 멀어져, 거짓말처럼 사라져
어디로 가든 그 향기만 남아, 다시 전활 걸어
꺼진 전화기, 너의 번호는 얼룩처럼 남아

도시의 불빛, 너 없인 다 빛이 바래
끝없는 어둠 속을 걸어
내 길은 다 막혀
꿈속에서의 너 잡을 수도 없어
점점 더 미쳐가

Fading, 잡힐 듯 놓쳐, 멀어지는 너
Fading, 눈물로 채워진 이 밤의 노래

huh~ oh~
huh~ oh~
huh~oh~ oh~
woah oh~

Fading, 시간이 지나도 선명해지지 않아
Fading, 다시 한번 네 이름을 부르며 나는 멈추지 않아
Fading, 다시 돌아올 수 없단 걸 알아도
Fading, 이 어둠 속에서도 잊지 않을게

너의 흔적 따라 다시, 언젠가 닿을 때까지
사라지는 걸 알아도 포기 못해 널 찾아 헤메
너를 붙잡으려는 남은 건 그리움과 타오르는
이 멀어져 가는 너를 잡으려 애쓰는 내 맘
손끝에 스친 기억이 사라져
Fading",2
338,Clumsy Love (Feat. HEO DANIEL),조이딜런 (Joey Dylan),"넌 내게 진심이였던건지
나의 mistake
내 love은 어디로 간거지
아직 미숙해
내가 널 처음 봤던
홍대 밑 stage
또 나를 담는
너의 cam의 clip yeah

날 봐줘 hey

널 지우려고해도
쉽지 않아 매일
자꾸 실수를 하지
너에게 술에 취해
미안해 baby 이해해줘
잘 안돼 널 지우는게 yeah

그때의 널 다시 원해
끊김 없는 chat yeah
뭐 땜에 너는
바뀐건지 궁금해 yeah
정말로 노력했어 많이
많은 여자들 스쳐갔지
근데 처음이였어
너같이 끌리는 girl yeah

아직도 두리번 두리번 거려 난
매일 몇번이고 더 instagram에서
잘 지내고있는지 check
너는 날 잊어버린듯해

멋진놈이 되서 돌아올게
널 다시 볼 때 못 알아보게
너 없이 다시 잘 살아볼게
네 번호를 빼 연락처속에서

넌 내게 진심이였던건지
나의 mistake
내 love은 어디로 간거지
아직 미숙해
내가 널 처음 봤던
홍대 밑 stage
또 나를 담는
너의 cam의 clip yeah

날 봐줘 hey

널 지우려고해도
쉽지 않아 매일
자꾸 실수를 하지
너에게 술에 취해
미안해 baby 이해해줘
잘 안돼 널 지우는게 yeah


어 널 데려갔었던 계절에서
i’m still singing solo
눈이 부시네 거리에선
낯선 술이나 더 부어

소문났지 내 머리엔
선택이라 했어도,
그 모든건 내 탓이겠지
어떻게라는 말로도

baby 이해 안갈 일이
recently 다시 내 코엔,
말 못할 비밀이 있지
흰색 같은 꿈을 꿨네 yeah

무슨 마음인지
사라진단 말을 전해
잠시 들렸던 바람인지
너가 싫어할 짓을 또 해

f**kin this b**ch
fuckin on that bitch
그녀 없는 곳에서
f**k another bad b**ch

침구류에 토했지
이건 내 실패지
왼손엔 호세
오른손엔 후회겠지

몇밤이 지남 다 까먹길
오 낮이 밝기 전에 날 피해
girl how can i be sober

넌 내게 진심이였던건지
나의 mistake
내 love은 어디로 간거지
아직 미숙해
내가 널 처음 봤던
홍대 밑 stage
또 나를 담는
너의 cam의 clip yeah

날 봐줘 hey

널 지우려고해도
쉽지 않아 매일
자꾸 실수를 하지
너에게 술에 취해
미안해 baby 이해해줘
잘 안돼 널 지우는게 yeah",0
339,365,블러드라인,"pain no more
i dont wanna 패인 눈물
움직이지 lowkey
i don’t believe lucky
shawty i got new flow oh oh
i workin‘ so hard two four
안가리고 다 하지 fake course
raindrop, feel like movie star
korean tony montana (scarface)
요즘은 뛰어다녀 두탕
전화 못 받아 나 한통에
여러가지로 와 두통
쉴새 없이 i move on
안 맞지 떨어지는 타이밍
동기부여돼 feed me yeah
걸음마처럼 발 딛어 바삐 yeah

아직 내 새벽 차갑게
잠에 들긴 글러 All day
여태 튀겼던 내 땀방울
발을 바쁘게 굴러 굴려 붙여본 적 없어
온종일 running in the work
wining in the hole
떠오르는 추억 뒤로
빌어먹을 꿈을 찾아서
다퉜던 녀석들도 제쳐두고
노력이 배신했다면 없겠지 우린
꿈이 없는 사람이 자리에 있다면
챙겨봐 블러드라인 우린
창원시부터 찍었었지 보법이 달라 각자에 출신
꿈이란 건 한순간 바꿔 날 낯간지럽지 Baby

running in the work
wining in the hole

온종일 running in the work
wining in the hole

온종일 running in the work
wining in the hole

running in the work
wining in the hole

running in the work
wining in the hole

온종일 running in the work
wining in the hole

온종일 running in the work
wining in the hole

running in the work
wining in the hole


Everyday feelin like a birthday
케잌 위에 cherry 그건 내가 먹게
Im on my way 반짝반짝 해
매일 기도했던 대로 다 내 눈 앞에
My life taste is so yummy yummy
With my girls shake that
booty booty)
La-di da-li 놀러갈 시간없어
왜 이리 바쁘니 yeah
Pull up in the high 걸러
귀찮은 것들은 다 제치고 uh
Live in my life 걸어
난 이런 날 너무 사랑하고
With my team blood line all day
거짓없어 우리 자체
밤새 dance in the air ay ay
꽉찬 스케줄 im busy bae

running in the work
wining in the hole

온종일 running in the work
wining in the hole

온종일 running in the work
wining in the hole

running in the work
wining in the hole

running in the work
wining in the hole

온종일 running in the work
wining in the hole

온종일 running in the work
wining in the hole

running in the work
wining in the hole

running in the work
wining in the hole

온종일 running in the work
wining in the hole

온종일 running in the work
wining in the hole

running in the work
wining in the hole

running in the work
wining in the hole

온종일 running in the work
wining in the hole

온종일 running in the work
wining in the hole

running in the work
wining in the hole",4
340,DEFAULT (feat. Toru),Jeep Rockin,"u can not battle me, take ur default
친구랑 다닐 땐 해야 돼 low
나 매일을 잡혀가니 풀어 줘
내 친구들 나 없인 못 살아서
ma life never long 넌 평생을 lame
이긴 줄 알아 시작도 안 했지
데려와 니 bruh 전부 죽이게
내 brotha Toru 가 못 참겠대 yeah yeah
하기 싫었는데 해야만 race
새*들 나를 안 무시하네
여친 생겼다고 이 *들아
계속 연락을 해버려 * *같게
나 답을 모르겠어
알려 줘 way
닥치고 stackin ma money
so high, drivin ma car

너는 좀 싸물어
이 새*야 패고 싶게
pop a xan 할 때 난 boppin 하네
나 아가리 안 털어 s*x 할 때
huh 북한인 아니지만
원해 war
like zilla, want 돈 다른 건
전부 다 꺼져 yeah yeah
죽여 선생 배울 건 여기 밖에 있어
밖으로 도망갈래
죽여 니 fam 돈 주면 친구 팔 놈들이
지 입으론 형제라네
yeah 챙기고 fly
널 추가해 pack
yuh 이건 아니라고 game, woo
다시 안 돌아와 기회 woo

u can not battle me, take ur default
친구랑 다닐 땐 해야 돼 low
나 매일을 잡혀가니 풀어 줘
내 친구들 나 없인 못 살아서
ma life never long 넌 평생을 lame
이긴 줄 알아 시작도 안 했지
데려와 니 bruh 전부 죽이게
내 brotha Toru 가 못 참겠대 yeah yeah
하기 싫었는데 해야만 race
새*들 나를 안 무시하네
여친 생겼다고 이 *들아
계속 연락을 해버려 * *같게
나 답을 모르겠어
알려 줘 way
닥치고 stackin ma money
so high, drivin ma car


내 손이 더러워 방금 너네 형을
문학산 어디에 묻고 왔어
내려오는 길에 존* 큰 나무에 들러
회초리를 꺾어 왔어
종아리 걷어 이 *새들
하는 음악 하나 같이 비슷해들
양아치 할람 오토바이 사지
뭐한다고 작업실 잡아놨어
가짜 호미 갖다 버리고
그만해 일찐 놀이
랩 * 못 하는 새*들이
몰려와서 빽빽거리지
ayo bro j rockin
never stop keeping poppin
I sippin like a 6 mafia
걔가 넥스트라고? 응 아니야~

u can not battle me, take ur default
친구랑 다닐 땐 해야 돼 low
나 매일을 잡혀가니 풀어 줘
내 친구들 나 없인 못 살아서
ma life never long 넌 평생을 lame
이긴 줄 알아 시작도 안 했지
데려와 니 bruh 전부 죽이게
내 brotha Toru 가 못 참겠대 yeah yeah
하기 싫었는데 해야만 race
새*들 나를 안 무시하네
여친 생겼다고 이 *들아
계속 연락을 해버려 * *같게
나 답을 모르겠어
알려 줘 way
닥치고 stackin ma money
so high, drivin ma car",3
341,Lovesick (Feat. Homeboy),J.holy (제이홀리),"I got lovesick
baby you got lovesick? (uh I got)
If you with me not a lovesick?
rap에 미쳐
너보다 중요한 options
원해 legend
girl i don't know even justice

I got lovesick
baby you got lovesick? (uh I got)
If you with me not a lovesick?
rap에 미쳐
너보다 중요한 options
원해 legend
girl i don't know even justice

I'm now busy, Bae where u at?
(Bae where u at?)
꿈을 품은 남자네
bae, 넌 뭐해?
이제는 돌아갈수 없네
이제는 원해 난 benz
바뀌지 않는 내 stance
우리 추억 버려내

Say it again but
바뀌지 않아 추억과 눈물과 청춘을 다흘려내 (yeah)
이젠 차가운 서울에 적응해 다 바칠게 (yeah)
사랑의 이유는 명분이 사라져 생처럼 명을 다했네

I got lovesick
baby you got lovesick? (uh I got)
If you with me not a lovesick?
rap에 미쳐
너보다 중요한 options
원해 legend
girl i don't know even justice

용기가 필요해 그래서 돈이 필요해
그녀도 나는 필요해서 많은 돈이 필요해
알잖아 자기야 난 남자야
돈보다는 너를 선택한다는 걔넨 가짜야

I got lovesick
baby you got lovesick? (uh I got)
If you with me not a lovesick?
rap에 미쳐
너보다 중요한 options
원해 legend
girl i don't know even justice

I got lovesick
baby you got lovesick? (uh I got)
If you with me not a lovesick?
rap에 미쳐
너보다 중요한 options
원해 legend
girl i don't know even justice",7
342,불안해 (feat. Don Mills),MEAN,"청소년 보호법에 따라 성인 인증이 필요한 콘텐츠 입니다. 성인 인증 후 이용해 주세요.
성인 인증",4
343,Trap Alive II (Prod. L!FE),OneAve,"난 현실에 안주할까봐서 술도 안마셔 그시간에 만들어 하나 더
까다로운 입맛 랩 빼곤 입에 안맞어 다 버리고 포기할까도
고민안했다면 그건 거짓말이여 옆을 떠난 친구들은 말해 나는 미련한놈
걸음이 느려도 계속 전진할거야 막다른길을 걸어가도

랩 잘하는 관상 태어날때부터 달라 수업시간에도 썼어 가사
다 제쳐놓고 들었어 힙합만 배운건 하나 눈치 볼 바에는 hop out
한국 래퍼 이미지가 바닥 이어도 나는 결이다르니까 전혀 안해 상관
주변 사람들은 떠나가도 여기 남아있어 내가 포기하겠냐고 한결같이 이름 값하지

[TRAP ALIVE] 내고 딱 2개월만에 성과 내 이름 새겨놨고 25년 향해 정상
아직까지 난 배고파 2만원 안되는 음원정산으론 만족 못하지
얼마 안남았어 내가 위에 설 날이 그때가되도 목소리로 그려내지 청사진
너넨 잘 쳐봤자 저기 마이너 따리 나는 Cy young감이지

난 현실에 안주할까봐서 술도 안마셔 그시간에 만들어 하나 더
까다로운 입맛 랩 빼곤 입에 안맞어 다 버리고 포기할까도
고민안했다면 그건 거짓말이여 옆을 떠난 친구들은 말해 나는 미련한놈
걸음이 느려도 계속 전진할거야 막다른길을 걸어가도


여기서 끝이 아냐 마치 생활의달인 나 랩 할거야 임마 죽을때까지
6개월 전만해도 하염없이 제자리였지만 보는 눈이 많아졌어 꽤 많이
난 또 한발을 딛어 무게감이 다르니까 남들보다 깊어
더 많은것을 잃더라도 포기하긴 싫어 이게 맞나해도 어쩌겠냐 더 세게 부딪혀

내 첫무대는 열여섯 야탑역 거리 마이크 하나 들고 혼자 나가 겁없이
같이 랩했던 친구들 하나 둘 멀어지고 나도 떠날까했지만 여기 남아 철없이
이를 갈고 랩했던 마천동 지하방에서 펜이 다 닳도록 썼지 가사
몇백번이고 떠들어서 입만 아파 평생을 바쳤고 포기안하지",23
344,ESFJ,온키(ONKEY),"네가 웃으면 나도 기분이 좋아져
모두의 마음속 온도를 높여줘
사소한 일이라도 난 놓치지 않아
작은 행복도 크게 만들어 가잖아

눈치 빠르게, 언제든 널 지켜볼게
필요한 건 뭐든지 준비돼 있어
사랑과 관심은 내가 가진 무기야
네 곁에 내가 있어, 걱정하지 마

마음을 열어
모두를 안아, 내 온기를 더해
사랑으로, 따뜻하게
함께할 때 빛나는 나

누군가 외롭다면 내가 먼저 다가가
대화로 풀어주는 감정의 Puzzle
주변의 Harmony, 내가 만들어
팀워크와 Caring이 나의 Mission

모두의 마음속 자리 하나씩 차지해
웃음과 눈물이 공존하는 이 무대
내 손을 잡아, 네 편이 되어줄게
함께라면 두려울 게 없어, Trust me

마음을 열어
모두를 안아, 내 온기를 더해
사랑으로, 따뜻하게
함께할 때 빛나는 나

Caring은 기본, 내 마음은 Big
모두를 감싸는 내 Style은 Unique
세심한 Attention, 누구보다 빠르게
필요한 순간엔 항상 먼저 다가가

“너 정말 착해!” 그래, 그게 맞아
하지만 진짜로 난 강한 마음 갖춰
사랑과 희망을 세상에 전해
이 무대의 중심은 나, 잊지 마 Baby!

모두가 빛나는 순간이 되도록
내가 주는 사랑을 너도 느껴봐
이제 우리 함께 노래해
모든 걱정을 날려버려,
오늘 이 밤

마음을 열어
모두를 안아, 내 온기를 더해
사랑으로, 따뜻하게
함께할 때 빛나는 E.S.F.J!",0
345,Be Fine,Jahse,"벌어 조용한 cash 앞으로도 we’ll be fine

걸어 rockstar way 가지 못한곳에 도착

벌써 가져가 fame 난 새로운 세상을 포착해 it’s ok

벌어 조용한 cash 뱉어 selfmade beat 위에

없어 나 같은 새끼 벌써 날렸네 weekend

걸러 모자란 새낀 결국 아무도 안남아도

내 attitude gotta go

이젠 취급하지 않아 수준 낮은 fake

따라오기엔 벅차 넌 우리들 pace

관심도 없는데도 그녀는 말하지 나 이런 애 아닌데

내 여자는 ponytail 질끈 묶고 내려가 밑에

어디까지 갈지 몰라 이젠

벌어 조용한 cash 앞으로도 We’ll be fine

걸어 rockstar way 가지 못한곳에 도착

벌써 가져가 fame 난 새로운 세상을 포착해 it’s ok

벌어 조용한 cash 걸어 rockstar way

벌써 가져가 fame 난 새로운 세상을 포착해 it’s ok

I got used to be alone

But never lose my mind

더 선명해져 갈수록

찬양해 Intoxicated

찬양해 intoxicated 믿지 못해 we made it

찬양해 intoxicated 믿지 못해 we made it

벌어 조용한 cash 앞으로도 We’ll be fine

걸어 rockstar way 가지 못한곳에 도착

벌써 가져가 fame 난 새로운 세상을 포착해 it’s ok

벌어 조용한 cash 걸어 rockstar way

벌써 가져가 fame 난 새로운 세상을 포착해 it’s ok",1
346,이별도 아닌데 (feat. VEDA),바람이,"왜 이리 마음이 아플까
이별도 아닌데
하고 싶은 말들은 많지만
다 할 수 없기에
넌 내가 보고 싶지 않을까
그럴 리 없지만
oh oh
이젠 익숙해 혼자 있는 공기
혼자가 편하다가도 또 가끔씩
누가 옆에 있던 때를 떠올리네 아직
아니 시간이 지나도 지우지 못하지
좀 평범해 일방적인 마음이었어
넌 어떻게 그리 모를 수가 있어
난 어차피 또 빠져버리고 말 걸
어떡해 이게 내 성격인 걸
네가 예쁜 거 말고 이유가 더 있어
꼭 말하자면 좀 털털한 성격
또 자기 일을 열심히 하는 그 모습이
어른스러워 보였다는 걸 넌 아니
다 버리고 왔어 다시 돌아오던 길
두번다시 그 길에 갈 일 없겠지
내 멋대로 용기를 내고 네 일상에
침범한 날 용서해주겠니 yeah
왜 이리 마음이 아플까
이별도 아닌데
하고 싶은 말들은 많지만
다 할 수 없기에
넌 내가 보고 싶지 않을까
그럴 리 없지만
oh oh
난 걸어 ONE WAY yeah yeah
혼자서 걷네 yeah yeah
아무도 몰래 yeah yeah
돌아보지 않게 날 잡아줘
해야 될 말은 많은데 I don’t talk anymore 더 멀리
쓸데없는 소리 하긴 싫어 어 하나 저기 아냐 (아냐 아냐)
와 진짜 루저야 지금 또 한 번 갱신했어 나 참
뭔가 허한 맘은 잘 달래지지가 않아
I’m such a dumb and fool 길지도 않아 너와 있던 시간
그런 시간 그리 중요치도 않던 시간
사랑도 아니고 아무것도 안 했는데 한없이 작아지는 건
왜 이리 마음이 아플까
이별도 아닌데
하고 싶은 말들은 많지만
다 할 수 없기에
넌 내가 보고 싶지 않을까
그럴 리 없지만
oh oh
난 걸어 ONE WAY (I'm on my way) yeah yeah
혼자서 걷네 (혼자서 걸었네) yeah yeah
아무도 몰래 (아무도 몰래) yeah yeah
돌아보지 않게 (돌아보지 않게) 날 잡아줘",28
347,ㅈㅣㄱㅜ,BEONNOE WANA,"청소년 보호법에 따라 성인 인증이 필요한 콘텐츠 입니다. 성인 인증 후 이용해 주세요.
성인 인증",0
348,AWAKE (feat. CRYSTAL COVE),LEV RUJU,"Any occasion casion patience occasion
She wanna F
Sorry I don`t need any F drugs
시간없어 I gotta work
Awake & awake & awake
그래야 내가 보일걸
I drink vitamin c juice(Slurp)
안가도 돼 나는 church

Any occasion casion patience occasion
She wanna F
Sorry I don`t got no love anymore
시간없어 I gotta work
Awake & awake & awake & awake & awake & awake up
I drink vitamin c juice(Slurp)
안가도 돼 나는 church

널 멀리서만 바라봤던 나
열어 더 안 기다려 난
점점 꺼져가

말하지 않아도 보이지
가야지 나라도 Could you fall with me?
펴야지 너란 꽃 , 봄이지
You`re not so easy

연약함 , 눈물 차 오름 얘기해 보여줘
널 향한 이해는 Ocean depth
짙은 잉크처럼 번져 ,
산불처럼 안 꺼져 ,
Ride or die

Any occasion casion patience occasion
She wanna F
Sorry I don`t need any F drugs
시간없어 I gotta work
Awake & awake & awake
그래야 내가 보일걸
I drink vitamin c juice(Slurp)
안가도 돼 나는 church

Any occasion casion patience occasion
She wanna F
Sorry I don`t got no love anymore
시간없어 I gotta work
Awake & awake & awake & awake & awake & awake up
I drink vitamin c juice(Slurp)
안가도 돼 나는 church

Woo , I should buy a wedding ring
들어봐 이Melody
You know I`m not average
난 못 참아 leverage
How could you flex on me?
나와는 누구라도 안되지
Uh,그녀와 내 Entropy
How can we calculate but I feel accurate

네가 딴짓해도 널 보잖아 매일
한결같게도 너는 matter of fact
나는 상관없어 I’m not afraid
날씨 south cali,need to hydrate
Please take me in to your private space
매끈한 네Body 이걸 어떡해
필요없어 knowledge 기다려 chance",2
349,HANG ME TIGHT,BENZO,"Where you go
I gotta send that 뭐해
Don't say no
넌 후회할 게 뻔해
Gotta swerve
저 멀리까지 갈게
해서 You gotta hold me tight
Yeah you better hang me tight
Alright
Yeah you better hang me tight
Alright
Yeah you better hang me tight
Alright
I'll pull up to your block when you feel that lonely night
And you gotta do nothing (nothing)
They ain't got nothing
***** u better hang me tight (alright)
And you gotta do nothing
***** you better hang me tight
Okay riding with my Porsche
Done with everything 향해 니 동네로
안 받으면 뻔하지 끝엔 너의 손해
알잖아 난 원하는 건 결국 얻어 내 손에
후회할 걸 또 넌 yeah
그 시점에 이미 난 gone
I'm good with everything
I'm cool with everything
But 내가 겪은 일을 까먹을 만큼 바보는 아냐
기억해 난 되묻네 넌 왜 그래
그대론데, 다 좋은데, 돌아올래 huh
Bunch of fool out there 달리해 우리 궤도
다투기는 한대도 다시 take my hand 몇 배로
Where you go
I gotta send that 뭐해
Don't say no
넌 후회할 게 뻔해
Gotta swerve
저 멀리까지 갈게
해서 You gotta hold me tight
Yeah you better hang me tight
Alright
Yeah you better hang me tight
Alright
Yeah you better hang me tight
Alright
I'll pull up to your block when you feel that lonely night
And you gotta do nothing (nothing)
They ain't got nothing
***** u better hang me tight (alright)
And you gotta do nothing
***** you better hang me tight
Yeah ok I gotta tell my name I’m LAREN (what)
데리러 갈게 with Mclaren
니 친군 안겨 나의 팔에 (팔에)
Yeah 첨 보는 너는 내게
Pullin’ up to your block
Babe please don’t kill my vibe yeah
I know that we still got probs yeah
(Still got problems)
You know that I’m in my prime
Ain’t lyin’ I won’t waste my time
Ain’t lyin’ I won’t waste my time
Them **** don’t worth a dime yeah
Money bag money bag
***** I’m lookin’ like money bag
니 꼴이 걍 boy band
Stop ******* where my money at
What’s your name girl
이 ***** rapper들 전부 다 ****** lame girl
(yeah, yeah, ooh)
Where you go
I gotta send that 뭐해
Don't say no
넌 후회할 게 뻔해
Gotta swerve
저 멀리까지 갈게
해서 You gotta hold me tight
Yeah you better hang me tight
Alright
Yeah you better hang me tight (tight)
Alright
Yeah you better hang me tight
Alright
I'll pull up to your block when you feel that lonely night
And you gotta do nothing (nothing)
They ain't got nothing
***** u better hang me tight (alright)
And you gotta do nothing
***** you better hang me tight",2
350,Snow,MARKO,"[가사 준비중] 멜론 회원 여러분! 가사 등록을 기다리고 있어요.
가사등록하기",0
351,"거기서 거기야 (So what) (Feat. 이승후, 최규연)",은평레일건즈,"try me and F up
하나 둘 셋 망하면 니 곡이야
마지막 ㅎ 내 웃음은 덤이야
카펫 깔아놔 거긴 너의 위야
목뒤로 넘겼네 이젠 돈이없어

너내 싸워봤자 다 거기서 거기야
마지막 ㅎ 내 웃음은 덤이야
카펫 깔아놔 거긴 너의 위야
목 뒤로 넘겼네 너 어디야

Spit that flow 내 마음 하나만 믿고 나서 부숴
한 길로 마치 총 맞은듯하나 웃어
너거들끼리 왜 싸워 나한테는 내가 태산
네게 단 하나 남은 mic 쥐고있어 넌 대답

아끼던 네 삶을 비좁은 곳에 담어
남기없이 챙기려던 넌 쉽지않어
누구에겐 제철 난 박자 마저 뱉어
네 머리속은 take off
이게 내 다음 chapter one

try me and F up
하나 둘 셋 망하면 니 곡이야
마지막 ㅎ 내 웃음은 덤이야
카펫 깔아놔 거긴 너의 위야
목뒤로 넘겼네 이젠 돈이없어

너내 싸워봤자 다 거기서 거기야
마지막 ㅎ 내 웃음은 덤이야
카펫 깔아놔 거긴 너의 위야
목뒤로 넘겼네 너 어디야

I know what u saying
미안하게 그녀는 날 원해
그녀는 안봐 너의 pain
okay 2chainz on my neck

어젠 좀 취해서 괜히 F up
거리 하나 팔아 재미없어
tell me about that 거지 얘기는 없어

오늘은 널 위해 넥타이 매 F up
하나 둘 셋 망하면 니 곡이야
마지막 ㅎ 내 웃음은 덤이야
카펫 깔아놔 거긴 너의 위야
목 뒤로 넘겼네 이젠 돈이없어

너내 싸워봤자 다 거기서 거기야
마지막 ㅎ 내 웃음은 덤이야
카펫 깔아놔 거긴 너의 위야
목뒤로 넘겼네 너 어디야",87
352,더월드스테이트,주니어스 (Jr.'s),"정신이 팔렸어 쉬운길
찾기에 손에 물 안묻히고
집안에 방에서 널 이기는 생각만
가득해 속고만 살았던걸

고갠 푹 숙이고 살았어
친구는 어느새 담배를 꼬나물고
어쩜 또 이래 간단하게 내 삶이 한 순간에
바뀌니 Start at the mud

내 앞에서 떠나가 멀리
언제나 내 옆에서 노래를 부르던 너
어제는 월드 스테이트 앞에서
나를 기다리며 바퀴를 긁었던 멋

다른길 가야지 이미
틀렸어 내 옆에는 나를 찾는 전화가 callin
상황이 좀 많이 바뀐거지
이제 중심이 된 기분이니 내일이면 더

생각이 많은 밤이지 나 밖에 나가서
쳐다보니 light uh
내리막길에 타이어 자국 아직도
생생하니 내 이마의 상처가 더

떠오르지 ima ridah 발이 아파도
세게 밟았지 차를 제껴서
너를 살려놨더니
안 본 사이 많이 다른 눈깔에 살이

불어서 내 앞에서 옆에 친구를 패
갖혀있던건 말을 안하네
내가 눈치 안보고 살기로 맘 먹었을 때
내 옆에서 좀 떨어지라 했던 애미새끼들

그 때 누구 아들이 잘났을까
잘 봐봐 하나 빠짐없이 전부 들어갔어 감빵에
같은 사이즈에 방에서 다른 생각이

만들었네 차이 가슴에 깊이와 크기
이젠 안 뺏겨 아무것도 다 커
질겼던 타이어에 실밥이 보일 때쯤에
더 빡센걸로 바꿔

이제껏 만들었던 내 트랙에
머리 맞댄 애들이 옆에서 나를 보네
너쯤은 잊었을 때
내 앨범 두장이 만들어져 이런거 매일해

정신이 팔렸어 쉬운길
찾기에 손에 물 안묻히고
집안에 방에서 널 이기는 생각만
가득해 속고만 살았던걸

고갠 푹 숙이고 살았어
친구는 어느새 담배를 꼬나물고
어쩜 또 이래 간단하게 내 삶이 한 순간에
바뀌니 Start at the mud

내 앞에서 떠나가 멀리
언제나 내 옆에서 노래를 부르던 너
어제는 월드 스테이트 앞에서
나를 기다리며 바퀴를 긁었던 멋

다른길 가야지 이미
틀렸어 내 옆에는 나를 찾는 전화가 callin
상황이 좀 많이 바뀐거지
이제 중심이 된 기분이니 내일이면 더

정신이 팔렸어 쉬운길
찾기에 손에 물 안묻히고
집안에 방에서 널 이기는 생각만
가득해 속고만 살았던걸

고갠 푹 숙이고 살았어
친구는 어느새 담배를 꼬나물고
어쩜 또 이래 간단하게 내 삶이 한 순간에
바뀌니 Start at the mud

내 앞에서 떠나가 멀리
언제나 내 옆에서 노래를 부르던 너
어제는 월드 스테이트 앞에서
나를 기다리며 바퀴를 긁었던 멋

다른길 가야지 이미
틀렸어 내 옆에는 나를 찾는 전화가 callin
상황이 좀 많이 바뀐거지
이제 중심이 된 기분이니 내일이면 더",1
353,어딨어 (feat. COMA (코마)),warnny,"어딨어 지나간 추억들
여깄어 니가 한 말들
지금 가장 젊은 날들을 만끽해
지금 가자 오늘 생각은 내가 해

서른되면 괜찮아진다며 내 삶
설마 다니지는 않겠지 걍 회사
Until that time we don’t have to know the 먼 미래
Since we know that we tend to live an easy day
옛날옛날 하는 자위는 딱 질색
일어나 한 번 더 부딪혀봐 다 기세
Gucci, prada, louis는 내 안에 걍 사 보세
So I need (뭐였더라) 아 인내

어딨어 지나간 추억들
여깄어 니가 한 말들
지금 가장 젊은 날들을 만끽해
지금 가자 오늘 생각은 내가 해

어딨어 지나간 추억들
여깄어 니가 한 말들
지금 가장 젊은 날들을 만끽해
지금 가자 오늘 생각은 내가 해

우리 아직은 어려
30은 아직 멀어라 했었는데 (했었는데)
허세는 전부 버려
주량은 절대 서너병은 아니겠네 (한병인데)
시간은 절대로 잡아지지가 않아 모래같네
손에 묻은 미련들은 추억이라고 오해받네
내가 낸 노래 중에 최고는 아직 노래방에
서 우리 같이 취해서 불렀던 고해같애
접어둔 기억들을 몇 번이고 뒤져
숨겨둔 마음들은 괜히 바래 기적
애쓰다 마 주하면 또 어색해
다시 덮어보려 해도 이미 늦었네
과거로 다시 돌아가 널 만났던 그 자리에서
한 번 더 같이 손을 잡고 걸어볼 수 있다면
같은 쓸데 없는 상상은 이젠 지겨워
오늘이 가장 젊은 날이니 후횐 미뤄둬

Tell what you need
That’s all I need
Too hard for me
Stay back from me

어딨어 지나간 추억들
여깄어 니가 한 말들
지금 가장 젊은 날들을 만끽해
지금 가자 오늘 생각은 내가 해

어딨어 지나간 추억들
여깄어 니가 한 말들
지금 가장 젊은 날들을 만끽해
지금 가자 오늘 생각은 내가 해

Tell what you need
That’s all I need
Too hard for me
Stay back from me",9
354,마지막 부탁,이재승,"가끔 난 이런 생각을 해
차라리 널 만나지 않았더라면 조금 나았을 텐데
그런데 어떡해 너 없인 안 되는걸
네 옆에 있기만 해도 웃음이 나오는 걸
너라면 그 무엇이든 전부 해줄게
널 울린 사람보다 몇천 배 잘해줄게
너무 아픈 사랑은 사랑이 아니었음을
당신도 혹시 같은 생각인가요
또 외로운 밤 머리가 아파오네
네가 우는 모습을 보니 난 미칠 것 같애
넌 밤만 되면 변해
네가 힘들지 않기만을 나 원해 노래도 썼었지
물론 그건 돼지 목에 jewelry
시간을 거슬러 when I was fourteen
첫 만남은 우연을 탔고 인연은 고리
I never knew you were going to be my best friend
후회된다고 하면 거짓말일 텐데
넌 웃는 게 이뻐
아무리 내가 말해도 넌 널 너무 못 믿어
찡그리지 마 시선
우정을 평생 약속했던 우리의 밤은
그저 짧은 꿈에 불과했나, 섭섭할 따름
처음부터 넌 너무 말이 없어
대화의 유통기한을 다 써버렸어
애초에 이별이 정해진 2년이었대도
우린 바라보기만 해도 웃음이 났어
바보처럼

만약 이렇게 우리 이야기가 끝난다 해도
분명 또 다른 시작이 우릴 기다릴 테니
떠날 때만큼은 미소 지어 보내리
늘 그랬듯이, 자연스럽게, 미소 지어 보내리

어떨 땐 우리 너무 먼 길을 와 있나 싶어
고민은 끝도 없고 밤은 너무 길고 깊어
시간은 우리를 막고 현실은 우리를 잡아
원래 달과 해는 같은 시간대에 공존할 수 없어
세상이 그렇지 뜻대로 된 적 없었잖아
안 될 이유도 많지 세상은 날 미워하나 봐
넌 여전히 해맑아서 그저 네가 보고팠어
그게 죄라면 죄인 할테니 날 철창에 가둬
또 정신이 멍해
너를 만나고 나서 이런 일은 빈번해
깜깜한 흑백 같던 나의 삶에 예상 못 한 너란 빛이 들어와서
어지러웠나 봐 잘 지키던 중심을 놓쳤어
재밌고 행복하단 말로 표현이 될까
넌 사람을 바꿨어, 고맙단 말로도 안 돼 다
섭섭한 마음을 뒤로하고 이별을 말할 때
근데 쉽지 않을 듯해 스치는 기억 때문에
내가 너한테 장난 치면 넌 울 일이 없으니까
계속 치고 싶었어 넌 그래야만 웃으니까
농담을 던지며 서로 다투기도 했지만
그럼에도 우린 결국 서로를 바라봤잖아 매일같이
넌 별 같아, 검은 바탕에 유일한 빛이니까
어딜 갖다 놓아도 내 눈엔 너만 비치니까
차디찬 밤하늘 속 난 희망을 봐야겠어
악마들이 정한 운명을 거역해 널 안겠어
친구들한테 한 거짓말도 조금은 질려
드라마를 써, 널 묘사하기엔 딸리는 내 필력
보란 듯이 현실의 벽을 넘어보자고
버틸게 너라면 이 지긋지긋한 삶도
시한부인 듯 우리 시간은 너무나 빨라
네 옆에 있단 것만으로 충분히 좋아
더 바란다면 난 욕심쟁이일지도 몰라
그저 내 흑백색 인생에 나타나 줘서 고마워

만약 이렇게 우리 이야기가 끝난다 해도
분명 또 다른 시작이 우릴 기다릴 테니
떠날 때만큼은 미소 지어 보내리 (날 보며 웃어줘)
늘 그랬듯이, 자연스럽게

많은 거 안 바래 부탁 하나만 할게
넌 꼭 평생을 행복한 사람이 되어줘
꿋꿋하게 살아가 너를 잃지 않는
그런 사람이 되어줘
정말 그거면 난 됐어 진심이야

사람들이 널 노려보는 건, 네가 별나서가 아니야
별처럼 너무 밝게 빛나 눈부셨던 거야
깜깜한 세상이 아무리 널 힘들게 해도
울지 말고 눈물 닦아 넌 절대 혼자가 아냐
네가 이토록 힘든 건 절대 네 탓이 아니야
네 빛이 너무 찬란해 세상이 질투하는 거야
흑백 같은 세상이 네 빛을 뺏으려 해도
빛을 잃지 말아줘 그게 내 마지막 부탁이야",4
355,Stay Connected,WNB,"한이 서리도록 아파본 적
주변인들이 원망스러운 때
죽고 싶어도 놓지 못한 이유
힘들어도 살아야 하는 이유

내 곁에 없더라도 잠시 떨어져 있어도
우리는 연결되어 있어 우리는 연결되어 있어

나는 신을 믿기 어려워
나는 숫자도 믿기 어려워
다음 진리는 뭐로 바뀔까
근데 변하지 않는 그건 바로

내 곁에 없더라도 잠시 떨어져 있어도
우리는 연결되어 있어 우리는 연결되어 있어

나는 소중한 내 사람을 믿어
아무리 밀어도 그대로더라
사람끼리의 강력한 중력
사랑만이 우리를 구원하리

내 곁에 없더라도 잠시 떨어져 있어도
우리는 연결되어 있어 우리는 연결되어 있어
내 곁에 없더라도 잠시 떨어져 있어도
우리는 연결되어 있어 우리는 연결되어 있어",2
356,게으름뱅이 (feat.HEMIAN),김익명,"사실 움직이는 것마저 귀찮아 이제는
침대 위에서 게으름과 친해질 때쯤
떡진 머리 풀린 눈 위로 고양이 세수
20대 열정은 여전히 내게만 비매품
빡센 삶 달리지 풀코스 마라톤
땡겨쓴 휴식이 만든 42.195
이게 나만 버거운 느낌이 들어 현실을
눈에 보이지 않게 치워뒀지 일부로
끊지 못한 담배 또 한 대 피워
열정이라는 녀석과 난 늘 반대편
엄마에 걱정 섞인 안부전화에 또
열심히 살자 다짐하지 무거운 이불 아래서
발맞춰 따라가기에 시간은 너무 빨라서
애꿎은 시계 건전지를 빼버리고 닫았어
침대로 다이빙할 일은 미룰게 딱 하루만
나름 오늘도 수고했으니까 잘 자 good night


Running miles
Will I reach the finish line
여전히 제자리인 나
흐릿해져 가는 dream

I’m running miles, yeah
아직 어린아이처럼
구름을 타고 싶은데
조급해져만 가 난
이젠 어쩔 수 없나 봐


이미 절반 이상은 틀어져 버린 계획과
섞인 부담감 두통에 골 빠개지는 매일 밤
다 꺼진 열정에 기름 부어 난 최근까지
드리 누워 지내며 살다 보니 빈 깡통만 찼지
의욕 상실 여전히 게으름과 살지
무기력한 감정도 놓지 못해 두 집 살림
Mr 게으름뱅이 홀애비 냄새가 가득 뱄지
2024 내게 열정은 이미 날 지나쳐 가는 택시
heu 굳어버린 몸과 머리
먹은 나이에 비해 처한 눈앞 현실은 무겁지
꽤 자연스레 멈춰있었고 지금 이 노래 역시
첫 문장을 적어내기에 4년이 걸렸지
눈 떠보니 스물여덟 시간이 너무나 빨라서
놓쳐버린 너에 뒤를 따라가다 보니 아홉
애진작 꺼진 엔진에 시동을 걸 수 있을까
내 질문에 불친절한 밤이지만 잘 자 good night


Running miles
Will I reach the finish line
여전히 제자리인 나
흐릿해져 가는 dream

I’m running miles, yeah
아직 어린아이처럼
구름을 타고 싶은데
조급해져만 가 난
이젠 어쩔 수 없나 봐


Wooo~
언제쯤이면 될까
I’ve been dying for this moment

아직 어린아이처럼
구름을 타고 싶은데
조급해져만 가 난
이젠 어쩔 수 없나 봐


사실 움직이는 것마저 귀찮아 이제는
침대 위에서 게으름과 친해질 때쯤
떡진 머리 풀린 눈 위로 고양이 세수
20대 열정은 여전히 내게만 비매품",3
357,Back2Back (Feat. juun),JayKo,"All of these fakes . Yeh
I guess they dont even know what they talking about,
거짓말쟁이 put u on the ground
U thought it was joke, but this aint a Fraud

珍しい, that made me so proud
何がほしいならぜったい買う
옷위에 걸친 내 Frederic malle
男前な Smell like a boss,

Do not press the Pause yeh
Walking around with my boys we Busting the crowd
Deposited 万
won't let nobody Depress me . On god

Studio 안 , we spitting some hot . Shit
몸위엔 Gaultier top, Cartier watch
Sippin 막걸리 , family is count
멀리서 봐 if you're Friend with the cops

I don't got time for a bitch that's waste
Money on my mind only thing I chase
She want more, what can I say
Butterfly doors, what can I say
You snaked him out for a buck that's shame
One more time for the hoes that stayed even though I played it's a brand new day
Jumped off the porch with a brand new chain
Smoke out the pound I been higher than space
I wanna text her first but I know I can't because she think I'm stuck in my ways
I'm on my own floating elegant
Look at my pockets it's nothing but presidents
She wanna hate me but don't got the evidence
No it shouldn't hurt but I just keep on letting it woah






Yeah we go back-to-back runs like Otani and judge
Smoking on a pack yeah I need me a munch
They be talking bout such and such
do all my acting don’t need a stunt

All that I think about
All that I think about is getting me rich
Money on my mind you know i keep it real
I keep your hands tied make you wanna be free

Yeah we go back-to-back runs like Otani and judge
Smoking on a pack yeah I need me a munch
They be talking bout such and such
do all my acting don’t need a stunt

Yeah we go back-to-back runs like Otani and judge
Smoking on a pack yeah I need me a munch
They be talking bout such and such
do all my acting don’t need a stunt
3",0
358,LOV3RBOI,letsgodogekim.com,"sippin lean
pre-codean
존나 말어
so they pumped
shine light
cant nobody yeah
다릴 써
walk in high
im a pookie in my truck
kick his butt 돈을 벌어내
yeah 개네는 Trippin 못해
drop out school like kanye
깜짝박스 위 milli rock yeah
새깅해 이쁜 옷 yeah
criminal boy, pardon babe
tellem certified LOV3RBOI
LOV3RBOI
We gon party like we are in a waterbomb
Pull up up
Geeks Kids 불러봐
24 nine chain gain fame fuck the fame
필요없어 geek me a clover
Switching lanes
Fucks wrong with you got nobody
Killing pains
Guts out yeah of my body
끈적한 내 목소리
근들갑 no im sorry
소름이 돋아 새끼들
모두 틀고 있어 다 똬리 핫바리
가루내 fucking pills
갸루 내 fucking tits
거린 내 fucking stage
덜어내 fucking caps
Yeah she ma shatty fuck that thottie
버려내 pumpkin emo
사실 뭐라는 지도 모를지도
필요해 지도 오늘도 기도
영원한 길로
Even though i make'em sorry
내 입은 옷과 액세서리
Racking ball to one hunnit
Evil soul 내 이블 머리
24 내 나이와 같이 깨어있어 소꿉놀이
아하아하 Makeem sorry
Yeah yeah yeah making history
LOV3RBOI
We gon party like we are in a waterbomb
Pull up up
Geeks Kids 불러봐
24 nine chain gain fame fuck the fame
필요없어 geek me a clover
fuck the chain!
이 련들은 필요해 치약이
아구가 안맞아 시합이
don test me
thug dat beat and i drive so hard
어제 그년 없었지 soul heart
망치 가져와
던져버린 pods들만 합쳐도
studio 한 대 뚝딱 나와
뜨겁다가도 팍 식었지
침대에서 보자지를 꺼내서
이게뭐야 이런 씨발
뺨아리 치고 난
PC를 켰어 난
so i live like trap
아우 가짜시끼들은 말만 많아",3
359,Where You At (Feat. Kohway),가오가이 (kaogaii),"You got to know 달라진 날 봐
Too many calls 난 이제 바빠
stack it, stack it, stack it up 이게 사는거지 Alright
Playboy 더는 아냐 Yeah I Don't lie

where you at Ooh baby
where you at? Don't worry
where you at? 전화와도 말할게 'I'm' sorry'

where you at All right
where you at I don't mind
where you at
Ooh baby come and teach me how to love

where u at 나는 집에
옆에 내 와이프는 나의 식객
어깨엔 분유 자국 with baby
ok 나 해냈어 위기일 때

매일 같이 울어줬어 넌
안 무너졌어 영원하겠단 그 약속 지켜냈잖어
연고를 발라줬어 넌
다 나를 긁었어도 그래 뭐 괜찮어 돈 버니 됐잖어

내려갈 일 없는 롤러 코스터
내 얼굴이 박힌 공연 포스터
예능 나가 멍청 떠는 내 모습도
두 여잘 위해 벌고 써 세무사는 장부를 적고있어 시장님과 밥 먹고있어

많이 배 아팠음 해 나 망할거라던 잡것들이
왜 빨고 있어 내 작업실 이제 환전소가 되어 잠궜어
내가 된다 했잖아 넌 괴로워 해
난 항상 여깄어 그래서 넌 지금 where u at

You got to know 달라진 날 봐
Too many calls 난 이제 바빠
stack it, stack it, stack it up 이게 사는거지 Alright
Playboy 더는 아냐 Yeah I Don't lie

where you at Ooh baby
where you at? Don't worry
where you at? 전화와도 말할게 'I'm' sorry'

where you at All right
where you at I don't mind
where you at
Ooh baby come and teach me how to love

where you at my honey? where you at my shawty?
평생 물음표 살인마 I don't know what love is?
근데 지금 여기 내 앞에 넌 서 있지
환영해 my baby do you love me? 그럼 show me

돈을 벌어도 커리어 펴져도
사랑은 놓쳤었던 내 안 늘 허허벌판
그녀들 떠나며 내 마음에 남긴 scratch
밴드 열풍이 불어도 거기엔 못 붙였던 밴드

그 때 너가 내게 나타나준거야 in the club
2NE1 컴백보다 반가워 nice to meet you girl
건배 dancin' 너무 잘 맞는 talkin'
fallin' in love 클럽인데 둘이서만 번지

baby check my swag look at you you bad
baby what your ETA? what your ETA?
시간 맞춰 마중 갈게 baby where you at?
다시 만나 허나 and 아냐 Endgame of love

You got to know 달라진 날 봐
Too many calls 난 이제 바빠
stack it, stack it, stack it up 이게 사는거지 Alright
Playboy 더는 아냐 Yeah I Don't lie

where you at Ooh baby
where you at? Don't worry
where you at? 전화와도 말할게 'I'm' sorry'

where you at All right
where you at I don't mind
where you at
Ooh baby come and teach me how to love",96
360,more and more (Feat. Sonny Zero),Royal 44,"(Ooh, yeah)
(Yeah)
Can’t get you out of my thoughts
Picking petals, she loves or not
Deep perfect blues
Everything ‘round me reminds me of you
Dreams and my nightmares ‘bout you
I could wait hundreds of winters for you
Know you love the cold but, be honest, the warmth is, pulling both us two
Both us two
I don’t wanna say nothing
‘Cause you’ve heard all it before
If it’s only one night baby
I’ll give it all and much more
More and more
More and more
Give you more
I don’t wanna say nothing
‘Cause you’ve heard all it before
If it’s only one night baby
I’ll give it all and much more
More and more
More and more
Give you more
Like I’ve never before
I can show you my love, girl, can you?
시작해 봤어, thinkin' about you
About you
너와 나 내가 어쩌다가
오늘도 난
너 생각에 잠을 못 자, babe
나보다 더 좋은 사람 많은데
Girl, I wanna f*** you 오늘 밤에
I just wanna f*** you on 크리스마스에
Baby I don’t want nothing no more
Long as I got you I’m sure
No damn ice on the road
Could keep me ‘way from loving you babe
Need your company lil’ more
I don’t wanna say nothing
‘Cause you’ve heard all it before
If it’s only one night baby
I’ll give it all and much more
More and more
More and more
Give you more
I don’t wanna say nothing
‘Cause you’ve heard all it before
If it’s only one night baby
I’ll give it all and much more
More and more
More and more
Give you more
Like I’ve never before",303
361,hz,리데이 (REDAY),"I don’t want to tonight
a lot of things I couldn't decide
비워내 기억이 더 지워질때까지
You know why, Fxxxxx line
We smile and cry
Always wanna die
Sometimes wanna die

Tell me it won't end
You and i
Tell me it won't end
You and i

Tell me it won't end
(Tell me, You and i)

Tell me it won't end
You and i
Tell me it won't end
You and i

Take me with you for me
I got know me
해가 뜬 걸 모르게 해

I whispering to myself
떨어져 못가봤던데
죄 같은 걸 계속 해
기도하는 것도 죄 같게
B**ches this is not my fashion
Can not be bought with cash
일부로도 아닌데 Slay
됐어 Makers mark 해

혀들이 많이 길어져
계획은 내가 싫어서
쟤네처럼은 쉬워
쟤네처럼은 쉬워
받아들이고 또 잃었어
잃어버리고 또 빌었어
쟤네처럼은 쉬워서
쟤네처럼은 쉬워서

I don’t want to tonight
a lot of things I couldn't decide
비워내 기억이 더 지워질때까지
You know why, Fxxxxx line
We smile and cry
Always wanna die
Sometimes wanna die

Tell me it won't end
You and i
Tell me it won't end
You and i

Tell me it won't end
(Tell me, You and i)

Tell me it won't end
You and i
Tell me it won't end
You and i

Take me with you for me
I got know me
해가 뜬 걸 모르게 해

(You know why, Fxxxxx line)
(We smile and cry)
(Always wanna die)
(Sometimes wanna die)


You are so fools
But I’m little bit weird
I thought about
what you said tonight
I’ll think about it
Boy let me know
너의 일상을 진부한 후회와 (doing something bad)
Tell me everything we, You and I
멈추지 않아 babe
until the sun rises we together

(You know why, Fxxxxx line)
(We smile and cry)
(Always wanna die)
(Sometimes wanna die)
(You know why, Fxxxxx line)
(We smile and cry)
(Always wanna die)
(Sometimes wanna die)",5
362,toy,시소년 (XISONYEON),"작은 골방엔 낡은 꿈
삼키지 못한 알약과
시가 되지 못한
내가 버려져 있어

너의 노래가 되지 못한
어설픈 구멍 난 목소리에
내가 버려져 있어
내가 버려져 있어

네가 필요할 때만이라도 날 사랑해 주겠니
you know I can never going home
낮과 밤 중 단 한 때라도 날 사랑해 주겠니
you know I can never be a day

내 곁에 머물기가 힘들단 걸 알아
나도 나 자신이 지치고 버거운걸
보기엔 좋고 가끔 놀기 딱 적당한
그렇다고 책임지진 않아 마치 첫날 밤
돌아갈 수 없이 멀리 왔나 봐
다른 길은 없어 이미 너의 손길에
사로잡힌 날부터 네발로 앉아
개처럼 기다린다 흐리멍텅한 초침에

네가 필요할 때만이라도 날 사랑해주겠니
you know I can never going home
낮과 밤 중 단 한 때라도 날 사랑해주겠니
you know I can never be a day

I just wanted to be loved all day
쉽게 말하지 못해 그럴듯한 변명에
Just stay with me for one day

I just wanted to be loved all day
쉽게 말하지 못해 그럴듯한 변명에
plz stay

네가 필요할 때만이라도 날 사랑해 주겠니
you know I can never going home
낮과 밤 중 단 한 때라도 날 사랑해 주겠니
you know I can never be a day

I just wanted to be loved all day
쉽게 말하지 못해 그럴듯한 변명에
Just stay with me for one day

I just wanted to be loved all day
쉽게 말하지 못해 그럴듯한 변명에
plz stay",14
363,Inferiority Complex.,방현서,"눈 감기 직전, 새벽 3시쯤
잠깐의 생각을 펼쳐보네
나는 어떤 사람인가?
잘 살았던 게 맞는 건가?
질문에 대답해 내 자신한테 듣고는 자야 해

야야 세상은 불공평해서 내가 떨어지래
난 그러기 싫은데
왜 양보를 못 하냐고 나한테 질책해
그게 정말 맞는 거냐?
그걸 듣는 나도 하나의 사람이네
말하는 나도 인격 있네
하지만 감정을 숨겨야 해서
또 흘려 눈물 한 방울

마음의 청소를 위해 난 치워 빈방을
상처로 남은 게 없어도 다시 정리
차분히 아침을 맞겠어 가면을 쓰기 위해
그래야 적당히 맞추기에
한 번 더 버틸 맘 먹기에
현서야 단단히 마음먹어야 해
이런 아직도 새벽 4시네

Tonight, I can't see the light that I got
Even though I feel the sun shine
What can I do when I lose you?
Tell me
Please tell me

일 년에 꼭 몇 명은 아끼다 잃는 거 같아
지겨워 이 패턴
난 나름 좋은 사람이라고 생각하면
또 혼자로 돌아가
와 미쳐버릴 거 같아 가끔
아니 생각해 보면 자주
이러다 그냥 내가 떠나면 편하지 않을까
내가 가는 길이 맞는 걸까?

의심을 자꾸 해 마음은 너한테 가고 싶은데
머리는 놔주래
왜 꼭 울어야만 분노, 억울이 해소가 될까?
난 이제 몰라
야 네가 말해줘 봐
사람에 답안지가 있는지
진짜 알고 싶어 오늘 밤도 또
울다가 넘겨 한 아침 6시

Tonight, I can't see the light that I got
Even though I feel the sun shine
What can I do when I lose you?
Tell me
Please tell me

고통받다 어느새 왔네. 오전
한 번 더 해야 해 체념
오늘도 괜찮은 척 넘어가려
만들어 난 껍데기 신념

누군가에게 또 맞춰주는
퍼즐 같은 인생이 언제
끝나게 될까 한 대략 60년 뒤쯤
알게 되겠지 그걸 위해 견뎌",0
364,돌아와주라(feat. Da vean),somn,"we can be friends?
나 궁상맞게 왜이래
fuxxed up
오늘도 하루종일 널 기다렸네
원하는 거면
얼마든 가져가
널 위해서면
하나도 아깝지 않아
하나 둘 셋
결국 난 제자리로
몇 번을 생각해봐도
답은 역시 너인걸
하나 둘 셋
결말을 반복해도
몇 번을 돌아가도
너 없인 의미 없을 걸

그러니 돌아와줘
그러니 돌아와줘
그러니 돌아와줘
기다릴테니 내게로 돌아와줘

내게 넌 like fire, cuz you light me
I miss you, I’m gonna dying
돌아와 my sunshine
내게 넌 like fire, cuz you light me
I miss you, I’m gonna dying
돌아와 my sunshine
내게 넌 like fire, cuz you light me
I miss you, I’m gonna dying
돌아와 my sunshine
내게 넌 like fire, cuz you light me
I miss you, I’m gonna dying
돌아와 my sunshine

오늘로 20 days since we undated
올지 몰랐어 love, cuz I’m a 25
무덤덤해져
oh 이 정도 되니
나 하나 챙길 여유조차 없으니
하지만 너란 사람이 내 앞에 나타나
너 하나가 내 모든 것을 다 바꿔놔
나 어지러워 이 감정은 뭔데
나 아무 것도 못하고
너 하나만 보니 왜
나 기다릴테니 너 돌아와주라
다 맞춰줄테니 너 돌아와주라
너 원하는대로
뭐든 다 해줄테니 다시 돌아와주라

그러니 돌아와줘
그러니 돌아와줘
그러니 돌아와줘
기다릴테니 내게로 돌아와줘

내게 넌 like fire, cuz you light me
I miss you, I’m gonna dying
돌아와 my sunshine
내게 넌 like fire, cuz you light me
I miss you, I’m gonna dying
돌아와 my sunshine
내게 넌 like fire, cuz you light me
I miss you, I’m gonna dying
돌아와 my sunshine
내게 넌 like fire, cuz you light me
I miss you, I’m gonna dying
돌아와 my sunshine",3
365,"자기도취 (feat. fata, Tricky Van)",레인학도,"마지막 끈
놓지 않아
이제야 겨우 갈 길 찾아
더 속지 않아
모두 다 좆까라

막힘뿐이었던 삶에서
더는 속죄 안 해
내 음악과 무대 막을
정해 필요할 무대 색깔을
지금 짊어진 무게 값의 어깨는

논제는 근거들이 될 뿐
한걸음 더 나아갈 뿐이니
나를 믿습니다

세상에서 내가 제일 싫다 해도
지킬건 내 몸뚱어리
그 외 뭐가 있니?

더 이상의 자기혐오 지워
날 아프게하던 가시돋힌 말들

듣기 싫어 도움이 안 돼 그 얘기는
실패를 두려워하지 말 것
바라는 건 단 한 번의 성공
부정이란 단어를 긍정으로 바꿔

한 번 더 생각을 해봤어
지금 할 수 있는 게 뭐가 있는지를
난 재능도 뭣도 없어
그저 버티고 기다리는 근성밖에 없어

그 과정은 다 좆같던 시간이었지
현재도 진행 중이지만
이젠 날 믿어 의심치 않아
내가 대박을 터트릴 거라는 걸

난 내가 만들고 싶은 무덤 생각 중
뒤져도 곱게는 안 뒤져 모든 대가를
치렀고, 예전과는 색다름을

그 과정이 모두 비루하고 지난
시간들이 달라질 건 없지만
이제 날 믿어 의심치 않아
하나둘씩 믿어주고 이젠 나도 나를 믿어

Am I late?
To I goin back
I kno I late
So I goin straight

가는 길은 험하겠어
나 가는 길엔 too many questions

But I don’t care, I got to go

너무 어려워
털어 이 걱정은 좀
무서웠던 적도
나도 알아 겁 같은 건

아무것도 아닐 때가 있지
지나면 다 괜찮아지겠지

Am I late?
To I goin back
I kno I late
So I goin straight

그런 걱정 말고 일단은
괜한 걱정 말고 일단은
Just keep away, keep away

내 곁에 계속 있어줘
내가 주의해야 할 건
널 실망시키지 않는 거
많은 걸 수용하지는 못해

내가 해야 할 일
실수하지 않도록 노력하는 것
좀 사람답게 구는 것
여태 모든 사람이 날 떠나갔어

난 외로워도 버텨냈어 모든 걸
뒷감당이 안돼
고독한 삶이란
피폐하기만 해
그게 이번뿐이기만 바라
제발 이런 나를 이해해 주기를 바라

네가 지금 나를 믿어주는 것만큼
날 믿어 의심치 않아
모두가 하나둘씩 믿어주고
이젠 나도 나를 믿어",0
366,나. 그. 선. 궤적. 이어져 온.,장성우,"마이크 테스트 1, 2
마이크 테스트 1, 2

지져스 라인, 다윗은 잘 탄 라인
예수님의 계보 그 위엣 라인
쭉 올라가면 하늘에 닿인
위대한 인자의 동선 그 아름다운
삶의 궤적에 구원을 받았음에
기뻐 찬송해 이렇게 시를 드리네
이 땅에 놓인 죄인들을 구원의 자리에
인도하신 대신 죽어 상처 입으신

지져스 라인, 놀라 말도 못 할
삶의 자리 그 언저리에 우리가 가 닿아
살아남았네, 성령의 잉태
땅에서의 십자가와 죽음
부활 하사 하나님의 오른 쪽으로
성령을 보내셔
사람을 인도하시는
압도적인 삶의 궤적에 우리는 말을 잃었네
다시 한 번 말해 같이 기뻐 찬송해

우린 외줄타기 선수
그 줄의 이름은 Jesus
세상엔 귀 닫고 우린 줄타기만 집중

우린 줄타기만 집중
물타기는 얼척 없는 놈들이 저지르는 실수
진실은 언제나 동전의 양'면 처럼 붙어있어
거짓말로 세상을 뒤흔들려는 놈들의 사기의
뒷면에 딱 달라붙어 있어 조금만 방심하면
그들의 속내는 다 드러나지
물론 아직까지 드러나지 않은 진실도 많지
진실을 원한다면 늘 진리를 바라야 해
그 진실이 어떤 결과를 가져올까를 봐야하지
더러운 짓거리를 감춰주라는 말은 아니지
무엇이 현명한 선택인가를 보라는 말이지
사람은 어차피 실수를 하고 용서와 이해는
더 나은 미래를 위해서 언제나 선택되어야 하는
선택이거든
어려운 말이지 그렇지?
누구의 말을 들어주어야 하는지 알 수도 없고
자기 자신이 선한 편인양 목숨 걸고 연기하는
놈들도 참 많고
그냥 네 갈 길 가라 어려운 세상
네가 할 일 하고 그걸로 말 일이라면 그대로
끝마치고
능력을 길러
양심을 팔잖고 어떤 일이든 하다보면 어느
분야든 1위 근처에는 가 있겠지 적어도

지져스 라인,
줄타기를 잘 하라는 제목이야
어느 쪽을 선택할 것인가에 대한 질문
이기도 하고 너는 기독교이니 혹은 아니니
아닌 사람이 더 많다는 걸 알지 뭐 아무튼
인생에는 여러 선택과 갈림길이 있지
누구를 믿을 거냐, 어느 노인의 뒤를
자신의 길로 삼아 따를 것인가
선배나 선생들은 다 어디로 갔는가
앞으로의 삶이 많은 아이나 젊은이라면
반드시 해야만 하는 고민들인데
역사적으로 흘러가듯 가,
라는 정우성의 그루비한 헛소리처럼
역사를 아는 건 중요하지 처음과 끝
그러니까 알파와 오메가
역사를 알려면 진짜 역사를 알만치
깊이 배워야 한단다
수 천 년 어치 사료가 남아있는데
일, 이 천년 정도의 얘기만 듣고
공부를 끝냈다, 고 하면 안되는 법인 거야
그러고 나서 분명히 알고서
선택을 하렴 늘 인생에는 반드시 답이 있단다

너는 알 걸 이미,
적어도 어떤 길을 골랐을 때 감은 올 거야
'이게 답이 아니다'라는 정도의 고민의 결론
그렇다면 어딘가에는 답이 있다는 말이지
머리 터져라 고민하고, 죽었다고 생각하고
다시 되뇌이다 쓰러져 지쳐 잠들고
다행히도 일어나고
그러다 보면 어느 날 황금같은 답을 얻을지도
모를 일이지

그러다 보면 어느 날 황금같은 답을 얻을지도
모를 일이지

그러다 보면 어느 날 황금같은 답을 얻을지도
모를 일이지

그러다 보면 어느 날 황금같은 답을 얻을지도
모를 일이지

지져스 라인, 다윗은 잘 탄 라인
예수님의 계보 그 위엣 라인
쭉 올라가면 하늘에 닿인
위대한 인자의 동선 그 아름다운
삶의 궤적에 구원을 받았음에
기뻐 찬송해 이렇게 시를 드리네
이 땅에 놓인 죄인들을 구원의 자리에
인도하신 대신 죽어 상처 입으신

지져스 라인, 놀라 말도 못 할
삶의 자리 그 언저리에 우리가 가 닿아
살아남았네, 성령의 잉태
땅에서의 십자가와 죽음
부활 하사 하나님의 오른 쪽으로
성령을 보내셔
사람을 인도하시는
압도적인 삶의 궤적에 우리는 말을 잃었네
다시 한 번 말해 같이 기뻐 찬송해",0
367,Urban bossa,Lunart,"[가사 준비중] 멜론 회원 여러분! 가사 등록을 기다리고 있어요.
가사등록하기",2
368,Missed Call,MIF,"Look at your eye
What are you waiting for?
이제 곧 시작해
There's no frightening thing at the show
뭘 더 원하는데
좋은 곳까지 와서도 왜
되려 짜증만 내
대화가 필요하지만 횅
돌아가 부리나케

Feel so down down down
night of december
Milling around round round
It's so cold like us
Call me right now
a now now
Reset my countown timer
주머니 속에 넣어

1 Missed Call
내 속을 보여줄래
I'll let you know
I'll let you know

1 Missed Call
네모 속 빨간 버튼
I'll let you know
I'll let you know

무슨 말 꺼낼지
어버버거리지않게 정한 뒤에
누른 번호 위에

1 Missed Call
네모 속 초록 버튼
I'll let you go
I'll let you go

널 더 이상 알 수 없지 한 줌의 숨마저 나눴었지만,
그 상태로 돌아가 삥 널 보지 않으면 해결이 될까
넌 보이지 않아 어디에도 그게 좀 좋았지 그래 뭐 취했나
날 바꾸려 넌 자꾸 애써 너와 난 같다가 사실 아녔나
또 전부 다 잃고선 뭐 어때
너에게 해줄 그 말이 또 뭐였나
난 겁이 좀 많아서 뒤에만 숨어서
할 수 밖에 그런 말만
난 속이 좀 좁아 넌 이해가 안 갈 수 있겠지
그렇게 매일 밤
내 빈자릴 채워줘 제발 봤던 건
뭐였나 그래 어젯밤

돌아와 방 속 꽤나 멋져
너의 말들을 전부 다 적고
너를 모른 채 살아갔다면 많이 다를까 궁금해졌어
이제 넌 나에게 베있어 하나 같잖아
너와 난 볼수록 어디 가 그렇게 빼입고
다시 돌아와 추억을 건져
됐어 더 이상 못 믿겠어 널 바라봐 넌 못 됐어
이미 널 전부 피했어
난 진심이라면 될 것만 같단 생각을 매번
해 그치만 넌 또 계속 나를 더 피해서
멀리 가지 모른 채 missed call

Feel so down down down
night of december
Milling around round round
It's so cold like us
Call me right now
a now now
Reset my countown timer
주머니 속에 넣어

1 Missed Call
내 속을 보여줄래
I'll let you know
I'll let you know

1 Missed Call
네모 속 빨간 버튼
I'll let you know
I'll let you know

Send the devil, go way
You’re still ghosting on my sins
You just ran away and left me alone
Then tragedy begins
I got drunk texted all night
It feels like my world has collided

Just let it ring ring
My mood goes like swing swing
You know that I’m bleeding
Shawty seasons change and I’m freezing

Baby come back home
Are you in airplane mode?
Took me straight to the tone
I was faded you made it
Dedicated for hatred
(Whoo)
She was drunk & just wanna fuck
Hit me like 모든 게 전부 내 탓
Why am I sinner? That's u u
네가 또 왜 울어 ㅜㅜ
Just tell me what went wrong?
We took that story way to far
끝엔 항상 prawn
빨간색을 보는 기분에
Ah 취한 걸음에 Ah 또 넘어지곤 해
Ah 집이 아닌듯해 Ah 그 낯선 느낌에
Ah One last call
Ah To. Last call
Ah ah I don’t give a fuck
마지막 인사는 yeah, good luck

Feel so down down down
night of december
Milling around round round
It's so cold like us
Call me right now
a now now
Reset my countown timer
주머니 속에 넣어

1 Missed Call
내 속을 보여줄래
I'll let you know
I'll let you know

1 Missed Call
네모 속 빨간 버튼
I'll let you know
I'll let you know",8
369,Holiday,OURBEATZ,"[가사 준비중] 멜론 회원 여러분! 가사 등록을 기다리고 있어요.
가사등록하기",1
370,SNAP TIME,한세긴 (HANSEGIN),"OK welcome to my track
And this vibe is you can not copy
Just look at our doing from now
Plan.B is here let's go
한계와 챌린지 내 적수는 나지
쓸어 담아 가지 저 우승까지
대충해도 여기 MVP
먹어치워 야지 반응부터 정산까지
저승까지 얘 나락도 락이란다
똥줄타지 가볍게 줄을 세워
뒤로 돌아 걸어줄게 넘보지 못할 수준
너와 나의 거리까지
꽉 채운 Songlist 안에 내 Versess 안에
쌓인 내 Story안에 Spotlight
쏟아내지 지루할 틈 없이
벌벌 떨어도 다 무시한 채 받아 하이라이트
간만에 혀를 풀어 라임만
계급장은 뒤로한 채 주워담아 낱말
난 말야 얼추 스쳐만 지나도
싸그리 다 쓸어 담아 브라이어의 광란
Look at my Voice and look at my style
Plan.B's here it's Snap time round
비교적 잘한다 잘한다 That's enough
다 필요 없어 속 편한 마인드
Look at my Voice and look at my style
Forever 모든 걸 걸어 with pride
Whatever 다시 또 빛나지 난
이 노래 내 stage 숨 가쁘게 dive
Snap time It's Snap time
적들을 놀래키지 매판
대충 해도 상단에 이름이 걸리지
두 번째 앨범으로 낸 랩 타임
Snap time It's Snap time
모두를 놀래키지 매판
간단하게 쳐도 이 정도 퀄리티
업계 1등이 우리 메타인지
Ay you 바로 위
태워놓은 발음이
채워 넣어 부지런히
이러니 날 따르지
I got ma flow wow
처음 본 사람마저
막 난리 치는 거 있지?
못 고치지 내 방식
player가 되어 이 바닥을 탐을 내는데여
가볍게 무시하단 니 코가 베여
보이는 것보다 우리가 좀 세요
거리낌 없게 실력으로 패요
여유롭게 태워 무대 위, 안 봐 뒤는
보여주면 되니 겸손이 무의미
눈 앞까지 박차를 가하지 데뷔는
Just warm up 외쳐 Plan.B up
Look at my Voice and look at my style
Plan.B's here it's Snap time round
그까짓 것 머릿속에 새겨줄게 우리의 sign
이게 어렵고도 쉬운 너와 나의 실력 차이
Look at my Voice and look at my style
Forever 모든 걸 걸어 with pride
이 노래 내 stage 숨 가쁘게 dive
Snap time It's Snap time
적들을 놀래키지 매판
대충 해도 상단에 이름이 걸리지
두 번째 앨범으로 낸 랩 타임
Snap time It's Snap time
모두를 놀래키지 매판
간단하게 쳐도 이 정도 퀄리티
업계 1등이 우리 메타인지
Snap time It's Snap time
적들을 놀래키지 매판
Snap time It's Snap time
모두를 놀래키지 매판
대충 해도 상단에 이름이 걸리지
두 번째 앨범으로 낸 랩 타임
간단하게 쳐도 이 정도 퀄리티
업계 1등이 우리 메타인지",118
371,남자는 돈까스 여자는 떡볶이,릴재우,"저 혹시 돈까스 좋아하세요?
아니오
그럼 제육볶음 좋아하세요?
싫어해요
아니면 떡볶이 같이 드실래요?
좋아요

남자는 돈까스 여자는 떡볶이
남자는 돈까스 여자는 떡볶이
남자는 돈까스 여자는 떡볶이
남자는 돈까스 여자는 떡볶이

난 돈까스만 먹는 남자지 삼시세끼
경양식이든 일본식이든 맛집 항시대기
제육 아님 국밥도 가끔 땡길 땐
탕후루보단 제로탄산이 맞아 내 입엔
날 좋은 날 돈까스 먹으러 가려다가
실수로 들어간 분식집에서 나오다가
어쩌다 마주친 그대 떡튀순 girl
다시 돌아들어가자 넘 이쁜걸

남자는 돈까스 여자는 떡볶이
남자는 돈까스 여자는 떡볶이
남자는 돈까스 여자는 떡볶이
남자는 돈까스 여자는 떡볶이

성격도 화끈한 그녀 떡볶이도 매운맛
미리 챙겨 위장약 너에게 인생을 배운다
가끔 돈까스가 먹고 싶은 날엔
자연스레 물어봐 “돈까스 토핑 추가해?”
너의 대답은 no 무조건 치즈 사리
그리고 메추리알은 막타를 거의 신줏단지
그래도 입가에 묻은 떡볶이 국물이 이쁘잖니
shout out to K-푸드 미국까지 진출하지

나 너를 위해서라면
아주 매운맛도 먹을 수 있어

남자는 돈까스 여자는 떡볶이
남자는 돈까스 여자는 떡볶이
남자는 돈까스 여자는 떡볶이
남자는 돈까스 여자는 떡볶이
남자는 돈까스 여자는 떡볶이
남자는 돈까스 여자는 떡볶이
남자는 돈까스 여자는 떡볶이
남자는 돈까스 여자는 떡볶이",16
372,코만도,정상수,"클럽 반얀트리 에서 처음 만나 인사 나눴던 ryyu
Nice to meet you How are you doing?
그 뒤로 몇 달이 지나고 다시 연락이 왔네
Gotta keep it moving
이게 웬 일? 감사하게도 비트를 보내줬네 그렇게 시작이 된 그와의 Song writing
작곡가 님이 고생해서 음악을 만들어줬으니 나도 힘 내야지 화이팅
ryyu와 함께 높이 날아올라보세 High Rising
끊임 없이 변화하는 BLASTA의 찰진 Rhyming
적재적소에 기발하고 신박한 단어를 배치하는 절묘한 타이밍
이건 흑백요리사 에서도 볼 수 없는 The Finest Dinning
이 노랠 듣고 있는 네게 나의 마음을 전해 랩 텔레파시 더 샤이닝 Original Masterpiece is Right Here
모든 정비와 수리를 완료하고 출고되는 Racing car Top Gear

랩 바주카포
적진을 향해 뛰어드는 코만도 랩 엔진의 마력은 사륜구동 코란도 펼치는 전략전술은 고난도 영원한 적도 동지도 없는 여긴 무간도
랩 바주카포
적진을 향해 뛰어드는 코만도 랩 엔진의 마력은 사륜구동 코란도 펼치는 전략전술은 고난도 영원한 적도 동지도 없는 여긴 무간도

압구정 로데오에 라운지 바 RIZZ SEOUL
부산 동갑내기 친구 Birthday Party
케이크 사들고 갔지 축하해주러 갔지 하나둘씩 입장하는 서울의 밤 Party people
실력파 DJ가 틀어주는 Hip hop Music
음악은 너무 좋은데 지금 이 분위기엔 술이 필요해 나는 Bar로 가서 좋아하는 Peach Crush 3 cups 일단 시켜 들고 와서
처음 보는 사람들과 뒤섞이며 잔을 부딪쳐 마셔 비워 그리고 다시 채워 im so drunken
오랜만에 느껴보는 이 기분 & VIBE YO
한껏 흥이 오른 남녀들 이 밤이 깊어갈수록 고조되며
펼쳐지는
Saturday Night LIVE SHOW 달아오른 Body & Soul
그 안에서 본 반가운 얼굴 ryyu 프로듀서
Hey 동생 이리와 같이 놀자 롱티 한 잔 들이켜

랩 바주카포
적진을 향해 뛰어드는 코만도 랩 엔진의 마력은 사륜구동 코란도 펼치는 전략전술은 고난도 영원한 적도 동지도 없는 여긴 무간도
랩 바주카포
적진을 향해 뛰어드는 코만도 랩 엔진의 마력은 사륜구동 코란도 펼치는 전략전술은 고난도 영원한 적도 동지도 없는 여긴 무간도",11
373,A Night Symphony,한승우,"리허설은 이미 충분해
Let the curtain rise
이 밤이 오길 얼마나 간절히 바랬는지
난 너의 전부를 연주할 준비가 됐어
You're my siren, pulling me deeper
Symphony의 시작이야 Let's dim the lights
눈도 감지말고 날 지켜봐 내 연주를 온전히 느껴봐

네 몸은 악기야 나는 maestro
손끝 닿는 순간 리듬은 presto
너의 선율이 울려 너의 vibe 들려
내 입술이 스치면 색감은 crescendo
너는 붓이 돼 난 화가처럼 mixin'
너의 빛깔은 나만의 exhibition
너와 함께 완성되는 composition
너라는 캔버스 위 열꽃이 blooming

한 줄씩 튕길 때, 떨려, 넌 나의 Violine
한 박자 쌓일 때, 번져, 넌 나의 Timpani
I'm your conductor, your only director
You're my muse, my hidden princess
네가 부르는 노래가 오늘따라 so fantastic
이미 난 너의 prisoner

네 숨결은 metronome 내 리듬을 맞춰
너의 vibe 올라갈 때 내 flow도 바뀌어
한 곡 한 곡 우리만의 signature
내 손길은 너의 곡선에 harmony
밤이 깊어질수록 높아지는 tone
너의 눈빛에 난 완전히 blown
Verse by verse, we write this song
너와 나의 밤 never ever fade out

둘만의 symphony 한줄기 melody
Blooming with every touch, your colors explode
너의 whisper 나를 이끄는 baton
끝없이 반복되는 완벽한 motion
너와의 밤은 나를 채우는 vibration
너의 모든 선율이 내 inspiration
You're my siren, your melody keeps me blooming

한 줄씩 튕길 때, 떨려, 넌 나의 Violine
한 박자 쌓일 때, 번져, 넌 나의 Timpani
I'm your conductor, your only director
You're my muse, my hidden princess
네가 부르는 노래가 오늘따라 so fantastic
이미 난 너의 prisoner

이 밤이 끝나도 난 네 안에 남고싶어
떨어질 수 없어, 너와 난 여전히 얽히고 설켜
Rhythm lingers, your colors bloom
별이 사라지는 새벽이 오면 내 온기를 줄게
Don't let go, just one more moment
고요 속 우리의 마지막 음을 한 번 더 연주해

Don't let go, just one more kiss
Don't let go, just one more play
새로운 Symphony를 다시 시작해",1
374,Taste My Savory,한승우,"I'm your Marie-Antoinette, your noble queen
거칠고 투박한 빵, 난 이제 못먹어
Qu'ils mangent de la brioche
지금 내게 필요한 건 달콤한 Desert
가장 화려한 드레스를 입고 네 앞에 앉아
Shall we begin the tea party?

You’re my sweetest crêpe cake
Layer by layer 한겹씩 맛을 봐
You are my chocolate apple
Layer by layer 하나씩 녹여봐
독사과 따위 Not my concern
달콤함 뒤의 Danger, I’d take
I’d gladly be Eve in Eden

Mmmmm, so yammy
Yammy yummy yammy
Sweet, sinful, savory
Bite by bite, crave all night
Mmmmm, so yammy yummy yammy

넌 나의 Tiramisu 완벽한 한 입
혀 끝을 적시는 자극적인 Rum
스푼은 필요 없어, 손 끝으로 느껴
Sweet and bitter, Silky and crisp
You’re my caramel brulée crème
쏟아지는 Delight 난 이제 Non-stop

Mmmmm, so yammy
Yammy yummy yammy
Sweet, sinful, savory
Bite by bite, crave all night
Mmmmm, so yammy yummy yammy

네가 내 목을 타고 흐를 때
붉게 터지는 Strawberry jam 입안 가득 퍼져
네가 내 몸 안에 스며들 때
Teapot 속 퍼지는 향기로운 Darjeeling
코 끝을 찌르는 Your sweetness
널 천천히 남김없이 먹어치워

스푼 따윈 필요 없어
내 손 끝으로 널 느껴
내 혀 끝으로 널 녹여
너의 부드러움 Like vanilla cream
너의 딱딱함 Like chocolate plate

Mmmmm, so yammy
Yammy yummy yammy
Sweet, sinful, savory
Bite by bite, crave all night
Yammy yummy yammy
Yammy yummy yammy
Bite by bite, crave all night
Yammy yummy yammy
Yammy yummy yammy
Mmmmm, so yammy",1
375,your voice,도화,"Please keep singing baby
Fill this room baby
미치도록 매일
worth that much baby

Please keep singing baby
Fill this room baby
미치도록 매일
worth that much baby

I hope your crying doesn't stop
sticky,fill this night
Fine, I'll do it.모든 다
We swim in the 흰색 수영장

유영해 어디든 갈수있게 깊이
궁금해 어디까지 올라갈수있지?
Let's not rap, 노래해
It's not bad, 높게

Don't spare your beautiful voice
I want to listen to it in a mono
구식처럼 보여도 짙은게 좋고
I still can't throw away my polo

more attracted 내겐 제일
아름다운 breath 재넨 패피
나 뺏길 얘기들로만 packing
이니 미리 털은거니 Again


Please keep singing baby
Fill this room baby
미치도록 매일
worth that much baby

Please keep singing baby
Fill this room baby
미치도록 매일
worth that much baby


We got the jazz
not trying to do anything grand
just play,Not 'hittin stones'
위험할거 없이 물잔으로

Don’t no one hear a sound
Don't no one look at 'bust down'
비교를 왜해 정말
재넨 근처도 못와

Madly involved 괜찮아 거품
없이도 끌어오르는중 re cord off
흔적쯤이라 생각하는걸로
어려운 가사라고 되지않아 명곡

Sing a song so that it
won't break in my arms
너가 원하다면 내일
까지도 가능해 나안(me too)



Please keep singing baby
Fill this room baby
미치도록 매일
worth that much baby

Please keep singing baby
Fill this room baby
미치도록 매일
worth that much baby",2
376,물,재영아이,"물처럼
살고 싶어
자유롭게
빛을 내는

물처럼
사랑하고 싶어
원하는 모양으로
자유롭게 변하는

나 엄청 단단한
얼음이 돼서
이 위험한 사막을 지나오려고 해
혹여나 내가 사라져도
너의 곁에 기체의 상태로 있다는 걸 기억해

물

물처럼
살고 싶어
자유롭게
빛을 내는

물처럼
사랑하고 싶어
원하는 모양으로
자유롭게 변하는

나 엄청 단단한
얼음이 돼서
이 위험한 사막을 지나오려고 해
혹여나 내가 사라져도
너의 곁에 기체의 상태로 있다는 걸 기억해

물",1
377,Yuki,로웰 스트레이트 (Lowell Straight),"이 순간을 비커에
담고 난 희석해
그리워하지 않게
아파지기 전에
비켜가주길
너 때문에
멀미가 계속돼
사랑할 수 없어 난
계속 위태롭게
날 꺼내
난 어딘가 홀린 것처럼
눈이 빛나 눈이 빛나
미숙한 날
어디론가 데려가 넌
난 어딘가 홀린 것처럼
눈이 빛나 눈이 빛나
여전히 넌
눈이 빛나 눈이 빛나
되지 못해 너의 피사체
길고 긴 시간 지나도
난 널 위해 선을 그어 집 앞에서
넌 소용없다 말해
입김 나오던 겨울 늦은 새벽
내 선택은 얼어있기만 해
넌 날 홀리려고 하지
네 시선 많이 기묘해
아마도 난 너보다 더
예전부터 사랑했을거야
시간 모든 여유 없는 나에게서
만족하긴 너무 힘들 거야
어젯밤엔 빌어댔어
하늘에 저 하늘에
눈 떠보니 한 집에 있어
아무래도 꿈이겠지만
난 어딘가 홀린 것처럼
눈이 빛나 눈이 빛나
미숙한 날
어디론가 데려가 넌
난 어딘가 홀린 것처럼
눈이 빛나 눈이 빛나
여전히 넌
눈이 빛나 눈이 빛나
이미 넌 알고 있던 것 같아
나의 속까지
길 잃은 밤이었어
넌 날 가두고 구한
사람이 됐어
사람이 됐어 내
사랑이 됐어
사랑이 됐어 내
사람이 됐어
난 어딘가 홀린 것처럼
눈이 빛나 눈이 빛나
미숙한 날
어디론가 데려가 넌
난 어딘가 홀린 것처럼
눈이 빛나 눈이 빛나
여전히 넌
눈이 빛나 눈이 빛나",20
378,Supercar Plus Poor Life,아이드플레이,"내가 새로 뽑은 이차 어때 고급슈퍼카잖아
연식 키로수 묻지마 내 전 재산 털어 샀어
환영해줘 내 무덤까지 갖고갈 my Used car
기름값 수리비 유지비 부담에 살살 몰아야돼

차 사기 전에 선택 장애로 고생 좀 했지
세상엔 갖고 싶은 차가 너무나 많더라고
시승 할때마다 더 좋은 차가 눈에 들어와
예산 부족으로 고금리 대출까지 받았어

월급 버는 족족 먹어치우는 내 애마 supercar
의식주의 질이 순식간에 바닥으로 떨어져
옷 사입을 돈도 없어 매일 같은 fashion style
날 조롱하듯 크렁크렁 웃는 this is my supercar
Oh ooh oh ooh oh yeah mmm ooooooh
Oh ooh oh ooh oh yeah mmm ooooooh

실증나서 팔려고 하니 다들 값을 후려쳐
산지 얼마 안된 차인데도 사기당한 것 같아
단기적 쾌락을 노렸던 선택의 댓가인걸
사긴 쉬워도 팔긴 어렵단 교훈을 얻었네

월급 버는 족족 먹어치우는 내 애마 supercar
의식주의 질이 순식간에 바닥으로 떨어져
옷 사입을 돈도 없어 매일 같은 fashion style
날 조롱하듯 크렁크렁 웃는 this is my supercar
Oh ooh oh ooh oh yeah mmm ooooooh
Oh ooh oh ooh oh yeah mmm ooooooh

누군가 차보다 집을 먼저 사라 조언을 했었는데
남의 집 월세 살더라도 supercar를 타고 싶었네
그러니 날 너무 책망하지마 그렇게 비난하지마
나도 시간을 되돌릴수 있다면 집 먼저 사겠지만

월급 버는 족족 먹어치우는 내 애마 supercar
의식주의 질이 순식간에 바닥으로 떨어져
옷 사입을 돈도 없어 매일 같은 fashion style
날 조롱하듯 크렁크렁 웃는 this is my supercar

Supercar plus poor life mm
ooooooh
Oh ooh oh ooh yeah
Luxury cars poor life mm
ooooooh
Supercar plus poor life mm
ooooooh
Oh ooh oh ooh yeah
Luxury cars poor life mm
ooooooh

월급 버는 족족 먹어치우는 내 애마 supercar
의식주의 질이 순식간에 바닥으로 떨어져
옷 사입을 돈도 없어 매일 같은 fashion style
날 조롱하듯 크렁크렁 웃는 this is my supercar

Oh ooh oh ooh oh yeah
Luxury cars poor life
ooooooh
Supercar plus poor life mm
ooooooh
Oh ooh oh ooh yeah
Luxury cars poor life mm
ooooooh",1
379,Stranger,TOG,"im sad it got me drunk
just black out like a stranger
i forgot your promise
step back, i go now your home

geekin up so cloud
만지고 있지만 다른
여자에겐 못느끼는걸

party off a get down
you never face on
i just make it love song
i know u ain't hear my song

you could be a lie
let me in your 맘
넌 한번이라도 날 think and cry?

한번은 Think of me and cry
이제는 떠올리기 지쳐서 Im blind
이대로 Drownin’ in, Im sinking, hold me tight
비슷한 여자는 이젠 Sick of these all lies

Im a stranger, I got sadness on mind
In danger, I couldn’t tell, I was so blind
Just pour that shit off
태연하게 목메게 하지 넌 달리
구태여 내 마음에 들어와서 어질러놔 왜 Darling

Oh, Its so bad, darling. Is it too late?
Caught in my ways, don’t test, don’t blame
말해줘 내게 이기적인 속내
난 그런 새낀 못 돼서 내가 졌어 또 왜

I don’t wanna be extra, 내게 또 넌
결국 날 아프게 할 거라 곁을 떠나

이젠 나도 Cannot stay
Now I cannot stay
Thinkin' bout her, let me stay
Still I wanna stay

im sad it got me drunk
just black out like a stranger
i forgot your promise
step back, i go now your home

geekin up so cloud
만지고 있지만 다른
여자에겐 못느끼는걸

party off a get down
you never face on
i just make it love song
i know u ain't hear my song

you could be a lie
let me in your 맘
넌 한번이라도 날 think and cry?",1
380,아마추어,비행,"비행 On stage

여전히 아마추어

트랜드 못 맞춰

나 혼자 old-school

90's swag에 드럼은

항상 Boom Boom

멀지 않았어 밑바닥과 입맞춤

Microphone 수익은 90 cent,

On stage도 same

Never ever never ever

이대론 평생

실업자 신세가 돼

얼레벌레 핑계가 된

음악이 아닌데

재련해둔 나를 갈어

전혀 새련되지 않아도

내 목소리가 세상에

닿을 수가 있을까?

Pow!

Fuck hit em up과

Fuck you world

를 외치던 그 시대의

westcoat 스타에게

얻은 용기 어느새부터는

두렵지 않네 비록

결과적 증명이 없다하더라도

저질러보는 게 Stlye인 삶

뭐가 두려울까

진부하긴 해도

나는 다음 세대 탑

내가 선도할 문화, 예술 안

나의 태도의 대한 말은

안나오게 함 ya

beat 위에 내가 올릴 건

이 게임 위 name 아닌 story,

껍데기 아닌 우리 안

눈물이 가린 시야

그 밖을 노래할테니

귀만 열어둔다면

누리겠지 전율의 특권

who am I? 부터

터트린 나의 고민의

rhyme들은 아직도

내 가사들이 되며 태도가 돼

과정을 만들어 준

사람들 얼굴

자랑스러움으로

가득차게 만들어 줄거야

더 바라는 것 들은 따라오는 덤

레슨으론 절대 배울 수 없네

못 배운 티만의 멋,

그 속의 고충 상황은 전부

깨끗하게 끝났어 감정만

남은 가족간의 싸움은

산에 담배꽁초 같지 Woah!

아마추어야 아마추어

Cause I'm an extra now, but

갖고 왔어, 시간과 my story ho

다만 외로움과 나 또한

장담하지 못해 내 성공

그저 추억으로만 써?

아마추어야 아마추어

Cause I'm an extra now, but

갖고 왔어, 시간과 my story ho

다만 외로움과 나 또한

장담하지 못해 내 성공

그저 추억으로만 써?

아마추어와 프로의 차인

결국 누가 마지막까지 남는지에

따라 갈리지, 의심치 않아

결국 깃발의 주인은 성실함이고

이는 전부 빛 바랜 녹슨 이름들이

증명한 fact 이건

내 경험에서 얻은 교훈

열다섯의 기억은 넘 추워

허나 지금 나의 step은

계속 한결같이 넓어져

누가 적? 누가 친구?

누가 얼마나 버는 지

누가 나랑 척을 두고

거릴 두려 하는 지

따지지 않지

이젠 마음이 한결 가벼워

부담을 가질 필요 없다는 걸

알아버린 지금의 난 세 번의

싱글을 발매, huh

찡그리지 않네 전

보다 훨 자연스러운

Smile과 rhyme,

나의 음악 안 vide

가을 산불 같은 fight,

조만간 저물 감정 안

빠진 나를 구하러 다시

힙합 드럼 아래 scuba dive

바다같은 삶을 drive하는

바보같은 아마

추어야 아마추어

Cause I'm an extra now, but

갖고 왔어, 시간과 my story

껍데긴 아닌 Flow,

자만하지 않는 법,

나를 신뢰하는 벗,

시작은 작고 넘어져도

다시 일어나는 것

아마추어야 아마추어

Cause I'm an extra now, but

갖고 왔어, 시간과 my story

껍데긴 아닌 Flow,

자만하지 않는 법,

나를 신뢰하는 벗,

시작은 작고 넘어져도

다시 일어나는 것

Never ever never ever

Never stop my travel

Never ever never ever

Never stop my travel

Never ever never ever

Never stop my travel

Never ever never ever

Never stop my travel

Never ever never ever

Never stop my travel

My rap? ha...sick",39
381,모닥불(Feat.김단) (Prod. Dgmz),부스(boos),"얼었던 내 마음에
따듯한 햇살 비친 날
그대가 녹여준 이 마음을
간직하고 아끼고 있는
내 고백을 들어줄래요?
잘난 것도 없던 내게
그대가 웃어주어
행복했다는 걸 알까요?
여전히 그때 그 자리를
지키고 있어요 날 받아줘요

우리가 처음 만난 그 계절은
아직 패딩을 벗기엔 아직 쌀쌀한
4월에 어느 예쁜 날
그대와 눈이 마주쳤죠
(마주친걸)
처음에는 관심 없었는데
사소한 행동들이
눈에 보이기 시작하고 나서
그때서 깨달은
이런 게 사랑인 거겠죠?

얼었던 내 마음에
따듯한 햇살 비친 날
그대가 녹여준 이 마음을
간직하고 아끼고 있는
내 고백을 들어줄래요?
잘난 것도 없던 내게
그대가 웃어주어
행복했다는 걸 알까요?
여전히 그때 그 자리를
지키고 있어요 날 받아줘요

참 희한해 시간이 멈추었던 듯하고도
겉잡지 못하게 빨라졌던 마음
날 더 강하게 때론 연약하게
만들어주었던 그런 사랑이었습니다
수많은 사람들 속에
나의 목소리를 들어주었던
봄이 다시 오기 전
그대에게 전하고 싶었던 것

얼었던 내 마음에
따듯한 햇살 비친 날
그대가 녹여준 이 마음을
간직하고 아끼고 있는
내 고백을 들어줄래요?
잘난 것도 없던 내게
그대가 웃어주어
행복했다는 걸 알까요?
여전히 그때 그 자리를
지키고 있어요 날 받아줘요",5
382,12월 26일,Artyoncanvas (아티온캔버스),"너 없이는 못 살겠어 이 겨울
왜 사랑한다 먼저 말했어
멀어지는 너
'나 너무 추워'
답 하나 없어

동화 속 한 장면 같았어
눈 오는 겨울 속의 너와 나
춥다며 내 품 안에 가득 안겨
제일 따듯하다 말했잖아

너랑 갔었던 그 거리를 기억해
너랑 봤었던 작은 트리까지도
우리 사진도 어색하게 찍었네
그때도 조명만 가득한 밤이었어

같은 자리, 너 없는 밤이
지겨워 많이
다른 자리, 너 아니면 안돼
한번만 불러줘 자기

같은 자리, 너 없는 밤은
내게 너무 아파서
다른 자리, 너 아니면 안되는거
너도 알잖아

너 없이는 못 살겠어 이 겨울
왜 사랑한다 먼저 말했어
멀어지는 너
'나 너무 추워'
답 하나 없어

너 없이는 못 살겠어 이 겨울
왜 사랑한다 먼저 말했어
멀어지는 너
'나 너무 추워'
답 하나 없어

울고 웃었던 계절은 갔고
남은건 25일 하루살이 트리같아
눈 올때면 풍경 같이 보자며
미련 하나 없지
눈이 쌓였는데 밖엔

네 어제는 맑을거고
내일도 흐렸네
별이 내릴까 싶어
또 눈물 흘리곤 해

내 눈에 넣어도
아프지 않을 너인데
꺼낼 수 없는 사실이 내게는 더 아퍼

같은 자리, 너 없는 밤이
지겨워 많이
다른 자리, 너 아니면 안돼
한번만 불러줘 자기

같은 자리, 너 없는 밤은
내게 너무 아파서
다른 자리, 너 아니면 안되는거
너도 알잖아

너 없이는 못 살겠어 이 겨울
왜 사랑한다 먼저 말했어
멀어지는 너
'나 너무 추워'
답 하나 없어",2
383,Perfect Love,키디비 (KittiB),"love,
my love
you're my world
그대와 함께한다면
저 어떤 벽과 덫도
모두 ain't no matter

날 더 강하게 하죠
oh 그 손을 잡기 위해

run it
너무 많은 거짓 사랑 속에서
찾은 Perfect Love

I'm not lonely
그대와의 surfing
거대한 파도를 가르고
우리의 꿈을 향해 가
I pray for


love,
my love
you're my all
전부가 되어줬죠
폭풍도 사막도
정말 모두가 nothing matters

거짓 사랑들은 이제 모두 bye bye
많은 길을 돌고 돌아 드디어 만난
이 사랑, 그 방황마저 잠잠히
안아주는 유일한 존재, 내 자랑이 되어 주기에
내 영혼의 쉼
폭풍 속에도 나를 품으신
전과 같지 않게 되는 magic
이런 건 내 힘이 아닌 듯해
feels like power of love
불가능마저 뛰어넘어
so nice
so kind
따스함은 내 온몸을 감싸
바람을 탄 듯이 매일을 날아
이런 불안이 없는 삶 속에
살아간다는 건 너무나도 축복 같아

그 사랑은 불길 속으로 뛰어들게 해
거센 파도를 보고도 그저 미소를 짓게 해
그 사랑은 가시밭길도 뛰어가게 해
그 사랑은 나를 꿈꾸고
또 숨 쉬게 해
that's our faith

run it
너무 많은 거짓 사랑 속에서
찾은 Perfect Love

I'm not lonely
그대와의 surfing
거대한 파도를 가르고
우리의 꿈을 향해 가
I pray for Love

그대는 나의 용기
당신은 나의 구원
다른 무엇도 필요치 않네
YOU’RE THE ONLY ONE, LOVE OF LOVES.",52
384,Hammock (feat. bee),타미즈 (Tamiz),"Never Say Never
나한테 떠난단 말 말아줘..
네벌 세 네벌
너를 위해 옷을 자꾸 사는 걸..
헤벌레 해요 너의 앞에서
한 껏 멋을 내고서
해먹이 돼 줄게..

Never Say Never
나한테 떠난단 말 말아줘..
네벌 세 네벌
너를 위해 옷을 자꾸 사는 걸..
헤벌레 해요 너의 앞에서
한 껏 멋을 내고서
해먹이 돼 줄게..

케케묵은 해먹
밥은 너를 위해 해먹어
너를 감동
시킨 거야 메이커
옷을 사 입어
그건 패피인 너를 위한 해법
오늘 몇 도야?
그런 거 신경 안 쓰는 내가 Googling해
나 어른이네
버릇이 되게끔
피할 수 있게 너가 지뢰를

지뢰 찾기 해
폭탄 제거 반 이네
조만간 돈 나오면 또 맛있는 거 먹자 해
난 널 위해 투자 저작권 eh
아무거나 못해
그런 거 없네
내가 벌게
Coupang이라도 해

Never Say Never
나한테 떠난단 말 말아줘..
네벌 세 네벌
너를 위해 옷을 자꾸 사는 걸..
헤벌레 해요 너의 앞에서
한 껏 멋을 내고서
해먹이 돼 줄게..

Se siente en el ambiente
Ya llegó la navidad
Contigo tengo todo y más
I love you no matter what

Aún en la distancia
Nada nos podrá parar
Hemos hecho este nuestro hogar
Nuestro amor perdurará

오핸마
아무한테나 이런 건 아냐
나도 시간 아까워
남아나지 않아 자원
너한테만 발휘 파워
그러니까 내 노력을 봐줘
가상하다면
쓰다듬어줘
쓰다듬어줘
쓰다듬어줘

Never Say Never
나한테 떠난단 말 말아줘..
네벌 세 네벌
너를 위해 옷을 자꾸 사는 걸..
헤벌레 해요 너의 앞에서
한 껏 멋을 내고서
해먹이 돼 줄게..",23
385,LIFT IT UP (Prod.by Benny Bennefit),1Kyne,"Where would I be without you
Noone can do it like you do
Ruler of the universe
Noone above you and that’s the truth
I’m tryna lessen my sins everyday
I’m tryna walk in your ways
You put the spark in my soul
When I’m feeling low
You’re everything that I need
I got a King that can walk on water
Defeated death when noone could
Ima give you all the praise and the glory
Lord you’re so good good
To the top we going
Evil forces they knowing
He took me out the darkness
That peace inside me forever flowing
demons try to come and slay
But I say no way
I got the King by my side
He told me everything gona be okay okay
Cause of your grace I’m alive to see today
You split the waves you made a way
Always on time you’re never late

The heavens cheering
Lord we praise your name
Got the angels singing
Hallelujah King
We lift it up We lift it up
Lift it up to you
The heavens cheering
Lord we praise your name
Got the angels singing
Hallelujah King
We lift it up We lift it up
Lift it up to you


You got the number one spot
어둠은 그분에게 밥
어려움은 그분에게 싹
pray it up many nights 어제도 오늘도 기도했다
bright lights look around
angels all around me
찾아보면 흔적 보여 you’re right next to me
what i be living for now
you may never know
Listen real close youngin 정신차려
Truth be told
who gon top this, 어떤 상황도
허둥지둥해도 난 same o
길을 걸어 I go narrow
I be on that one way road
you can be the main role
cause i be the sparrow
걱정안해 아무것도 Worry 하지 않아도 되
Floating like an astronaut
공중에서 수영 everyday
Bringing us back to the flock
All the way God
All the way God

The heavens cheering
Lord we praise your name
Got the angels singing
Hallelujah King
We lift it up We lift it up
Lift it up to you
The heavens cheering
Lord we praise your name
Got the angels singing
Hallelujah King
We lift it up We lift it up
Lift it up to you

What you know about my GOD
Yeah you know he on top
Can’t stop us yeah you know
We here to flex the rock
Oh Lord

The heavens cheering
Lord we praise your name
Got the angels singing
Hallelujah King
We lift it up
We lift it up",15
386,Bad Christian,허민성 (WAVY),"Bad Christian Mr. WAVY
Fuck Drug Devil You Can't Never Kill Me
I Don't Need A Drug 약도 악마 새끼도 날 못 죽이지
난 악마까지 담궈버릴 만큼 미친 새끼
그래 맞아 난 4년간은 계속 Drug Addict
이었지만 이젠 정신 차리고서 전부 Killing This Shit
내 사람 내 형제 내 가족 내 친구 지키지
사랑이 첫째 예술 두 번째 난 절대 안 되지 유다 새끼
내 사람 내 형제 내 가족 내 친구 지키니 Bitch
하나님 말고는 나를 절대 못 이겨
악플이나 달아 너는 부정해도 난 이미 Rap Master
Hero는 이 세상에 없어 최고가 못 될 바엔 최악이 되겠어
Yes I'm A Villain Yes I'm A Bad Christian
악마도 약도 날 죽이지 못해, 뻔하지 성공
Artwork And Mix/Master
혼자 전부하는 새끼 내 작품 나온 곳은 집 겸 Studio
병신들 약빨 시간에 가사 한 줄이라도 더 써
난 절대 안 하거든 Snitch
너네는 고자질하기 바쁜 Pussy 새끼
난 절대 안 하거든 Snitch
너네는 고자질하기 바쁜 Pussy 새끼
Best Of The Best Rapper
6개월짜리 연예인들 어디 있어 Album
저능아들 놀 때 항상 나는 증명했어
쌓여있는 내 Discography부터 보고 와 우선
난 절대 안 하거든 Snitch
너네는 고자질하기 바쁜 Pussy 새끼
Best Of The Best Rapper
6개월짜리 연예인들 어디 있어 Album
저능아들 놀 때 항상 나는 증명했어
Bad Christian Mr. WAVY
Fuck Drug Devil You Can't Never Kill Me
I Don't Need A Drug 약도 악마 새끼도 날 못 죽이지
난 악마까지 담궈버릴 만큼 미친 새끼
그래 맞아 난 4년간은 계속 Drug Addict
이었지만 이젠 정신 차리고서 전부 Killing This Shit
내 사람 내 형제 내 가족 내 친구 지키지
사랑이 첫째 예술 두 번째 난 절대 안 되지 유다 새끼
내 사람 내 형제 내 가족 내 친구 지키니 Bitch
Hater 새끼들 고맙다 덕분에 그 달 정산이 짭짤하더라
약 값에 1000 음악에 800 네 새끼 수입이 내 약 값
넌 제발 약이라도 해서 약 값 벌려 일 좀 해라 백수새꺄
병신들이 걸었다는 게 끽해야 씨발 고작 엠창?
정신 나간 미친놈인데 실력은 더 미쳤어
내 태돈 한 번도 변한 적 없지 계속 Keep It Real
이 바닥에서 HipHop 다운 HipHop 하는 Rapper
요즘은 존나 당연한 게 멋있어졌어
정신병, Drug Addict, Devil, Hater 전부 이겼네
병신들 돈 한 푼 준 적은 있냐 부모님한테
중1 때부터 매년 생일마다 50씩 줬네
Rapper라 말하고 다니지 마 넌 걍 Rapper 지망생
Rap 한지 어느덧 8년
수많은 Risk 달고서
몇 년을 발악해 이겼어
도와준 수많은 인연
오직 감사드리지 하나님께
3살 때부터 18년간 Still I Pray
오직 감사드리지 하나님께
3살 때부터 18년간 Still I Pray
Bad Christian Mr. WAVY
Fuck Drug Devil You Can't Never Kill Me
I Don't Need A Drug 약도 악마 새끼도 날 못 죽이지
난 악마까지 담궈버릴 만큼 미친 새끼
그래 맞아 난 4년간은 계속 Drug Addict
이었지만 이젠 정신 차리고서 전부 Killing This Shit
Bad Christian Mr. WAVY
Fuck Drug Devil You Can't Never Kill Me
I Don't Need A Drug 약도 악마 새끼도 날 못 죽이지
난 악마까지 담궈버릴 만큼 미친 새끼
그래 맞아 난 4년간은 계속 Drug Addict
이었지만 이젠 정신 차리고서 전부 Killing This Shit
내 사람 내 형제 내 가족 내 친구 지키지
사랑이 첫째 예술 두 번째 난 절대 안 되지 유다 새끼
내 사람 내 형제 내 가족 내 친구 지키니 Bitch",11
387,너와 그린 그림,찬CHANN,"Cut the music up
A Lil' loud

사랑이 식을 때. 잊은 내
머릿속에는 '이쯤 되면 came message'
시원해 아니면 신선해

혼자 마시는 공기가 이리 좋은지

폰을 키면 너의 사진이 보여
1년 전이었다면 아마 보고 오열
우리는 서로를 속여, 근데 기분이 좋아

내가 후회 할 때는 이미 늦은 걸


다시 너가 그리워, 다시 너가 그리워
너의 마음을 훔치려. 알아 그런 남자가 많지

우리 그 그림 다시 그려보자
우리 그 그림 다시 그려보자
너와 그린 그림 너무 좋아
This melody is for ya

너가 다시 그리워, 너가 다시 그리워
너의 마음을 훔치려. 알아 그런 남자가 많지

우리 그 그림 다시 그려보자
우리 그 그림 다시 그려보자
너와 그린 그림 너무 좋아
This melody is for ya


방금 말한 기분이 이리 무너져
요샌 세수 안 해도 고개가 숙여져
너가 날 떠난 그날 밤 난 울었고
울었고, 울었고

머릿속에선 너와 춤 춰
난 항상 너와의 꿈꿔

그 시절이 벌써 2년전
정확히 말하면 1년전


다시 너가 그리워, 다시 너가 그리워
너의 마음을 훔치려. 알아 그런 남자가 많지

우리 그 그림 다시 그려보자
우리 그 그림 다시 그려보자
너와 그린 그림 너무 좋아
This melody is for ya

다시 너가 그리워, 다시 너가 그리워
너의 마음을 훔치려. 알아 그런 남자가 많지

우리 그 그림 다시 그려보자
우리 그 그림 다시 그려보자
너와 그린 그림 너무 좋아
This melody is for ya",2
388,부르르 ... (lemonade),소파클럽,"I mixed up two cups of lemonade
I mixed up two cups of lemonade
I mixed up two cups of lemonade

I mixed up two cups of lemonade
Hop on a coupe 나눠 내 팀에게
Sparkling up 살짝 떨리네
한잔 두잔 하니 좀 나른해
She mixed up two cups of lemonade
Hop on a uh, 과연 어디에
When she going down under my 1 meter
몸이 부르르 떨리네

그녀가 내 곁을 떠날때
내 옆엔 아무도 없었네
아무것도 모르는 너한테
내 맘을 다주고 싶었네

I got destroy, lone yah
아까 shawty body cold yah
빛이 온줄 알았어 yah
imma pouring in ma huh ya

imma pouring in ma huh
shawty seem like fuck
i dont wanna make it love
여전히 walk
예전엔 난 조금 놀아버렸지만 그건 내 강화재료 huh, yeah, yeah
홍대 상수 합정 내 손등엔 Purple, Brown
내 손목엔 퍼플 타투가 huh
내일이면 지워 난 keep it low

yeah, yeah, yeah, 소파클럽 계속해 갱신 woah
소파클럽 하지않아 배신, uh
Look at that bitch thicc tho huh huh
Look at taht bitch how thicc huh huh
그녀랑 fade it, oh ya ya
둘이서 해 취권, oh ya ya

I mixed up two cups of lemonade
Hop on a coupe 나눠 내 팀에게
Sparkling up 살짝 떨리네
한잔 두잔 하니 좀 나른해
She mixed up two cups of lemonade
Hop on a uh, 과연 어디에
When she going down under my 1 meter
몸이 부르르 떨리네

(Let’s go c yun)
(SOFA CLUB exclusive)",3
389,Need no friend/fams,Vimo Lanteshi,"Don't need no friend
and I Don't need no fams
내 이름앞에 붙은 기대치 100
공연끝나 첫차타고 밤에는 눈아픈 클럽으로

내 친구 떠나갔고 가끔 술이 땡기고

Don't need no friend
and I Don't need no fams
내 이름앞에 붙은 기대치 100
공연끝나 첫차타고 밤에는 눈아픈 클럽으로

내 친구 떠나갔고 가끔 술이 땡기고

내 노래가 수백개
벌스만 따짐 거의 월마켓
stupid 너 뭘 원해
다 줄게 너는 말만해

다 털어 내 공연 pay
내 더러운 발에는 airmax
STU는 날 뜻해
그래서 난 몰라 나밖에

ShuT Up 넌 좀 입 좀 닫아
너무 시끄러 like 2-4반
나 원해 많은 돈 진짜로
아니여도 오바마

웨이예 전부 where u at? 에휴
잠도 못자서 하품 더 가야돼
왜냐면 난 거품

나 왜케 외롭지 요즘에
주변에 있는거는 방해
일이 잘 안풀리면 화내
나였어도 떠나 진작에

Don't need no friend
and I Don't need no fams
내 이름앞에 붙은 기대치 100
공연끝나 첫차타고 밤에는 눈아픈 클럽으로

내 친구 떠나갔고 가끔 술이 땡기고

Don't need no friend
and I Don't need no fams
내 이름앞에 붙은 기대치 100
공연끝나 첫차타고 밤에는 눈아픈 클럽으로

내 친구 떠나갔고 가끔 술이 땡기고",0
390,피시방이나 가자,장정원 GDN,"Yeah 12월 25일
올해도 찾아온 기념일
이번엔 좀 다를까? 했지만
왜 우리만 혼자일까? 또

NOPE! 친구들 다 불러
피파나 하자고 이참에
GO 좋은 자리로 출석
만들어졌잖아 피방팸

피시방이나 가자
뭐 다를 게 있냐? 레디나 박아
피파 버닝 go 롤 승급전 go
커플 알빠노? we're not alone Yeah Yeah

피시방이나 가자
뭐 다를 게 있냐? 레디나 박아
피파 버닝 go 롤 승급전 go
커플 알빠노? we're not alone Yeah Yeah

속보 속보 여기는 고추밭
어디 피시방이 좋을까
회의를 하다가 결국 다
알바생을 보면서 고른다

커플석 주변을 기습해
미드를 맡은 첫 게임은 롤
너네가 손 잡고 있을때
난 잡아야 돼 상대 야스오

목표는 골드를 찍기
근데 뭐해 정글 민준식기
정글이 미드도 챙길줄 모르니
너가 여친이 없지 빙시나

돌아온 대답 하나
너가 할 말 아냐 모솔새X 아닥
어쨌든 GG 승리한다
보내는 중이지 최고의 크리스마스

피시방이나 가자
뭐 다를 게 있냐? 레디나 박아
피파 버닝 go 롤 승급전 go
커플 알빠노? we're not alone Yeah Yeah

피시방이나 가자
뭐 다를 게 있냐? 레디나 박아
피파 버닝 go 롤 승급전 go
커플 알빠노? we're not alone Yeah Yeah

몇 시간째 흐르는중인 피시방
벌써 5분밖에 안 남았어 시간
집에 와서 못 본 인스타를 킨다
tlqkf ㅎㅎ

사실 존X 부럽다
나도 롯데월드 갈 돈은 있다
여자는 where? 똑같애 매번
피시방에서 게임이나 계속 한다

난 홍석천이 아닌데
왜 이날마다 게이소리를 듣네
난 이제 모르겠고 잘 놀아 알아서들
그래 난 오늘도 남자들과 저 피시방이나 간다",13
391,Do you love me?,남태우 (NamTaeWoo),"Do you love me?
구차하게 묻고 싶어 오늘만
이 말이 어색해
이 감정의 깊이를 알기에는
나는 아직은 너무 어린데
어른인 척 사랑을 연기해도
서투른 티가 나는데
아직 시간이 부족한 건지
도무지 떠오르지가 않네
모르겠어 이거 진짜
너를 나를 정말
do you love me?
아니면 단지 그냥
이 분위기 때문에
말을 하는 건지

하루, 이틀이 지나도 풀리지 않네
대화로 풀수록 문제는 야기돼
넌 왜 남 시선에 더 신경 쓰는데?
어쩌면 우린 시간이 더 필요해
봄이 지나 여름, 가을 또 겨울
왜 이렇게 된 지
알고 싶어져 더욱
우린 같은 생각을
가진 걸 수도
물어 오늘도

Do you love me?
구차하게 묻고 싶어 오늘만
이 말이 어색해
이 감정의 깊이를 알기에는
나는 아직은 너무 어린데
어른인 척 사랑을 연기해도
서투른 티가 나는데
아직 시간이 부족한 건지
도무지 떠오르지가 않네

CGV 앞,
CG 같은 상황 속에
영화인지 분간도
안되던 시간 속에
너와 나를 감싸 안고 있어
갇힌 것 같아 단둘이
더욱 삐딱하게
나오는 태도 때문에
자존심 따윈 버리고 싶진 않네
넌 뭘 잘했냐고 큰소리냬
나도 이러고 싶진 않았는데
이 정도 사이밖에 안되는 거냬

무슨 말부터 꺼내야 할지,
오늘 밤은 또 무사할지,
겨우 마무리된 싸움 뒤엔
서로를 안으며 또 물어보네

Do you love me?
구차하게 묻고 싶어 오늘만
이 말이 어색해
이 감정의 깊이를 알기에는
나는 아직은 너무 어린데
어른인 척 사랑을 연기해도
서투른 티가 나는데
아직 시간이 부족한 건지
도무지 떠오르지가 않네
모르겠어 이거 진짜
너를 나를 정말
do you love me?
아니면 단지 그냥
이 분위기 때문에
말을 하는 건지",3
392,Na. (feat. David Kid),Hundred Śixx,"이제는 내가 I will beat you
지켜야해 내 맘속 Diamond
아대론 안돼 I can't loose you
Loose you
Yeah


You didn't know
cuz i can say ""no""
새로워진 난 아냐 ""노예""

You didn't know
cuz i can say ""no""
뭐든간에 참견은 No way


너도할수있어 do
I can not believe that
너에게 할말이 수많은데
빡세게 달려
I can not change for u
형의 입장이 중요해
새로워진 나를 위해

지켜야해 넌 어때
같이 피워야하는 담배

내가 입던 BAPE from JP
손목엔 tag 다음 AP
수틀리기전에 cp company

목엔 ice
So many tights
기분이 좋아 so nice
목엔 ice
기분이 좋아 so nice

나는 나일 뿐이야
거짓없이 살아가는걸 택해

나는 나일 뿐이야
내 빛은 사라지지 않아

나는 나일 뿐이야
난 너무 강해졌어 Too tough

나는 나일 뿐이야
나인채 살아가는걸 택해


이제는 내가 I will beat you
지켜야해 내 맘속 Diamond
아대론 안돼 I can't loose you
Loose you
Yeah


내 시간은 사라지고 있어 멀리
뼈저리게 느끼고 있어 i’m fallin’
너와 함께한 난 수없이 날
실망시키고 도망갔어 저 멀리

매번 같은 태도
그러지 말라는 데도
You always make me undo
Love is complicated
오지말라고 해도 오는 내일이



이제는 내가 I will beat you
지켜야해 내 맘속 Diamond
아대론 안돼 I can't loose you
Loose you
Yeah


You didn't know
cuz i can say ""no""
새로워진 난 아냐 ""노예""

You didn't know
cuz i can say ""no""
뭐든간에 참견은 No way


이제는 내가 I will beat you
지켜야해 내 맘속 Diamond
아대론 안돼 I can't loose you
Loose you
Yeah


이제는 내가 I will beat you
지켜야해 내 맘속 Diamond
아대론 안돼 I can't loose you
Loose you
Yeah",3
393,My dream,Faxy,"언젠가 나도 괜찮아질 거라는 말을 믿고선
그날부터 나는 가수라는 큰 꿈을 상상하며
작은 날개를 펼치고
어렸을 때의 롤 모델
늘 그걸 따라가기 위해
올라가고 싶어 해
너무 작았던 나는 높은 줄도 몰랐지
성인이 되면 누구보다 멋있게 살 줄 알았던 어린 날의 나에게 미안해
(아직 한참 멀리 있는 것 같애)
난 몰랐어
반짝하고 사라지는 노래들 사이
난 몰랐어
보여줘야 하는 내 모습은 과연
난 몰랐어
어떻게 보여줘야 할지 사람들이 실망하지 않을지
난 알았어
난 알았어
모두가 날 인정할 수는 없어
내가 가진 꿈들을 모두 이룬다 해도
난 알았어
난 알았어
어렸을 때 나의 꿈들은
모두 거품 투성이였단 걸
Oh my dream is not come true
Oh my dream is not come true
Where is my dream?
I don’t know what I mean
I don’t even know what to believe now
Oh my dream is not come true
Oh my dream is not come true
Where is my dream?
I don’t know what I mean
I don’t even know what to believe now
이제 더 이상의 실수는 없어
스스로 일어나야 할 때야
따뜻한 포옹도
반가운 얼굴도
저 멀리에서 바라봐 줬으면
생각만 해도 지겨운 내 고민들
현실로 마주한 무거운 벽은
하루도 빠짐없이 나를 무겁게 만들었어
계속된 실수는 독이 되었고
그게 내 모습이 되어서
날 나쁜 사람으로 만들었지
내 스스로 말야
반쪽이 부러진 날개로
‘나 이제 잘 살아’라고 말할 수 있을 때까지 살아 볼 테니
먼 그곳에서 기다려줘
Oh my dream is not come true
Oh my dream is not come true
Where is my dream?
I don’t know what I mean
I don’t even know what to believe now
Oh my dream is not come true
Oh my dream is not come true
Where is my dream?
I don’t know what I mean
I don’t even know what to believe now",2
394,지나간다,Iris,"우리가 걷던 이 거리가
너무나 춥고 시리구나
같이 듣던 이어폰 한쪽과
식어버린 핫팩을 품에 안아
멀어져버린 우리 거리와
혼자 남아서 멜로디 안
변해버린 내 모습을 찾아
우리 다시 돌아가지 않을래
밥값도 못해 나 술에 취해
매일밤을 걸어 혼자서 외롭게
홀린듯 비슷한 몰골을 보면
나 또한 설레지 baby I'm miss that
좋은 음악을 들어도
기분이 변치 않아도
그래도 괜찮을거야
그래 다 괜찮아질테니
춥고 많이도 배웠던 올해도
많이도 얻고 또 잃어도
지나간다 지나간다
올해도 모든게 다 지나간다
많이도 힘들고 외로웠던 올해 한해도
웃으며 추억을 가질 얘기도
지나간다 지나간다
올해도 모든게 다 지나간다
BABY THAT MISTAKE
난 너를 원해도
내가 가진건 목소리 밖에
내 마음을 전해줄 방법 또한
이노래 너에게 들려줄 수 밖에
우리가 멀어도
다시 또 만나도
변하진 말자고
제발 우린 변해버리지말자
Won to the money
다시 check it phone 버니
내가 뱉은 말은 지켜야지
Please don't worry
I've been swerving in my necklace
깔아줄게 매트리스
Thriving industry 1년 뒤 만들 family
돈많은 넘 어때
잘 살 예정인데
When my everies gonna die
See my body ok
I've been taking on my memories
When my homies begin
Homeless 챙길게 to the enemies
춥고 많이도 배웠던 올해도
많이도 얻고 또 잃어도
지나간다 지나간다
올해도 모든게 다 지나간다
많이도 힘들고 외로웠던 올해 한해도
웃으며 추억을 가질 얘기도
지나간다 지나간다
올해도 모든게 다 지나간다
춥고 많이도 배웠던 올해도
많이도 얻고 또 잃어도
지나간다 지나간다
올해도 모든게 다 지나간다
많이도 힘들고 외로웠던 올해 한해도
웃으며 추억을 가질 얘기도
지나간다 지나간다
올해도 모든게 다 지나간다",3
395,justice,Raven,"[가사 준비중] 멜론 회원 여러분! 가사 등록을 기다리고 있어요.
가사등록하기",0
396,꺼져,Lucid,"꺼-져 꺼-져 꺼-져 꺼-져 꺼-져 꺼-져 꺼-져 꺼-져 꺼-져 꺼-져 꺼-져 꺼-져 꺼-져 꺼-져 꺼-져 꺼-져
꺼-져 꺼-져 꺼-져 꺼-져 꺼-져 꺼-져 꺼-져 꺼-져 꺼-져 꺼-져 꺼-져 꺼-져 꺼-져 꺼-져 꺼-져 꺼-져


혼란스러운 정신에 때려박아 많은것을 더 더
누군가는 말하는것 같아 귓속에다 죽어줘
호흡 맥박 둘다 빨라져만 가네 커져가는 동공
끊어버려야만 하는데 개소리만 들려오네 또또
그래 이번 트렉에선 말 하고있는거야 개망할 피해의식에 대하여 얘는 왜

머릿속에 박혀 안나가는데
나름대로 약도 쳐먹으며 여러가지 노력하는데
실은 계속 방안에대해 생각하다보면 미칠것 같아
덩달아 피로에 눌리는 기분
다 좆까라 하고선 볼륨을 키워 차피몰라 완치의 기준

통제범위에서 벗어나버려 공중에 붕떠
방치됐지 이 세계에서 부유하는 정신은 굼떠
마디수도 무시할래 반발한다면 소리소문 없이 죽여
무교인 너도 외치게 될거야 내 앞에선 주여
차지해버려 주역, 처치해 버려 항상 스스로를 죽여 항상 스스로 죽여

꺼-져 꺼-져 꺼-져 꺼-져 꺼-져 꺼-져 꺼-져 꺼-져 꺼-져 꺼-져 꺼-져 꺼-져 꺼-져 꺼-져 꺼-져 꺼-져
꺼-져 꺼-져 꺼-져 꺼-져 꺼-져 꺼-져 꺼-져 꺼-져 꺼-져 꺼-져 꺼-져 꺼-져 꺼-져 꺼-져 꺼-져 꺼-져",0
397,비슷한 노래,ALDEBARAN(알데바란),"매일 똑같은 노래
나도 잘 알아 미안해
듣는 너도 힘들겠다
나의 한계인 걸 어떡해

내 노래 힙합 안 했어 원래
어쩌다 랩하기 시작했는데
이유가 있어 랩하게 된 게
내 말을 더 전할 수 있기에

이것 봐 벌써 가사가
이렇게 나왔잖아
원래 하던 R&B
이 말 다 못 전하잖아

근데 치명적 문제가
나 원래 랩 못하잖아
항상 비슷한 멜로디에
비슷한 노래 구성
너도 질릴 것 같아
넌 항상 감동받은 느낌을 줘

이 순간에 연기하는 건지
진짜 네 맘인 건지
알 수 없어도
그 비슷한 노래에
매일 다른 가사를 담아

네가 좋아했음 좋겠다
내 노랠 좋아했음 좋겠다
또 비슷한 노래지만
가사에 진심을 담아 노래 해
네가 들었음 좋겠다
너에게 말 못 거는 바보 같은 나
이 노래로

예상 한 거니 혹시
이쯤에서 랩이
또 나와야 하지
그래야 내 말 더 전할 수 있지
이런 고민들 역시
너에게 말했지
너는 그런 걱정 말라며
오히려 그런 생각 하는 날 더 걱정

너는 so shine
나는 지금 so shy
맑고 밝은 기운으로
나를 웃게 하는 너는 so shine
해와 달같이
밝게 비추고 있지
이상하다 내 인생 내가 알아서
살고 있는 줄 알았지만

너를 볼 때 나는 더
맘이 차분해지고
내 앞으로 계획 정리되는 기분
처음 느껴 보는 경험
이게 바로 사랑일까?
나도 몰라 지금 이 순간을
후회 없게 난

너를 본다
또다시 간다
혜화 지박령
나를 막을 자 아무도 없다
Yeah you wanna know?
you wanna know?
알려줄게 이 노래로

네가 좋아했음 좋겠다
내 노랠 좋아했음 좋겠다
또 비슷한 노래지만
가사에 진심을 담아 노래 해
네가 들었음 좋겠다
너에게 말 못 거는 바보 같은 나
이 노래로",2
398,Delay feat.YJ,YCPLAYER,"딜레이
내가 쉬어 갈 수 있게
이젠 쉬어 갈 수 있게
지금 쉬어 갈 수 있게
이젠 더 높이 날 수 있게 delay

마음이 조급해 빨리 가려해 급해
열차는 언제나 빨리 가려고 급행
플랫폼 사람들로 가득 차 있는 듯해
나를 끼워 맞춰 숨못셔도 타고 가는 듯해
이 늪에 굴레 빠져있어
이 끝에 종착역은 뭔지 모르겠어
모른채로 계속 지고 가지 물지게
열심히 하면 보게 되겠지 곧 무지개
나를 끼워 맞추는게 이젠 적응이 됐어
억지로 라도 그냥 발을 맞춰 나가 사회성
왜겠어? 안하면 내가 이상한
뒤쳐져 있는 한심한 사람일까 봐
눈 두개 귀 두개 코 하나 입 하나
우린 같은 모습을 하고 있지만 서로 다 달라
그런데 같아 지려고 애를 쓰며 살아가잖아
이래서 피곤함을 달고 살아 쉬고 싶다 나


현실이 나를 누를때
나는 저 하늘을 바라봐
너무 힘이 들어서 지칠때는
숨죽이며 기도 하다가
호흡 한번 해
숨을 풀어서
이젠 재껴 버려봐
늘어져


이 쳐져 있는 기분 언제 끝날까
고민 하다 돌아오면 다시 괜찮아
생각대로 뭐든 이뤄질거 같지만
현실은 그와 달라 답답 하자나
철학이고 뭐고 돈을 벌어야 그 다음이있어
가짜 철학은 현실 도피를 위한 자기기만 위로
사회 돌아 가는게 내 가치관과
안 맞을 지라도 계속 밖으로 나가
내 몸을 챙긴다기 보단 돈을 먼저 챙겨
책임 져야 할건 나이를 먹을 수록 더 생겨
내가 바래왔던 삶이 이게 아닌데
그래도 발을 맞춰 나는 살아 가는데
몰라 지금 계획 뒤로 그냥 밀어 버려
숨을 쉬고 싶어 잠시 뭐든 잊어 버려
혜민스님 멈춰야 비로소 보이는 것들
보이는거 없어도 늘어져 쉬고 싶거든",0
399,과연,Vrmuah (버무아),"밖으로 나가면 편할 줄 알았어
내가 여기를 나가면 버틸 수 있을까?
난 그냥 내가 하고 싶은 걸 할 뿐
나도 알어 묻고 따지지 좀 마
인생엔 없다고 지도와 나침반
나 때는 이랬다고 하는 그 거짓말
모르는 척 하는 거야 나도 있어 눈치
세상에 나만 홀로 남겨진 이 느낌

어른이 되면 뭔가 달라질 줄 알았어
랩퍼가 되면 내가 TV에 나올 줄 알았어
이 맘 쯤 되면 많은 돈 많은 Girl 많은 시계
Mic Check, Uh, 많은 걸 쥐고 흔들 수 있어
그 여자들은 내꺼가 되길 내게 애원했고
내 재능은 사랑하는 내 Fan들이 다 증명했어
어릴 땐 이 모든 게 쉬워 보이는 삶
마치 재용의 딸 누구 미련 없이 난 Fly

과연? 여길 벗어 날 수 있을까?
난 과연? 예술가로 살 수 있을까?
또 최신 근데 난 5년 째 난 병신
알면서도 메모장을 켜 버렸지
몰라 과연, 사람만한 돈 가방에
나는 과연, 돈을 전부 쓸어 담을까?
나는 과연, Ye~

오전 10시 일어나 작업실
문 앞에서 멈칫 마스크를 꼈지
오늘은 뭘 뽑지 의미 없는 고민
난 끌라면 멀었지 작업 혼의 정신
또 주제 하날 던져 찾아오는 정적
난 써내려 가 벌써 다 채운 나의 소설
돈을 벌어 좀 더 난 모으려고 벌써
다 써 버린 내 앨범 펜은 다음 곡에 가 있어",1
400,"기다리시계 (feat. hongobi, stvstv)",집지키,"집지키 in the house
Rocket in the house

흘러가는 시간이 멈추길 원한다면 say ah yeah
떠나가는 세월을 붙잡길 원한다면 say ah yeah

빌어먹을 정말 개 같지
후회하려고 천벌받지
다른 선상에서 놀았지
따돌려지는 건 너무나도 지겹지

뱀의 말꼬릴 불어보아도
온 동네를 미친 듯 뛰어다녀도
돌아가기엔 멀리 왔지
지금 내 모습이 장래희망이었으니

잠깐 멈춰있어도 돌아가는 시계 초침
세월을 속인 톱니들의 도킹
24/7 시간이란 덫에 걸린 버퍼링
거스를 수 없는 자연의 섭리처럼

Brainstorming 먹구름이
번개쳐도 머리엔 Imagine
feel the thunder
우린 어쩌면 놓치는 재미 높아진 저점
기분은 센치 오차 무결점

성질 급해진 배짱이들의 타협
누군가가 나를 내려다본 시점의 참견 따위
까라 마이싱 불완전한 내 타이밍
지금 이건 화가 아니야 I spittin my fire
Hurry up! time's up! Who Dat Boy : Tyler
어리숙한 모습조차 주름이 잡혀
계속 굴리다 보니까 고 장난 타이머
무거워진 눈꺼풀은 조금 더 가볍게


put your hands in the air
put your hands in the air
put your hands in the air

흘러가는 시간이 멈추길 원한다면 say ah yeah
떠나가는 세월을 붙잡길 원한다면 say ah yeah

Never done this
Baby wait a minute
이렇게 신나본 적 없지
그동안 계속 힘이 부쳤었던
시간들을 뒤로하고 이젠
내려놓을 수 있게 됐어
드디어 보여 길이

Put your hands up in the air
꿈속에서 나 헤엄치는 것만 같아
끝없이도 자유롭지

“야 이제 그만 좀 아퍼”
“이제 그만 좀 바뻐”
하던 나의 소원 드디어 이뤄졌지

갈 길이 멀어도 그딴 거 I don’t care
이보다 덜 신경 쓸 수도 없어 다 놀래어
그런데 guess what?
다음 한 발짝에만 집중하며 걸어온 우리 족적 보며
bottoms up, my friend

yeah, 보겠지 내가 힘들 땐
너와 내가 일궈낸 지금의 성장세
덕지덕지 박혀있어 우리 피부에는
거치른 굳은살, 다 걸었어 이 길에

집지키 in the house
Rocket in the house
hongobi in the house
stvstv in the house

흘러가는 시간이 멈추길 원한다면 say ah yeah
떠나가는 세월을 붙잡길 원한다면 say ah yeah

나는 판도를 바꿔버릴 테야
공허함은 평화로워졌어 이제야
차고 있던 모래주머니를 떼야
무게가 덜어지겠지 당연히 얘야

꽤 많은 혼돈 혼란을 건너 가는 길은
흑과 백 나 혼자만 컬러
어항 여과기 필터
변심들을 걸러 내다보면
시간은 결국엔 벌려

왜 조급해 또 뭘
되던 것도 안 돼버리게 됐잖아
비교하지 마 no more
그럼 감사하게 될 거야
모든 일분일초

흘러가는 시간이 멈추길 원한다면 say ah yeah
떠나가는 세월을 붙잡길 원한다면 say ah yeah

흘러가는 시간이 멈추길 원한다면 say ah yeah
떠나가는 세월을 붙잡길 원한다면 say ah yeah

그래도 시간 바늘들은 달려
모두 넘어간 올해의 달력
걱정하지 마 오늘을 달려
가다 보면 웃으며 서로를 반겨",1
401,AH [prod by SUDO],NOWIMYOUNG(나우아임영),"청소년 보호법에 따라 성인 인증이 필요한 콘텐츠 입니다. 성인 인증 후 이용해 주세요.
성인 인증",2
402,Wave,Hapboi,"청아한 너와 있는 청라의 밤
빈 가슴이 꽉 채워지는 나의 맘
담담하게 고갤 끄덕여 넌 참 귀여워
나라는 남자에게 과분해 너라는
공주님, 날자 같이 하늘 위로
출근, 스트레스, 고민들은 뒤로
Groomin Kiss Bikini 를 입을
(잠에서 깬 키스, 비키니)
아름다운 너의 모습을 혼자 상상하며
나 바다에 누워 너와 은하수에 누워
같이 수영하며 매일 너가 보고 싶어
매일 같이 있고 싶어 같이 살고 싶어
날보는 너의 눈은 깊어 마치 Ocean Eyes (눈이 바다 같이 깊다)
딱 보면 size가 나와 우린 soulmate (영혼의 단짝)
케이크 다음엔 요리도 해볼게
김치찌개 된장찌개 동태찌개
pasta curry pork cuttlet
(파스타, 카레, 돈까스)
Tiffany & Co Ring & bracelet
(티파니&코 반지와 팔찌)
까지 사다줄게 더 열심히 벌게
지금 너의 손만 잡고 있으면
어디든 다 돌아다니며 채웠으면해
내 세계지도 문신 색깔은 너가 정하면
Macao Taipei Manilla 어디던
(마카오, 타이페이, 마닐라)
바닐라 아이스크림도 우리 같이 먹으며
날씨 좋은 이 날 넌 내게 물어

근데 오빠 우리 또 어디가 ?

니 앞에선 매일 춤 출 수 있어 Baby Wave
웃는 니 모습에 나도 따라 웃어 Baby Wave
어디로든 떠나자 바람을 타고 Wave
이게 꿈이라면 잠에서 깨지 말자 Wave

햇살 아래 너와 눈이 마주친 그 순간,
심장이 빠르게 뛰어, like it bomb
네 미소는 달콤한 breeze, but you tease
다가오다 멀어지는 너의 move, what’s deal?

모래 위 발자국은 널 따라가,
'Catch me if you can' 네 눈빛은 말하잖아.
살짝 던진 네 농담에 심장이 freeze,
근데 이상해, 난 더 빠져드는 느낌이지.

너의 vibe는 rollercoaster, up and down,
숨겨진 네 맘을 더 찾아내고싶어 now.
네가 던지는 signal, decode할게
no cliché, 너랑 나의 썸은 시작됐어.

햇살 속에 빛나는 너의 팬트하우스
네가 주인공인 영화 속 필름 같아, bet.
한여름의 fantasy, 너와 나의 chemistry
멀어질수록 더 끌려 네 '미소'와 'wave'

Feelin' so right, we can dance tonight
미소 지을 때까지 hold tight
Got the vibe
너와 나 shining bright
빛나는 눈에 all I see is light
Like your 미소

니 앞에선 매일 춤 출 수 있어 Baby Wave
웃는 니 모습에 나도 따라 웃어 Baby Wave
어디로든 떠나자 바람을 타고 Wave
이게 꿈이라면 잠에서 깨지 말자 Wave

You light up my day
내 곁에 있어줘
Dreaming of you, babe
이 순간 영원히 yeah

Dancing under the moon
네 미소에 빠져들어
Stars shine just for us
함께해

니 앞에선 매일 춤 출 수 있어 Baby Wave
웃는 니 모습에 나도 따라 웃어 Baby Wave
어디로든 떠나자 바람을 타고 Wave
이게 꿈이라면 잠에서 깨지 말자 Wave",2
403,Sippin,Bladea,"아 씨발 ㅈ같네 걍 되는대로 해
Phoney tail 한 게이 새끼들 고추 필요해?
넌 need some 임테기 got that shit 벌렸지 돈 앞에서 like ASH
점첨수 처럼 런던 수도 말해 fuckin England

너네 style은 마치 hoe oh hoe
Veni vidi vici는 뭔 니 나시 속 건포도
치오치카노 처럼 너넨 끌레 mode
릴러말즈 키공 이윤 작은 ball

I can't go back
트렁크 안엔 no cash

뉴에라 주머니엔 칼이 three
훔치고 달아나 씨티백 shit

지금 내 옆엔
감기약 팔고 ""cocaine""

My lyrics are not fake
2packs are in my wallet

거지 새끼들 수요가 많네

silver and gold 또 알마니
티랑 시계를 동시에 buy

Ey ey 배리나가 대줌 넌 섹스해

drinkin hennessy
feel like i'm fly shit
내 신발은 새삥인데도 밟어버리지 피

감기약 팔고 ""cocaine"" 씨발 다해버려 미친새끼들은
나를 잡을려고 cops on the city

영수증에 찍힌 louis V
이건 반도안돼 내 수입이
걍 10에 내놨지 fendi
거지새끼들은 미치지

양쪽귀에 4.1ct 가질려고 발악하지
씹새꺄 함 할래말래
i go The Hyundai 난 맡겨 vallet

pretty bitchs 들도 듣고 미치지 내 soul
쇼핑하러 today 갤러리아로 소풍을 난 go
16부터 늘어나 수입이 i can ballin
cuz im 난 걍 돈버는법에 전부를 all in fuck

I can't go back
트렁크 안엔 no cash

뉴에라 주머니엔 칼이 three
훔치고 달아나 씨티백 shit

지금 내 옆엔
감기약 팔고 ""cocaine""

My lyrics are not fake
2packs are in my wallet

거지 새끼들 수요가 많네

silver and gold 또 알마니
티랑 시계를 동시에 buy

Ey ey 배리나가 대줌 넌 섹스해",0
404,PAST,CP,"Ride in a benz
I thought I can drive car a benz
And daily fit Amri pants
I’ll always Be loved to my fans
Everyday shakin’ my hands
I bet you to trust me I won’t fail my band
내 주변은 말했어 이젠 끝내
포기할 수 없어서 곡들을 send
I was not human being
I smoke as a student and let all my studies
방안에 누워서 걸쳐 my hoodie
돌아가면 안돼 우리
담배를 사폈었고
매일 잡혔지 학교엔 온소문이 났지
I can’t go back 진짜 정신을 차렸어야해
So I found my dream
Trust me I can make all them tears stream
trappin’ all night screamin’ all night
I wonder I can shine like sun leam
걷어올려 sleeve I will believe
lie down and rest at bali
Malibu for all of my fans
더 가야돼 빨리 So I make my song lit

You can’t feel it cause it’s so lit
Im burning it more gasoline
Was Scary so can’t fell in sleep
Crime is so big I can’t join your field
You can’t feel it cause it’s so lit
Im burning it more gasoline
Was Scary so can’t fell in sleep
Crime is so big I can’t join your field

Goin’ the hills
Every night uneasy like waiting a bills
Every day morning I feel like a Chills
Every day I spit out and improvin’ Rap skills
죄책감과 매일을 싸워
난 나갈 수 없거든 TV
I been my life so dirty So worried
그래도 하고 싶었어 난 랩이
Daddy 드디어 그려져 map이
내 뒤 믿는 사람들과 happy
past by 너하고 낫던 그 gap이
I can’t even remember
Im still on in trappin’
I’ll ride out a storm and I’ll prove
Till I die still Im in movin’
can’t stop Im runnin’ to top
So you can hear me Im rappin’
rappin’ , I can feel it cause Im a Geeked
Sorry to parents Im always in sleep
No you can ride with me
Cause you didn’t believe me
Only my family can ride in my beat
내 음악과 함께 내 사람들과 함께
성공을 make it
네 관계와 신뢰를
깻기에 넌 절대 can’t be a my team
came through the dark so I can Roxanne
able to make all the Accent
To Makin’ my dream I can throw all the my cent

You can’t feel it cause it’s so lit
Im burning it more gasoline
Was Scary so can’t fell in sleep
Crime is so big I can’t join your field",5
405,Christmas Baby,Publicnoise (퍼블릭노이즈),"난 기억도 나지 않아 작년 겨울이
좀 더 나을 줄 알았지만 It’s my fault
그냥 좀 빨랐던 거야 내 맘과 걸음이
지나고 보니 다시 겨울이
불러 you’re my Christmas Baby
oh that’s my favorite
오직 너만 daily
변하지 않아 baby
Christmas Baby
oh that’s my favorite
오직 너만 daily
변하지 않아 baby
shwaty come back 옆에
다 지나고 보니 lamo
늘 당연했던 건데도
있다가 없어지고 나야 원해 이건
미련이 한몫했지
똑같이 한 번 더 데이고
내 생에 마지막의 애인
하나만 두고 싹 다 끊어 내기로
아팠으면 됐지 뭐
더 이상 이유는 anymore
남지도 않았어 stamina
웬만해선 재끼자고 ye back it up
사랑하지 않아 재미로
이걸 내 몸에다가 새기고
나서도 다시 손을 내밀었고
다시 다짐했지 이걸 계기로
난 기억도 나지 않아 작년 겨울이
좀 더 나을 줄 알았지만 It’s my fault
그냥 좀 빨랐던 거야 내 맘과 걸음이
지나고 보니 다시 겨울이
불러 you’re my Christmas Baby
oh that’s my favorite
오직 너만 daily
변하지 않아 baby
Christmas Baby
oh that’s my favorite
오직 너만 daily
변하지 않아 baby",1
406,legacy,메치 (mechilling),"유행가 가뭄에 피워진
유흥가에는 매일이 비오지
치열한 서울은 솔로지옥임
촛불 들어 우리는 필요해 GOD

엄마도 못 알아 보는 우리 아빠
My pops turned into ma opps
다 ㅈ까고 악마와 mobbin 미안하지

유전자 대신 남길 유산
유전자 대신 남길 유산
Marry me now fuck the marriage
두고갈래 나의 legacy

Dont push me like 쓰레기shit
Cookin up all ma legacy
흔적을 남기려 적는 메세지

Dont push me like 쓰레기shit
Cookin up all ma legacy
흔적을 남기려 적는 메세지

엄마도 못 알아 보는 우리 아빠
My pops turned into ma opps
다 ㅈ까고 악마와 mobbin 미안하지

유전자 대신 남길 유산
유전자 대신 남길 유산
Marry me now fuck the marriage
두고갈래 나의 legacy

I I hope u got that mothafuckin killers on me
누구 삶을 난 잠시 빌렸었지
Bullets on me 대신 빨간펜을 빌려 썼지
뭐라도 남겨야 돼 나의 philosophy
우리 집 no kids zone
씨 뿌리지 않아 done fuckin em bitches for now
밖에 아님 콘돔 파워",0
407,Door (Feat. 정일훈),니온(NE:ON),"곁에 있는 사람 끌어안지
she wants to never leave
입술을 빠르게 벌리지
그 시꺼먼 동굴 속으로
late in night trippin bad soon as I throw up on her body
Could not stop even while I’m drownin
아무 얘기나 좀 talk about it
머릿속을 덮어 주기만 바래
lay down my head on her legs

when I break breads with bad friends
I don’t even like them, laugh back
의심이 도지기 전에
tie me up and kiss me oh
cause big hole inside my heart
we can sip and sip to fill it
I don’t even feel my face no more

do i gotta live or gotta leave?
바라지 않았던 일
남겨짐, so ugly
I’m missing argument with someone,
truth be told

ay cannot hold this feeling no more
Love cheers, won’t be alone
but I’m afraid of people leaving me too
Itself hype, I’m broken I feel itself hype ye
Itself hype, I’m broken I feel itself hype

I don’t even know,
but everyone knows this feel so shady
nobody taught me that I’m going with this forever
can I say this another face of eternity

fall down on the cloud feel no safety
back to the nineteen
비스킷 먼지 빗질 wanna make clean
목에 자물쇠 cling cling cling
make playlists with pain
someone keep knocking on my door
feel creepy I get stoned
모두 쓸어담아 던져
창문밖으로 쌓이네 외로움이 look gloomy
온통 blueing on the paint 물끄러미
보기만 해 그 속에 너가 보일듯
갚아 너의 복수 얼른
falling down on the cloud feel no safety
문에 자물쇠 cling cling cling

do i gotta live or gotta leave?
바라지 않았던 일
남겨짐, so ugly
I’m missing argument with someone,
truth be told

ay cannot hold this feeling no more
Love cheers, won’t be alone
but I’m afraid of people leaving me too
Itself hype, I’m broken I feel itself hype ye
Itself hype, I’m broken I feel itself hype

cannot hold this feeling no more
Love cheers, won’t be alone
but I’m afraid of people leaving me too
Itself hype, I’m broken I feel itself hype ye
Itself hype, I’m broken I feel itself hype",202
408,FUR*,juun,"Bottomless clothes
With a fur*
Her Body like venus
She taking a bath in a tub
You got the Smile of the sinner
I Thought u was Demon
When Starring yourself in a mirror

I think im in love ,
But can't trust no one
What should i do? for real

U could be the one
Tell me what u want
Should i be gone? for real

Limited time
I Gotta catch flight
Cuz I don't belong in this city
But yeah

how could we be so wrong?

Got so many problems how can i get rest?
gotta catch fligt to anonymous place
폰대신 넣었어 내 배낭에 map
Xan 대신 삼켰어 내 vitamin A

Cancelled my noises with vietnamese rap
You thought im okay, but Inside is a Mess
so many stories i doubted to tell
Scoring my self and it's prolly the F

But you’ll be the one that I tryna do Bet
You make me wanna go back to the past
Put CDG pants on your leg , smell a scent
Aesop colognes on your neck
Makes me go crazy no cap

2人はtwin,
Baby all we do is win
My fit too clean , yeh matched our rings
So fascinated ,

how could we be so wrong?",31
409,hate me 100,이한울,"너를 위해서라면 뭐든지
해줄 수 있다는 말도
결국 이제 와서
그게 무슨 소용 있어

난 그저 너의 곁에서
영원히 살고 싶었단 말야
그런 날 이기적이라
생각했던 거야?

난 내게 물어봐
시간을 돌릴 수 있다면
마지막 순간에
네 마음을 되돌릴 말이 뭘지

붙잡은 네 손에
남길게 미안함뿐이라면
차라리 지금처럼
아프지만 서로를 걷자

이젠 뭘 위해서
이렇게 살고 있는지도
모르는 채로 적은
가사들만이 날 걱정해

마치 어제만큼 넌 선명하지만
그게 전부인 걸 알아
모든 게 내 탓이라 해도
이걸 넌 바랬었잖아

널 기다리던 계절들의 반복이 익숙해져
무뎌져도 그대로인 상처를 애써 모른척했어

변하지 않을 걸 알고
결국 샐 밤에 아파도
전부 지워내는 것보다는

이게 맞아도
이젠 달라도
다 똑같아 내겐

when im alone 아프게도
밤새 널 찾아 헤매

이제 더는
그래 너는
지난 시간들처럼
하염없이 흐르다 보면
언젠가 잊혀지겠지

비어 버린 내 타임라인
내 약한 마음들은 자라
너의 마음만을 바라던 내가
다른 너의 앞에 서있잖아

지워줄래 내 번호까지
내 마음에 든다 했던 그 옷가지
몇 년 전의 시간들과 똑같이
살아주라 난 그렇게는 못하지만

그때 마지막에 내가 걸은 전화
아직 그 안에 갇혀 살아 나
어떻게든 사람은 변하지
넌 매일 나를 그 날로 돌려놔

널 적어냈던 모든 곡까지
소음이 됐네 전부 다 가져가
하필 내가 사랑 준게
너라는 사실이

이게 맞아도
이젠 달라도
다 똑같아 내겐

when im alone 아프게도
밤새 널 찾아 헤매

이제 더는
그래 너는
지난 시간들처럼
하염없이 흐르다 보면
언젠가 잊혀지겠지

The cloudy moment I let you walk away alone
you're passing through me yeah, you're gone
Until the forever with you change into peace
Even when you leave my sense of ease

I couldn't go after you, cuz of the thorns left behind
if we meet next time, don't be so kind
Otherwise, I would end up imagining myself
as the one who will ask you how you've been

이게 맞아도
이젠 달라도
다 똑같아 내겐

when im alone 아프게도
밤새 널 찾아 헤매

이제 더는
그래 너는
지난 시간들처럼
하염없이 흐르다 보면
언젠가 잊혀지겠지

기다리고 있어
생각보다 더
감당할 수 없을 욕심이라고 해도
난 기다리고 있어
생각보다 더",366
410,O Sole Mio Sogno Mio,블리스,"Ciao come stai? Tutto bene?
Farò del mio meglio. Dai forza
Non c’è niente di mio in questo mondo
Ma ogni giorno è solo mio

사람은 때론 간사해 내 편일 때는 감사해
내 모든 진심을 보여줬어 그래서 난감해
그런 그들이 적이 돼서 내 옆에 낭자해
소문의 거리를 따라 정처 없이 방황해
모든 게 내 잘못이야 남 탓은 잘 안 해
낮아진 자존감에 내 속은 알량해
꽤 많은 시간이 흘렀고 이제 시간 낭비 안 해
온전한 나로 Bliss Halo
세상이 깨긴 아직 이른 새벽
썼다 지웠다 내 꿈, 그래 여기 계속해
뭣도 날 파괴하지 못해 난 계속 강해질 뿐
사각대는 연필 끝에 니체가 되네
이제 여기가 조금 익숙해져
많은 것이 변했어도 변치 않는 단 하나
그건 지금 내가 눈을 뜨고 있는 이유
썼다 지웠다 이건 내 꿈의 이유

Come va 어떠냐고 내게 물어
상처로 부서진 Sogno mio
Va bene 꿈이 져도 난 괜찮아
하늘에서 빛날 Sogno mio


또 이른 새벽 술 한 잔에 어린 날의 날 꺼내보네
키는 작았어도 누구보다 컸던 꿈
따스했던 부모님의 품 그 뒤에 숨겼던 한숨
서랍 속 깊은 바다 내 낡은 비밀의 숲
마지막 기횔 잡아 스무 살의 마지막 줄
절대 포기 못해 어느새 두 번째 스물
애매한 재능 그게 죈가 애타는 한숨
고민 끝에 겨우 괜찮은 가사 한 줄
이거면 됐어 위로해 애써
애먼 연필심만 탓해
난 원해 간절히 저기 닿길 바라
비록 조그만 별이 될지라도
O sole mio, Sogno mio,
Mio tempo, Mio mondo, Mio tutto
난 원해 간절히 저기 닿길 바라
비록 조그만 별이 될지라도
O sole mio, Sogno mio,
Mio tempo, Mio mondo, Mio tutto

Come va 어떠냐고 내게 물어
상처로 부서진 Sogno mio
Va bene 꿈이 져도 난 괜찮아
하늘에서 빛날 Sogno mio

Sogno mio

Non c’è niente di mio in questo mondo
Ogni giorno è solo mio
Mio paradiso, Mio mondo,
Mio momento, Sogno mio",20
411,"빌어먹을 MEGAMIX (feat. Hunaver(허너버), YURIAN, IOHBOY (아이오보이), Luci Gang, IFCHAN, Rredrain (레드레인), 김단, Rick Freddy (릭프레디), 유명한아이, Yyeon, 스카이민혁 (Skyminhyuk))",TimeFeveR (타임피버),"꿈만 쫒다보니 어느덧 스무 살이 나의 코앞에
내가 믿을 건 내 나이 하나뿐이었는데 몸만 커버렸지 순식간에
주변 애들은 펜을 잡고 다시 난 back in my booth
나도 다시 교과서나 펴야되나
수 십 번을 생각 안 한 적이 없었어 밤마다
but 지켜야 될 약속이 아직도 남아
우리 엄마 아빠는 내게 5년간 몇 천을 꽂았네
어리니까 아직 괜찮다는 말은 더는 통하지 않을 나이
대체 언제까지 용돈이나 받으며 살래 이렇게
좀만 기다려줘 이자까지 쳐서 돌려줄게 이 빌어먹을 아들 놈의

이 빌어먹을 돈 때문에
나는 아직도 멀어 내 성공에
빌어 나는 원해 내
성공 아직도 멀어 내 성공에
I just wanna 돈
I just wanna 돈
I just wanna 돈
I just wanna 돈
이 빌어먹을 돈 때문에
이 빌어먹을 돈 때문에

결국 나도 빌어먹을 돈때매
사회로 뛰어나와 절실해
그럴 싸한 말들을 혀에 감어
그들은 자기 자신을 어른이라 칭해
와닿지 않으니 그 아가릴 닫어
내 성장선 Red 보여줄게 올해
또 내 인생같아 오르락 내리락 비트코인 같이
팔아 난 악몽을 포르노 같이
나도 자퇴 했을땐 닥치고 다 했어 돈이 되는거는
이제야 조금 번 돈도 걔넨 아니꼬운듯해
결국 말한대로 됐어 난 나를 믿었거든
도박을 성공해 난 1년 간 미워했던 넌 나에게 패

너를 잃었어 돈 때문에
사랑이 졌어 돈 때문에
사랑보다 성공이 먼저인 넌 날 버리고
저 멀리 떠났지 왜?
세상은 믿을게 없어 돈 밖에
미련은 던져 저 밖에
음악이 돈 안된다 하네
난 돈 밖에 안보는데

Love me my city, I just wanna go back
네가 가지고 싶어 했었던 아미리
그냥 돈을 준비해 넌 떠났어 이미
이제는 사줄 수 있잖아 아미리
My love gone where
가까워졌어 내 성공에

추해지지말쟀자나 돈떄문에
난 그저 벌고서 웃어야했어
저 빌어 먹을 년과 음악 때문에
가진 돈을 전부다 토해냈던

그때에 날 기억해
소주 안주로 우릴 이용햇던
저 새끼들 에게는 관심조차
주고 싶지 않아
개무시받던 시간 주워담아

나도 성공해야겠어
결국엔 유명해져서
더 많은 돈을 벌어서
난다 이겨내야겠어

이제는 지켜야 되거든
친구와 가족에 대해서
더 묻지말아줄래
내 가장에 무게에 대해선

빌어먹을 돈 때매 못 배웠어 많이
돈때문에 입에 붙었던 말 ‘미안’ 혹은 ‘sorry’
지옥같던 내 하루는 이제 40짜리
월세 30인 내 지하에서 담았던 목소리
하루벌어 하루먹던 삶에서 하루 멀리 퍼져가는 내 이름 난 맞아 그 만이
‘0’ 4개에 벌벌 떨어 쳤었던 몸서리
이제 0이 6개인 섭외에만 뱉어 마디
빛이 없던 내 방 부터 보기까지 이 햋살
내가 겪어왔던 슬픔들이 가져다줬어 나에게 이 삶
이제야 난 받아 빛 light
빌어먹을 돈이 모자랐던 아인
쟨 말해 레드레인 벌어? 괘씸해
내 과거도 부러우면 줄게 내 돈 다

이 빌어먹을 돈 때문에
나는 아직도 멀어 내 성공에
빌어 나는 원해 내
성공 아직도 멀어 내 성공에
I just wanna 돈
I just wanna 돈
I just wanna 돈
I just wanna 돈
이 빌어먹을 돈 때문에
이 빌어먹을 돈 때문에

일해 난 8 to 9
몸이 여러개 like Jackson 5
유쾌하지 않은 상황에
유쾌한 체 또 웃어 난 하하
무섭지 사람보다 돈 떨어지는 게 더
도신 날 잊은듯해서
밤공기에 연기를 태워 반복해
해 진 후 반포대교처럼 막혔어 내 맘
쳇바퀴 인생 go round and round
지쳐서 내 말엔 가시
말한마디 천냥 빚갚는다지
일단 니 얘긴 아닌듯해
전화는 걸지마 피곤해
돈얘기 아님 다 뒤로해

Don’t hide it
급을 나눌때가 아니잖아 yeah i know
알량한 자존심 내려놓고 keep it low
난 나를 보여줘야 겠다고
안 가려 수단과 방법
음악하냐는 말에 이룬 게 없어
고갤 떨궛던 바보
더는 모른 체 말고
또 재다가 놓친
기회 돈 사랑
내가 다 챙겨
i feel like a naroho
전국에 이름 박어
어설프게 누가 될빠엔
불완전한 나로

빌어먹을 돈 때문에
빌어먹을 삶을 산
20살, How can I forget
내 친구가 죽었을 때

4만 3천원 밖에 없던 내 모든 계좌들을
전부 털어 부조금 냈어
근데 그 중에서 제일 엿같은건
그마저도 “3만원만 낼까”
잠깐 고민 했던 내 과거
그 3초 우정의 값어치는
만 얼마에 흔들린 내가 너무 비참했지

3년이 지났지만 기억이 뚜렷해
빌어먹을 돈에 더는 목매기싫어서 지금 목 매

시간 팔아도 부자는 못되더라 엄마
맘이 무거워 폰 위에 부재중 전화
난 뭐 나아진게 없어 제자리 돌아
'잘지내지' 말고 말할게 더 없더라
딸은 래퍼니, 가수니 뭐니 설명할게 참 많아
내 존재는 어디가서 이름대기에는 또 애매한 자랑
여긴 나랑 밥 한끼 안먹고 날 판단하는 애들이 많아
버텨내 거지같던 순간을 가사로 팔아 돈 받아

이 빌어먹을 돈 때문에
나는 아직도 멀어 내 성공에
빌어 나는 원해 내
성공 아직도 멀어 내 성공에
I just wanna 돈
I just wanna 돈
I just wanna 돈
I just wanna 돈
이 빌어먹을 돈 때문에
이 빌어먹을 돈 때문에

3년 전 내 작업실은
빌어먹을 기숙사 4층 화장실에
날 보며 한심하단 눈초리를 보낸
담임쌤과 동급생들
내 빌어먹을 목소리가
소음으로 느껴진 부모님
나로 살아봐, 生아니면死라 살아온 내 삶
오르내린 삶이라고 생각 안 해
위로만 뻗어댄 내 삶
돈 없다면 자전거를 팔아서라도
만들어내 장비값
‘Better than yesterday’를 원해 매일
내일의 내가 나보다 낫게
내일의 해가 내 펜을 놓게하는 이유가 되지 못하게

11살 얼어버린 수도
빨지도 못 했던 교복 은 그대로 입고 씻지도
못한채로 등교
태환아 기억나 하층민 부모
밑에서 자라서 냄새나고 더럽 다며
친구들 앞에서 나 쪽준거?
12년이 지나 몇천번을 씻어도 그 말은 안 지워지더라고
니 탓안할게, 그 말 다 fact니 원망안할게 더러운 욕망 몸안에
해방이 잘된뒤 어때 기분이? 왜인지
아무렇지 않아 야망의 크기는Pacific.
돈때매 흩어진 familly
만들지 souless 닮아가 서울시
아퍼 내 몸인지 맘인지 몰라도
지키고 싶어 내 모 든 것 love and dream

이 빌어먹을 돈 때문에
나는 아직도 멀어 내 성공에
빌어 나는 원해 내
성공 아직도 멀어 내 성공에
I just wanna 돈
I just wanna 돈
I just wanna 돈
I just wanna 돈
이 빌어먹을 돈 때문에
이 빌어먹을 돈 때문에","2,262"
412,LAGAVULIN,희수킹,"술 맛 못잊겠어 8년 라가불린
아르망 디 브리냑 처럼 블링블링
술값에 태운 주머니는 So clean
에미넴처럼 따라할 수 없지 Slim
언제나 최고지 나에겐 Supreme
그동안의 술은 치워버려 Whipping Cream
이제부터 니가 먹는 술은 밍밍
그녀에게 전화해 SIK-K 처럼 ring ring

내가 그린 기린 그림 피부색은 그린
그녀와 라가불린 몇잔에 눈이 풀림
그녀는 프린세스 널 연주하는 프린스
나를 들었다 놨다해 마치 비트코인
진한 피트향이 내 입속의 그릴
주머니 속 헤비딕은 뚫고 나와 드릴
한병 다 마신다면 느껴질 스릴
오늘밤은 널 위해 열어둘게 Free

라가불린 8년 라가불린 라가불린 8년 라가불린
라가불린 It’s smoky like you put smoked salmon 라가불린 8 smoked salmon
라가불린 8년 라가불린 라가불린 8년 라가불린
라가불린 It’s smoky like you put smoked salmon 라가불린 8 smoked salmon

장작구이 위스키 아일라 피트 스모키
존메이어가 좋아해 스카치 위스키
이거 너무 맛있.. 이거 너무 맛있지
조니뎁도 좋아하는 싱글몰트 위스키
보다 손이가 그녀의 짧치
벌써 다 마셨나? 이밤은 짧지
라가불린 덕에 오늘은 멋짐
라가불린 덕에 내일은 망침
처음엔 허리를 감았지 다음엔 혀를 감았지
그녀는 말했지 Hang in there man",4
413,너의 결혼식,김예중,"네게 할 말이 있어
이 말 좀 들어줄래
그리 오래 걸리진 않아
이 말을 하려 왔어 난
오늘 넌 참 이쁘다
정말 행복해 보이네
마치 널 처음 본 날
내가 네게 빠진 날

네 웨딩드레스 어울린다
그렇지만 오늘 난 주연은 아냐
불쑥 내 인생에 나타나
그새 우리 함께 한 나날
너로 인해 바뀐 나
이젠 추억으로 묻어가
널 만날 걸 후회한다는 말
그 말은 다 거짓말

너의 행복을 빌게
이젠 너를 놓을게
너는 제발 부디
좀 잘 살아줬으면 해
너를 놓친 난 후회
아냐 지금 난 잘 살지
그러니 이제 그 사람이랑
너랑 꽃길 걸었으면 해",3
414,TEEN,925notfound,"beer mees be
beer mees be
with a s__ ping
with a s__ ping

beer mees be
beer mees be
with a s__ ping
with a s__ ping

bullion teen
어저껜 freeze
기분은 shit teen teen
주말엔 b___

끼고 더 lit
i got the will free free
beer mess be be
with a s__ ping ping ping ping ping ping

bullion teen
어저껜 freeze
기분은 shit teen teen
주말엔 b__

끼고 더 lit
i got the will free free
beer mess be be
with a s__ ping ping ping ping ping ping


괜찮지 내 기분이 yeh yeh yeh
i don't fuckin season still wooh wooh what
time is think in high cream yeh hoo hoo
가졌던건 fade shit shit shit shit huh

ooh talk in a table woo
ooh 말었지 save juice woo
어젯밤 pull up 그년 what
부재중 없어 미련 huh

더 된게 2년 what you ah uh he he ooh
x까 이 시점 now song yuh huh umm ooh

main scene to one
last dance the from
오늘밤은 더 부어
homie 들과 home

take in other raw
가오 잡지 더 bro
깔롱 쥑여 되려
모든것이 better

ay ay ay ay
hey hey hey 왠지
그래 나 danger 뭐든 못 빼
그래 나 됬어 도파민 state

어젠 20대 오늘은 10대 오늘은 spit say

bullion teen
어저껜 freeze
기분은 shit teen teen
주말엔 b___

끼고 더 lit
i got the will free free
beer mess be be
with a s___ ping ping ping ping ping ping

bullion teen
어저껜 freeze
기분은 shit teen teen
주말엔 b__

끼고 더 lit
i got the will free free
beer mess be be
with a s___ ping ping ping ping ping ping

beer mees be
beer mees be
with a s__ ping
with a s__ ping

beer mees be
beer mees be
with a s__ ping
with a s__ ping",1
415,Hustle(feat. forgiven five),J.N,"눈앞이 흐려져도 나는 run
잠들지를 못해도 난 그저 원해 smoke
길어졌어 내 밤이
눈 뜨고 나면 다시 work
원하지 않아 nightmare
잠들 시간에 난 working

원해 난 돈 그래서 난 달려왔어
눈을 뜨고 나면 ballin’ 그래서 꿈은 nightmare
보이지 않아 앞이 꿈을 꾼 것 같이
3일을 셌고 내 돈들은 stuck

벗어나야 돼 여길
모르면 닥쳐 난 앞만을 봤지
무시를 당해도 두 눈을 감았지
어디 있어 넌 모르면 안다 하지 마
알 수가 없으니 나조차도

눈앞이 흐려져도 나는 run
잠들지를 못해도 난 그저 원해 smoke
길어졌어 내 밤이
눈 뜨고 나면 다시 work
원하지 않아 nightmare
잠들 시간에 난 working

매일 밤에 난 ballin’
길어졌어 내 밤이 이날이
날 가둔지 오래지
정신을 못 차려 지금의 난
벌어야 하니깐 버렸어 날

I got money on ma mind
everyday i ballin’
넌 이걸 이해 못 해
하다 이제 꿈에 나와 이건 nightmare
그래도 난 멈출 수 없어

눈앞이 흐려져도 나는 run
잠들지를 못해도 난 그저 원해 smoke
길어졌어 내 밤이
눈 뜨고 나면 다시 work
원하지 않아 nightmare
잠들 시간에 난 working",0
416,제로 크리스마스 (Zero Christmas) (Feat. 예윤 (YEYOON),The A (디 에이),"이건 나만의 christmas
환한 불빛 속의 외로운 나
서리낀 창문 너머로
따스함은 아득하기만 해
이건 나만의 christmas
밝은 거리 속의 외로운 나
혼자만 남은 이 밤

당 떨어지는 요즘 확실히 쉽지가 않네
제로 새로 뭘 그리도 바닥에서 시작해
그래선가 요즘 분위기부터가 다 짠해
외치던 그때랑은 달라 심심하기 밖에
TV를 틀어도 OTT를 결제해도
볼 게 없는 거는 몇 해째 똑같은 올해도
그나마도 산타 같던 임이 나에게로
반드시 올 거라 굳게 믿었던 지난해도
속았다 싶진 않지만 갈 수록 허전해지는
그런 때야 성탄절이란 단어마저 아득해지는
제로 크리스마스 시작에서 야스 굿
이번이 세번째 '언젠가'란 뜻이란 건
바라는 대로 이루어진다 그 말을 믿어
달달함이 부족해진 요즘 이때도 일견
한줄기 빛이란 그 표현이 희망이라고
그래 그렇게라도 이 제로를 이겨낸다고

이건 나만의 christmas
환한 불빛 속의 외로운 나
서리낀 창문 너머로
따스함은 아득하기만 해
이건 나만의 christmas
밝은 거리 속의 외로운 나
혼자만 남은 이 밤

길 거리엔 환하게 불빛이 빛나
하지만 내 맘 속엔 어둠이 진다
거리에 눈이 내려 사람들은 웃네
난 혼자 방에 틀어박혀 텅빈 침대
카톡이 와도 절대 신경쓰지 않아
트리 밑에 쌓인 선물도 관심없어 난
어떤 이는 사랑에 빠져들 때
난 겨울밤 홀로 눈물을 흘려 왜?
거리에 울리는 종소리는 멀리
내 맘속에 소린 나지막히 떨림
현실을 실감한지 딱 일주일째
지나간 그 때를 다시 떠올리네
따뜻한 불빛에 녹을 수는 없지
이 계절의 추위가 더 깊이 왔지
손 내밀어도 닿을 곳도 전혀 없어
이 밤이 끝나길 바래 그뿐이야 더는 없어

이건 나만의 christmas
환한 불빛 속의 외로운 나
서리낀 창문 너머로
따스함은 아득하기만 해
이건 나만의 christmas
밝은 거리 속의 외로운 나
혼자만 남은 이 밤

거리는 여전히 밝지만
내 마음은 캄캄하기만해 하..
다신 돌아오지 않을 이 밤
이 christmas
잃어버린 내 christmas

이건 나만의 christmas
환한 불빛 속의 외로운 나
서리낀 창문 너머로
따스함은 아득하기만 해
이건 나만의 christmas
밝은 거리 속의 외로운 나
나 빼고 행복해보여

이건 나만의 carol
희미한 소리만 남아
사람들 웃음사이로
들리지 않을 내 외침
이건 날 위한 carol
거리는 여전히 밝지만
잃어버린 내 christmas",2
417,머물러줘,류현준,"흰 눈이 내려
건조한 맘에 단비처럼
포옥-

겨울이 왔어
울지도 않았는데 코끝이 찡
꽁-

우선 챙겨야 해 먼저 코코아
기다렸어 겨울을 손꼽아
붕어빵에다 호떡냄새까지
일상적인 것이 주는 소소함

근데 챙겨야 해 립밤
입술 트니까
핫팩에다 독감주사도 맞고
아 잔소리지? 미안

아 걱정돼서 그래
네가 넘어질까 봐서 그래
칠칠맞게 아플까 봐 그래
추운 날에 외로울까 봐 그래

사랑인가 봐
잔소리가 계속 늘어나잖아
오늘날이 많이 추울 것 같아
따숩게 나와 거기서 만나
같이 만들자 대왕 눈사람

간절히 바라고
간절히 바랬던
따스한 겨울 님이 왔어

안녕하세요
반가워요
초면에 부탁 하나 해도 될까요?
부디 길게 머물러주세요

겨울에 쓴 편지는 너에게
도착하면 항상 봄이었는데
이젠 함께 첫눈을 보게 돼
난 좋은데 너는 어때?

이번 겨울에는 뭐를 하고 싶어?
천천히 골라 보자 겨울 속에서

무거운 얘기 해서 미안한데 나는
사실 겨울이 싫었어

항상 혼자였어 심적으로 몰려
주변은 나를 동정했어

불쌍하다고 왜 그렇게 사냐고
크리스마스는 내게 저주였어

사랑을 몰라.. 사람은 아는데
사랑을 몰라.. 사람은 아는데
전부 다 달라 각자의 상황 속
말은 다 달라 나는 말라가

그렇게 나의 겨울은
아무도 찾지 않는 흑백
근데 내가 필요하대
그럼 가야지 너에게

간절히 바라고
간절히 바랬던
따스한 겨울 님이 왔어

안녕하세요
반가워요
초면에 부탁 하나 해도 될까요?
부디...",179
418,Hidden Love Story (feat. 라로시),wizu,"mm-mm
나는 다 알려줬어, it's your turn
너를 원해 많이, how about you?
네 앞에만 가면 바보처럼
쳐다보지도 못해도
I love you, how about you?
oh I want you
하지만 모르겠지
넌 나같은 건

너무나 눈부셔서
혼자 다른 세상에 있는 것 같았어
내가 제일 잘해줄 수 있는데
""나 따위가 뭐라고"" 라고 되새겼어

아마 하나도 안 어울리겠지
내가 옆에 있으면 안되겠지
그냥 상상이나 한번 해봤어
말이 안돼서 웃음이 나왔어

mm-mm
나는 다 알려줬어, it's your turn
너를 원해 많이, how about you?
네 앞에만 가면 바보처럼
쳐다보지도 못해도
I love you, how about you?
oh I want you
하지만 모르겠지
넌 나같은 건

이야기라도 해보고 싶은데
자꾸 어딘가에 가 날 피하네
같이 밥이라도 먹자 하고 싶은데
뭔가 미움받고 있는 것 같애, oh

나름대로 표현했는데
바보가 알아듣지를 못해
기다리고 있을테니
언제든 다가와 내게 말해줘
좋아한다고

oh, 그냥 내일 보면
전부 다 말해버릴까

내게 말해줘

그치만 불안하네
그냥 가만히 있을게

mm-mm
나는 다 알려줬어, it's your turn
너를 원해 많이, how about you?
네 앞에만 가면 바보처럼
쳐다보지도 못해도
I love you, how about you?
oh I want you
하지만 모르겠지
넌 나같은 건",79
419,CRY (feat. Kidd king),윤민섭,"시간을 우린 너무 많이 달려왔어
심한 말 아무렇지 않게 뱉어가며
어차피 넌 계속 옆에 있을거라며
미안 그런 내가 바보 같았어
갈거면 가라고 just go
후회했어 하루종일
진짜일까봐 났어 겁이
진짜가 되버렸어 losing
괜찮다면 해왔던 연기
기억 저 뒤에서 좀 더 멀리
뒤져봐도 없어 좋은 추억이
이것도 내 잘못이겠지 im sorry
나도 알아 이제와서 뭘
나도 싫어 뭣 하러 서로 먹여 물
피하고 숨어도 봤어 뭐가 또
나은 방법인지 몰라 어려워

Why am I cry
I don't know why
Why am I cry cry cry
Why am I cry
자꾸만 흐르는 눈물이
Why am I cry cry cry

Baby I miss you
Did you miss me?
아마 you hate me or diss me
널 가사에 담는건 so risky
하지만 이렇게라도 해야 널 잊지
Bb I'm sorry
This shit is ain't no funny
그렇겠지 너 없인
The sun won't rise
So I'm becoming a zombie
I'm dying slowly
Only she can help me
Thats why I cry
I wanna turn back time
But is time to go
널 여기두고
Every night every time
널 잊으려 노력하는건
내가 할 수 있는 유일한 일인것 같아

Why am I cry
I don't know why
Why am I cry cry cry
Why am I cry
자꾸만 흐르는 눈물이
Why am I cry cry cry

I wanna stop it
Crying or raining
I know I'm so really really stupid
I wanna stop it
Crying or raining
I know I'm so really really stupid

Why am I cry
I don't know why
Why am I cry cry cry
Why am I cry
자꾸만 흐르는 눈물이
Why am I cry cry cry",11
420,whole worlds fade away(Feat.허성현),재팹 (Jaepep),"I want all of it
not just a one of it
당연한 거 아니냐고 해

oh wait

어때 기분이라 물으면 지금이
내가 와 본 제일 높은 곳이야

Don’t say
the party is over 난 못해
더 내려놓는 건 절대

마침내 숨을 쉴 때면
now the whole worlds fade -
whole worlds fade away

부딪힐 일은 오직 건배 하나 밖에 없던거야 아마
기다리기만 하네 대체 언제까지 나만 이 자리 위에 홀로 남아
난 좀 멍청해서 못돌아 봐 다른 데
그냥 좀 멍청해서 쟤네랑은 다른가 봐

데리러 나갈게 찾을 수 있게 얼른 나와
믿기 어려웠던 것들 이젠 품에 담아

선잠에 들기로 해
시간이 넘 늦었으니까
다짐은 늘 그렇게
시작하지만 망쳐버려도 괜찮아 all be fine

머린 깨더라도 속이 더욱 역해지는 것도
잘지내라고 잘지내보잔 것도

마침내 숨을 쉴 때면
now the whole worlds fade -
whole worlds fade away

I want all of it
not just a one of it
당연한 거 아니냐고 해

oh wait

어때 기분이라 물으면 지금이
내가 와 본 제일 높은 곳이야

Don’t say
the party is over 난 못해
더 내려놓는 건 절대

마침내 숨을 쉴 때면
now the whole worlds fade -
whole worlds fade away

when the love goes
somewhere that i can’t find 난 미련없어
다 해줬어 누구랑 비교하던 간에 다 이겼어

한 알 삼키면 나아진단 게 싫어
친구던 애인이던 또 가져오잖아 미련

적을 것들이 더 늘어나
내 노래한테 물어봐
너는 나에게 어떤 의미였나

나는 진거야
지는 게 이기는 거라고 말해도 난 이길거야
I said “live your life”
뭐하러 해 연예인 걱정을 손해야 너만

머린 깨더라도 속이 더욱 역해지는 것도
잘지내라고 잘지내보잔 것도

마침내 숨을 쉴 때면
now the whole worlds fade -
whole worlds fade away

I want all of it
not just a one of it
당연한 거 아니냐고 해

oh wait

어때 기분이라 물으면 지금이
내가 와 본 제일 높은 곳이야

Don’t say
the party is over 난 못해
더 내려놓는 건 절대

마침내 숨을 쉴 때면
now the whole worlds fade -
whole worlds fade away

I want all of it
not just a one of it
당연한 거 아니냐고 해

oh wait

어때 기분이라 물으면 지금이
내가 와 본 제일 높은 곳이야

Don’t say
the party is over 난 못해
더 내려놓는 건 절대

마침내 숨을 쉴 때면
now the whole worlds fade -
whole worlds fade away",299
421,아름답게,네이 (NEI),"널 처음 본 순간
무지개 빛 같았어
푸르고 따뜻한 하늘 그 아래
찬란히 빛나는
Oh 끝도 안 보이는 아름다움
오그라들지만
너는 내게 그런 사람이야
ya ya ya
희망이 돼 주는
ya ya ya

너 이런 말
오그라들어 하는 거 아는데 하고 싶어
내 앞에서
웃어주고 있잖아 지금
소원하던 꿈을 이룬 것 같아 여기도
니가 있어서 밝아지고 있어
너에게서 떨어지고 싶지 않은
맘을 너는 아는지
너무 내 얘기만 한 거 같은데
한 번만 더 할게 지금

널 처음 본 순간
무지개 빛 같았어
푸르고 따뜻한 하늘 그 아래
찬란히 빛나는
Oh 끝도 안 보이는 아름다움
오그라들지만
너는 내게 그런 사람이야
ya ya ya
희망이 돼 주는
ya ya ya

너랑 연락 안 되는 그날 밤
나는 숨이 멎어
못 믿는 건 아닌데
걱정이 되는 거지
언니가 울어서라고
그것도 믿어
우리 관계가 이 상황이
영원하지 않을 수도 있겠지
근데 난 변하지 않을 것 같아

이런저런 일이 있고 지금 너를
보면 처음같이 느낄 순 없겠지만
아직도 널 처음 본 그 내 떨림을
절대 잊지 못해 나는

널 처음 본 순간
무지개 빛 같았어
푸르고 따뜻한 하늘 그 아래
찬란히 빛나는
Oh 끝도 안 보이는 아름다움
오그라들지만
너는 내게 그런 사람이야
ya ya ya
희망이 돼 주는
ya ya ya

맞아 너는 이런 말을
별로 안 좋아하지만 말할게
처음 본 순간부터
너도 느꼈겠지만 넌 아름답게
빛나고 있었어
날 비춰주는 사람이 너야",35
422,how are you (2021),Blew.D,"오래됐어 난 널 잊어버린지
그게 너무 미안해서 그렇지
뭐 사실 내가 할 말은 없지만
그렇다고 지나치긴 그래 아쉬웠던날
그 날 넌 내게 말했어
많이 힘들어서 펑펑 울고 있다며
내 얘기 좀 들어줬음 좋겠어
혼자 앓다가 걍 사라질까 두려워 했었는데
난 무심한 채 거절하고 다시 밖을 나가
PC방에 한 눈 팔고 있었어 내가 미쳤나봐
그래 나만 나쁜 사람 됐지 그땐 몰랐었어
좋지 않았어 너가 떠났다는 소식을 들었어
내 기분 어땠을지 너는 몰라 전혀
다른 분위기의 학교
책상 위에 놓여져 있었던 white flowers
믿겨지지 않았어 한 순간에 없어졌던
너의 모습 그리고 놓여있던 사진도
흑백으로 변해버렸어
너는 어떻게 지내? 10년이 지났는걸

난 잘 지내고 있어
너는 어떻게 지내고 있어
가버린다면 내가 가버린다면
볼 수 있을거란 말이야
그렇단 말이야 Good Bye
Feel So Bad Now 있잖아
너와 함께 했었던 지난 날들이
잊혀지지 않아 기억속에 남아
지워지질 않잖아

I don't wanna good bye
I don't wanna good bye
I don't wanna good bye
I don't wanna good bye
I don't wanna good bye
I don't wanna good bye
Please come back to me now ye

난 잘 지내고 있어
너는 어떻게 지내고 있어
가버린다면 내가 가버린다면
볼 수 있을거란 말이야
그렇단 말이야 Good Bye
Feel So Bad Now 있잖아
너와 함께 했었던 지난 날들이
잊혀지지 않아 기억속에 남아
지워지질 않잖아

I don't wanna good bye
I don't wanna good bye
I don't wanna good bye
I don't wanna good bye
I don't wanna good bye
I don't wanna good bye
Please come back to me now ye",12
423,시나모롤 remiX (Feat. Makewin),민경성(MK$),"네가 좋아하는 하얀색에 파란 시나모롤
좋아하는 것처럼 나도 바라볼 수만 있다면 약속했어 따라가 일본
니가 말했어
“나만 봐라고”
대답했어
“알겠다고”
이런 이쁜 널 놔두고 내가 어따 한눈을 팔겠어
너가 좋아는 게 많아 질투 나지만
그걸 이해하는 남자가 더 멋있더라고
그렇지만 난 그걸 못해 할 수가 없어
근데 알고 있잖아
난 널 못 떠난단 걸


시나모롤 시나모롤
시나모롤 처럼 귀여웠던 너의 말랑한 볼
시나모롤 시나모롤
시나모롤 처럼 귀여웠던 너의 말랑한 볼


좋아하는게 뭐야?
그녀 답해 시나모롤
이젠 못 만져
시나모롤 처럼 말랑한 너의 볼
Ok 이렇게 저렇게 해봐도
니 맘은 모르겠어 도통
내가 어떻게 해야 해 어쩜
시나모롤 시나모롤
우리 같이 찍은 사진에 담겨있던
환한 미소
시나모롤 시나모롤
이젠 더 이상 너랑은 안 먹을 거야 안녕 bye bye
내가 죄수라면
널 너무 사랑한 죄
그런 나한테 넌 나빴네
더 이상 그만 착각해
우린 이미 끝났네 yeah
너와 가고 싶던 일본 여행도 이제 안녕 bye bye
그러고도 남았네 시나모롤


시나모롤 시나모롤
시나모롤 처럼 귀여웠던 너의 말랑한 볼
시나모롤 시나모롤
시나모롤 처럼 귀여웠던 너의 말랑한 볼
시나모롤
シナモロール
Cinnamoroll
(가자~MK$~)",6
424,White Dream (Feat. daisley),J.bin,"새하얀 바깥과
고요한 방 안
그대 부디 이 밤을 꼭 덮고
나쁜 꿈 없이 Good night

나른한 꿈속에
조심스레 찾아와
소리도 없이
두드리네 이 겨울에
뒤척이던 새벽과
전하지 못한 말들이
바람에 밤새
흩날리네 내리네
시리던 마음에

길어진 밤이 날 끌어안아
소란하던 하루들이 가라앉아
종일 쌓이네
얼룩진 자리에
지겹게 오가던 풍경이 덮여가고
지금 창밖이 그림 같아 보여
시간도 눈 속에 숨은 듯 안 보여
듬성한 마음에
또 빼곡하게
내려와 얼어붙는 기억
시간은 미끄러져
원치 않아도 빠르게
아프게 늘 그렇게
새벽은 어느새

나른한 꿈속에
조심스레 찾아와
소리도 없이
두드리네 이 겨울에
뒤척이던 새벽과
전하지 못한 말들이
바람에 밤새
흩날리네 내리네
시리던 마음에

언제부터였을까
닿을 듯 일렁이다가
한마디 약속도 없이 사라지잖아
흐릿하게 찍힌
발자국만 남겨져 있는 밤
저기 멀리 보이는
반짝이는 불빛들이
노랫소리에 실려 와
어김없이 흘러가는 계절을 원망하진 않아
웃고 있을 네 표정을 알아
꿈 같은 지금이 흩어지더라도
이 겨울은 영원으로 남아

새하얀 바깥과
고요한 방 안
그대 부디 이 밤을 꼭 덮고
나쁜 꿈 없이 Good night

나른한 꿈속에
조심스레 찾아와
소리도 없이
두드리네 이 겨울에
뒤척이던 새벽과
전하지 못한 말들이
바람에 밤새
흩날리네 내리네
시리던 마음에",0
425,사계,스와디(Swadi),"유난히 아름다웠던 봄
활짝 피었던 볼
꽃보다 향긋했던 너의 향
손목에 코
이미 알았지
뭘 몰라
소주에 따랐지
no 콜라
유난히 더웠던 여름
우리 할 거 다 해봤어 뭐든
푸른 바다, 별, 밤 하늘과 달
눈에 가득 담아 너를
솔직히 안 해본 게 어디 있겠어
누가 놀렸듯이, 나이 서른에
근데 있잖아 진짜 처음 같아
꿈을 꾸고 온 것처럼
유난히 짧았던 가을
난 바람막이, 벽이 되어
벌써 벌벌 떠는 너를
품에 안은 채 이불을 덮어
잠에 든 널 바라보다
괜히 건드려 한번 깨워
흔드는 팔을 잡고 say
너가 뭘 할 수 있는데
겨울이 오면 추울텐데
어디 가지 않고 옆에 있어줄게
손.꼭.붙.잡.고.서
겨울이 오면 추울텐데
어디 가지 않고 옆에 있어줄게
손 꼭 잡고 걷자 트리 앞을
눈사람도 완전 대따 크게
겨울이야 이제 눈이 오는데
여기 혼자 서있네
봄을 가득 담은 듯한 눈으로
날 바라봤던 넌 없고
여름 태양처럼 뜨거웠던
우린 껴입어도 이제 추워
알록달록 가을 같았었던
우리 꿈은 결국 얼룩졌어
누구의 탓도 아닌데 왜
모두가 아플까 왜
차라리 손가락질을 해 나한테
울고 때리든지 뭐든 다 해
술에 떡이 되서 전화 걸어 욕 해
왜 가만히 있는데
겨울이 오면 추울텐데
어디 가지 않고 옆에 있어줄게
손.꼭.붙.잡.고.서
겨울이 오면 추울텐데
어디 가지 않고 옆에 있어줄게
손 꼭 잡고 걷자 트리 앞을
눈사람도 완전 대따 크게
겨울이야 이제 눈이 오는데
여기 혼자 서있네",3
426,36.1°C,Jae₩ON,"사람 냄새가 안 나
눈물이 안 나
우는 시간이 아까웠나
우는 법을 잊어버렸나
야 다 괜찮아질 거야
사람은 간사하니까
사람은 간사하니까
돌고 돌아 바보 같은 짓
다시 해보려 결심
돌고 돌아 같은 길
다시 고인 고민
그 나이 때에만이 할 수 있는 것
그 나이대에만이 할 수 있는 것
그게 나일 때에만이 알 수 있는
If I 내가 부자였다면
If I 내가 거지였다면
If I 내가 성공한다면
If I 내가 끝이 난다면
결국 내가 나를 세게 안게 되면
내가 나를 알게 되며 채워지는 내면
결국 내가 나를 세게 안게 되면
내가 나를 알게 되며 채워지는 내면

구체화된 미래를 요구하지마
유체 이탈 인지해 메타
유통기한 끝나지 않을 줄 알았던 나의 전성기가
비수기가 되더라도 준비 시기
변성기가 오더라도 목소리
지르지 말고 지나가니 기다리기
크게 숨을 쉬기

나쁜 사랑과 싸가지 없는 거는 다른 거야
나는 사랑에 목말라 않는 거야
나쁜 사랑과 싸가지 없는 거는 다른 거야
나는 사랑에 목말라 않는 거야",2
427,Leave me alone (feat.cocoontherock),Moshdalife,"I had a scary nightmare
혼자면 매일 crying
내 꿈을 그려 drawing up
my pants keep falling down

여긴 뭔가 탁해
지나니 너무 복잡
이젠 누굴 탓해
앞만 보니 25
발게벗은 나체
새로운 걸 try
아침이 와도 밤
깊은 잠에 i’m dreaming

alone in the room 너에겐 비밀
i drowing in my dreaming
처음인 것처럼 위피
첨부터 찾았어 재미
그러니 넌 떠날 채비
where is my time
잊어? 과연 내게 so happy?

방보다 좁은 곳으로
어딜 떠나 여기도 섬인데
내게 희망은 없어
과거가 내겐 fairy tale
올라가려고 try
놔 please 현생을 살아 저 밑에
또 발 담궈 기웃대

눈떠 다 fatasy
i’m in the game
stars of the galaxy
my life is change
what time is it?
이러는 게 what do you mean

I had a scary nightmare
혼자면 매일 crying
내 꿈을 그려 drawing up
my pants keep falling down

여긴 뭔가 탁해
지나니 너무 복잡
이젠 누굴 탓해
앞만 보니 25
발게벗은 나체
새로운 걸 try
아침이 와도 밤
깊은 잠에 i’m dreaming

Oh yeah
시곈 돌아가
시간 지나가
Miss the timing
Uh yeah
아직 그 용기가 안 나
내가 잘못한 거 같지
그래서 모든 것을 제쳐두고 Pull up
(She’s takin’ another hoes)
Oh Yeah
Bring that s**t, I just broken
Never trust you, say good bye
난 그때로 돌아간다면
난 더 이상 널 만날 이유는 없겠지
(난 오늘 밤도 취해)
I really hated numb
오늘도 그려 널
하지만 어둠 속
마지막이길 broke
(I’m f**kin’ broke)

I had a scary nightmare
혼자면 매일 crying
내 꿈을 그려 drawing up
my pants keep falling down

여긴 뭔가 탁해
지나니 너무 복잡
이젠 누굴 탓해
앞만 보니 25
발게벗은 나체
새로운 걸 try
아침이 와도 밤
깊은 잠에 i’m dreaming",1
428,LOV3T@SY (feat. Synd),Woods KINN,"Where are we now? Yeah
Promise of love is illusion yeah
Even if I get burned in your eyes
All I needed was you
You know that, baby
다 알면서 자꾸 날 흔들었고,
다시 내려놔
Babe your love is so bitter
What is this? Something is falling
If it's not tears or ashes, then what it is?
It is so weird
We‘re emotional
I can’t hold it more
We can’t take it back ohhh
It is so weird
We‘re emotional
I can’t hold it more
We can’t take it back ohhh
I miss you, when I dream about you
Girl I’m sorry
I just want your arms
지난밤에 문자는 sorry
See my opps gon clean up
봐 난 진심이야 여기
Don’t know where I am headed
알아도 그저
다시 내려놔
Babe your love is so bitter(Umm)
What is this? Something is falling(falling)
If it's not tears or ashes, then what it is?(What It is~)
It is so weird
We‘re emotional
I can’t hold it more
We can’t take it back ohhh
It is so weird
We‘re emotional
I can’t hold it more
We can’t take it back ohhh
넌 또 내가 미안해
이젠 네 마음 아플 일
두 번은 절대 없게
약속한단 네 말에
다시 backward
아닐 걸 알아 난 but
네 말엔 난 또 helplessness, lose all
넌 태연하게 웃어
It is so weird(Whoo~, So~)
We‘re emotional(Emotional~)
I can’t hold it more
We can’t take it back ohhh(Oh whoa~)
It is so weird(Yeah)
We‘re emotional(Emotional~)
I can’t hold it more
We can’t take it back ohhh(Ohhh~)
It is so weird
We‘re emotional
I can’t hold it more
We can’t take it back ohhh
It is so weird
We‘re emotional
I can’t hold it more
We can’t take it back ohhh",4
429,말리부 (Feat. woOnim),리마(LimA),"[Hook]
야 너 지금 어디야
떠날 준비 말리부
목적지는 또 어디로 갈래?
저번보다 더 더 멀리로

운전대 왼쪽에서 slide
오른쪽에다가 ride
난 괜찮아 오늘만
날이 아니니깐

Party now time 달려 that‘s right
옆자리 당장 타 let's ride
아무도 찾지 않아
발걸음 이끄는 곳으로 가

이번엔 어디야?
곧 떠날 거야 더 멀리로
다음엔 넌 또 어디로 갈래
이태리 아님 파리로

[Verse1 – LimA]
터지도록 캐리어 지퍼가
uh uh uh what's inside
in my head no phills feel alright
when heard the title thought of liquor right?
저녁이 됐으니 해는 치워놔
tik tok tik tok 창문 밖은 black out
지나온 거리 back to 여러 두 눈이
가빠진 숨소리 비춘 네온사인

고개 내미니 반겨 상쾌한 공기
Empty head 자린 많아 my bag
시원한 바다 손에 술 한잔
야자수 아래 자리 잡아놔 식사
첨 보는 사람 첨 보는 풍경
그 사이에 내 이빨은 하얗게 빛나
turn off the phone 부재중 100통
인천 국제 티켓 하늘 위로 직항

[Bridge]
why are you blowing the wind into my heart
There are tiny dots 내 밑으로 ya ya ya ya
고개 들어 no limit no sky 찍어 특이점
집을 수 있는 건 검지뿐 목적지를 정해 엄지 꾹

[Hook]
야 너 지금 어디야
떠날 준비 말리부
목적지는 또 어디로 갈래?
저번보다 더 더 멀리로

운전대 왼쪽에서 slide
오른쪽에다가 ride
난 괜찮아 오늘만
날이 아니니깐

Party now time 달려 that‘s right
옆자리 당장 타 let's ride
아무도 찾지 않아
발걸음 이끄는 곳으로 가

이번엔 어디야?
곧 떠날 거야 더 멀리로
다음엔 넌 또 어디로 갈래
이태리 아님 파리로

[Verse2 - woOnim]
(It's woonim make a money rain ya)
너 지금 어디야?
이 도시의 밤은 아직 긴데 왜 벌써
have a good night?
콘크리트 사이 사이 네온사인 위로 올라오지 연기는
알코올과
I livin life more saucin 아깝지 않니
I do not waste time ya
Need more flight
빈 잔에 독하게 말아 Take a shot
Roll in the city I got a big dream
Goin up, break it up spoti
그려놓은 그림이 많지
정신 차려 이런 young boi
각박해진 세상에 갑갑하게 굴진 말어
디자이너처럼 우린 creative 하게 걸어
입만 움직이지 말고 걸어

[Bridge]
why are you blowing the wind into my heart
There are tiny dots 내 밑으로 ya ya ya ya
고개 들어 no limit no sky 찍어 특이점
집을 수 있는 건 검지뿐 목적지를 정해 엄지 꾹

[Hook]
야 너 지금 어디야
떠날 준비 말리부
목적지는 또 어디로 갈래?
저번보다 더 더 멀리로

운전대 왼쪽에서 slide
오른쪽에다가 ride
난 괜찮아 오늘만
날이 아니니깐

Party now time 달려 that‘s right
옆자리 당장 타 let's ride
아무도 찾지 않아
발걸음 이끄는 곳으로 가

이번엔 어디야?
곧 떠날 거야 더 멀리로
다음엔 넌 또 어디로 갈래
이태리 아님 파리로",9
430,Grand pulse,YUNS,"[가사 준비중] 멜론 회원 여러분! 가사 등록을 기다리고 있어요.
가사등록하기",0
431,Suicide,Nastylone,"West side west side
My bitches from the west side
South side (yeah)
Bitch I’m from the south side
Fail or fail (yeah)
I choose the fuckin suicide
Don’t stop (yeah)
Even if it's a red light

Get on the plane (yeah)
with a lot of yen (huh)
“Baby please stay here”
난 가야해 (huh)
We on fuckin g block
넌 그냥 섹파
내 생각만 난대 맨날
난 안해 계산

Yeah
Uhm
Yeah
Yeah

West side west side
My bitches from the west side
South side (yeah)
Bitch I’m from the south side
Fail or fail (yeah)
I choose the fuckin suicide
Don’t stop (yeah)
Even if it's a red light

Pull up on a shibuya (huh)
Roll on more,smokin dope (yeah,yeah)
She said lone “pick up the phone” (yeah,yeah)
Please don’t kill my mood bitch
I just wanna get high
Every time I shine
But you're still a fuckin poor guy
I took too much drugs
bitch I’m Overdose (huh)
Yeah (yeah) bitch I'm stuck at midnight
Huh,huh
Oh
Why do you wonder where I'm from?
But my bitches my from the fuckin

West side west side
My bitches from the west side
South side (yeah)
Bitch I’m from the south side
Fail or fail (yeah)
I choose the fuckin suicide
Don’t stop (yeah)
Even if it's a red light

West side west side
My bitches from the west side
South side (yeah)
Bitch I’m from the south side
Fail or fail (yeah)
I choose the fuckin suicide
Don’t stop (yeah)
Even if it's a red light

(Ohhhhhhh)

Ohhhhhhhh",3
432,전부 다 어디에 (Feat. Blank!d),JSK,"전부 다 어디에
전부 다 어디에
전부 다 어디에
전부 다 어디에
전부 다 어디에
전부 다 어디에
전부 다 어디에
전부 다 어디에
전부 다 어디에
전부 다 어디에
혼자 남아 all day
mic 앞에서 건배
전부 다 어디에
혼자 남아 all day
mic 앞에서 건배
전부 다 어디에
혼자 남아 all day
mic 앞에서 건배
전부 다 어디에
혼자 남아 all day
mic 앞에서 건배
난 꿈에서 깨어나 폈어 기지개
주윌 둘러보니 사방이 지뢰
갈 길을 잃은 니 까만색 미래
롤렉스 아니면 차지마 시계
허영심에 목숨을 걸어
마시고 지웠어 난 처음처럼
하지만 그때보다 많은 걸 벌어
니 말들은 뜻 없어 필요해 번역
머리가 어떻게 돼버렸나봐
진작에 패대기쳐버린 책가방
나중은 커녕 되는대로 막 살아
주변이 사라지고 못됐지 사람
진짜로 필요해 보여 책임감이
비교하지 말라고 저런 핫바리
난 벌 만큼 벌어 쓸어 담아버린 뒤에
챙기고 있다고 날 따른놈까지
전부 다 어디에
전부 다 어디에
전부 다 어디에
전부 다 어디에
전부 다 어디에
전부 다 어디에
전부 다 어디에
전부 다 어디에
전부 다 어디에
전부 다 어디에
혼자 남아 all day
mic 앞에서 건배
전부 다 어디에
혼자 남아 all day
mic 앞에서 건배
전부 다 어디에
혼자 남아 all day
mic 앞에서 건배
전부 다 어디에
혼자 남아 all day
mic 앞에서 건배
mic 앞에서 건배
나 혼자 남았지만 걸었지 runway
최고라 외치던 놈들은
넘쳤지 하지만 전부 다 어디에
태도는 변함없이 그대로
새로운 것에 반응하는 머릿속에 회로
어제의 나조차 내게 있어 error
느끼고 있나 봐 천재의 외로움
I live in ma stu
24/7 쉴 틈 없이 쭉
돌릴 틈 없어 숨
붉어져가는 눈
밑에 그림자가 져도
i don't care 걸을 뿐
쓰러지기 전까지 멈추지 못해
이게 내가 택한 길이잖아 뭐 어때
떨어지더라도 바꿔 높게
날아가는 비행 믿어 자신을 errday
전부 다 어디에
전부 다 어디에
전부 다 어디에
전부 다 어디에
전부 다 어디에
전부 다 어디에
전부 다 어디에
전부 다 어디에
전부 다 어디에",1
433,City view (2023),도하,"숨찬 대로변을 등진
앞산을 향해
발걸음을 내딛고서 곧 숨이 차오를 때
연달아 뛰기 시작해
심장과 발걸음이 하나로 뭉쳐질 땐
120 템포
땀이 치솟고 어깨가 요동쳐
처음 느껴보는 듯한
희열을 느끼는 순간
몸과 속은 반대로 움직여 숨차

여태 숨이 막혔었던
저 밑 회색 도시 와는 다른 여긴
똑같이
숨 헐떡이지만
아무도 그런 모습을 헐뜯진 않아
그저
산 소리
새 소리
내 숨소리
머리 안 쓴 소린
잠시 잊어버린 채
발걸음에 나를 맡기고 움직이다 보니
더 멀어졌네
멀리 있어

여기선
멀리 있어 가족 친구 다
멀리서 천천히 돌아봐
뭘 위해서 살아?
뭘 위해서 먹고?
뭘 위해서 숨쉬어? 멀리에서 바라
본 내가 왔던 길
내려다본 도로 위엔 차
거리 위엔 점들이 전부 사람 다
인생을 살아가는 사람
긴 생을 살아가는 사람

그 속을 살아가며 살아
그 속을 살아가며 살아

그 속을 살아가며 살아
그 속을 살아가며 살다

사라져 가 사라져 가
또 사랑하며 살아가며

사라져 가 사라져 가

저 밑에서 내 숨통을 조여 맸었던
긴장감들을 벗어놔
웃긴 잠에서 깨어난 듯
더 개운하게
빠져나간 독들 까지
다 해독하기보다
그냥 내려뒀네

하늘과 맞닿은 언덕
지금 난 어딘가에
서 있는 시간들을 느끼면서
어제 만들었던 나를 이어
지나며 기억
다시 또 기록
하면서 다른 내 추억으로 반복돼
맴도네 내 주변을 매일
또 내일이 밝고 어제는 저번 주로 덮어져 기억의

저편으로 저물었던 것들로 넘어져 가
그건 다 하나로 단합되어

내 곁을 맴돌아 또
내 곁을 맴돌아 또
내 곁에
있길 바랬던 것들을 뒤로한 체
올라서서
멀리서 바라본 도심

굽이굽이 달리는 차
사람 그 사이는 집
저기에
쌓인 먼지 앞에 보인 경치
내려다본 동네 안의 우리 집
멀리서 보니 커 보였던 것도 다
작게
모여서 뭉쳐진
덩치 큰 경치

So
Put it down now
Put it down

It’s nothing",0
434,DELUDE,MOB CREAM,"청소년 보호법에 따라 성인 인증이 필요한 콘텐츠 입니다. 성인 인증 후 이용해 주세요.
성인 인증",0
435,달에 네이름을 새겼어 (feat.kuinonn),Cruelley,"더 shine like moon light
넌 별사이 피어나
저 달에 널 데려간다고 말했잖아
약속했었잖아
눈 감으면 반짝
하고 도착할 테니 잠시 눈을 감아

달에 네 이름을 새겼어
사랑에 가치를 왜 매기겠어
하늘 위 별들에 또 빌었어
너에게 보여주기 위해서 새겨

별 자릴 이어 전했어
사랑한 다는 말을 네게 보냈어
네가 듣고 싶다고 했던 말들을 모아서
check list one, two

네가 좋아하던 행동
하나하나 적어 모아둔 폰
안에 메모장에 빼곡
하게 남아있어 全部

어린아이처럼 feel so
high 한 시선들은 고정
달에 남긴 흔적에 벙쪄
있는 모습을 보며 지은 미소

baby im maybe 같이 가지 못할지 몰라
lady my honey 달에 널 혼자 두게 될지 몰라
maybe alone her 혼자라 느껴질 수 있겠지만
Please don't be sick now 네가 행복할 수 있다면

baby im maybe 같이 가지 못할지 몰라
lady my honey 달에 널 혼자 두게 될지 몰라
maybe alone her 혼자라 느껴질 수 있겠지만
Please don't be sick now 네가 행복할 수 있다면

더 shine like moon light
나 별사이 피어나
저 달에 날 데려간
다고 말했잖아
약속이라 했잖아
네 생각이 반짝
하고 묻어둘 테니 잠시 눈을 감아",0
436,Scindapsus,inuii(이누이),"난 괜찮아요

걱정 말아요
원래부터 혼자가 익숙해요
내 생각나면
들러만 줘요

그거 하나면 나는...

It’s okay okay

(많이)

바빠서 잘 못봤던 날

(답이)

없어서 답답했던 날

(날이)

흐려졌다가 개어도

잊지 않아요

그댈 사랑하는 건 나야

기억해줘요

여기 언제나 내가 있는 걸


때로는 창밖을 멍하니
바라보기만 하다
(그러다가 깜빡)

어느샌가 날이 지나
잠에 들어버릴지도 몰라

그대의 작은 책상 위의
일기를 열어보다

귀퉁이에 그린 낙서에
몰래 웃음 지을지도 몰라

It’s okay okay

(많이)

바빠서 잘 못봤던 날

(답이)

없어서 답답했던 날

(날이)

흐려졌다가 개어도

잊지 않아요

그댈 사랑하는 건 나야

기억해줘요

여기 언제나

내가 있는 걸

It’s okay okay

(많이)

바빠서 잘 못봤던 날

(답이)

없어서 답답했던 날

(날이)

흐려졌다가 개어도

잊지 않아요

그댈 사랑하는 건 나야

기억해줘요

여기 언제나

내가 있는 걸",3
437,인생영화 (Feat. 정지소),pH-1,"I’m looking back on my old days
모든 걸 아는 줄만 알았던 때
내 마음대로 living my life how I wanted to
너무 철없게
Shortcuts are easy
시간 낭비는 내 취미
큰 꿈은 있어도
힘든 건 싫어
무작정 또 빌어
너무 어렸네

They say life is like a movie without a story
정해진 게 하나 없지만
That’s why
I say god I need answers
I been praying like a mantis
때론 오해할 뻔했어 매번 내 기도를 회피
답답한 마음에 매일 같이 숨을 고르네
이제 곧 보게 될 기적들을 난 모른 채

만약에 단 하루라도
내게 힘이 주어진다면
처음부터 다시 돌려볼 거야
보고 또 봤던 인생 영화처럼

Time’s passed and I can’t believe it
상상으로만 했던 많은 일이
두 눈앞에 마치 TV
처럼 생생하게 잡혀 3D
All around the world you can see me
세탁해서 버신 부모님의 돈
아버지 손처럼 몇 십 배는 불었고
무대 위에 선 나를 보는
수많은 팬들 So beautiful
좀 미쳤어 내 삶은 누가 뭐래도

They say life is like a movie without a story
정해진 게 하나 없지만
That’s why
I say god I need answers
I been praying like a mantis
때론 오해할 뻔했어 매번 내 기도를 회피
돌이켜보니 모든 것엔 다 이유가
있었네 I thank you God that I’m still alive

만약에 단 하루라도
내게 힘이 주어진다면
처음부터 다시 돌려볼 거야
보고 또 봤던 인생 영화처럼

지나온 매 순간들이
다 잊을 수 없는 장면들처럼
때론 눈물이 번져도
삶에 끝엔 웃을래

만약에 단 하루라도
내게 힘이 주어진다면
처음부터 다시 돌려볼 거야
보고 또 봤던 인생 영화처럼","3,307"
438,끝,GongGongGoo009,"그래 누가 내 마음 알겠어
나도 모르는데 친하지도 않은 사람 앞에서
별말을 다 하네 취했나 봐

자극에 너무 익숙해졌나
시작은 이게 아닌데
요즘 잠이 안 와
너도 나랑 다를 게 없다고 믿고 싶어 넌
끝이 있다고 말해 줬는데
별거 아닐 거라고

너가 말한 별거 아닌 고통에 난 며칠째 빠져있어
시작의 설렘보다 과정의 안정감을 주던 너가 없어져서

다 끝나고 나니 이게 사랑이었구나
다 끝나고 나니 이게 사랑이었구나
다 끝나고 나니 이게 사랑이었구나
다 끝나고 나니 이게 사랑이었구나

몸이 천천히 굳어가
이게 나를 피곤하게 할걸 알면서도
기억은 떠나지 못한다고 말했는데
그게 사실은 다 거짓말이라고 해도
난 그냥 다 속을래
아무리 생각해 봐도 내가 더 나빴네

다 끝나고 나니 이게 사랑이었구나
다 끝나고 나니 이게 사랑이었구나
다 끝나고 나니 이게 사랑이었구나
다 끝나고 나니 이게 사랑이었구나

철든 게 아냐 물든 거겠지
멀리서 보면 못 믿겠지
가까워질 줄 모르고 했었던 거짓말
한 번이라도 솔직해질걸

시간은 시간 없다 말했는데
기억은 떠나지 못한다고 말했는데

다 끝나고 나니 이게 사랑이었구나
다 끝나고 나니 이게 사랑이었구나
다 끝나고 나니 이게 사랑이었구나
다 끝나고 나니 이게 사랑이었구나",143
439,Winter Is Coming (Feat. Huckleberry P),크루셜스타 (CRUCiAL STAR),"winter is coming
잘 간수해 내 body and soul
winter is coming
안 힘들다고 센 척 해도
winter is coming
난 준비하고 각오해 겨울
winter is coming yeah winter is coming uh
어이가 털려버린 rappers 맷돌
인생은 생각보다 겁나 맵고
난 패딩 입고 펼쳐놨지 map the soul
이건 전쟁이야 나는 Jon Snow

전부 f**k you 내 태도 마치 안병웅
약아빠진 새X들은 맨날 간 보구
물러빠진 랩은 두고왔어 마포구
강팀 앞에서도 내가 할 건 사포구
선수인 척 했던 쫄보들의 주검
사인은 돈독일거야 해보라고 부검
시체가 널렸지만 힙합 팬들 말해 알빠노?
그게 이 시대의 정신이니 간빠레
난 바로 더 빡센 길을 걍 자원함
날 성장 시켜줄 수 있는 것들 난 다 원함
난 투자해 내 미래에다 ain't no 양자역학
이 길냥이 새X들 못 믿겠으니까 난 강강약강
난 총알보다 무서운 내 철학 겨눠
너 힘 빡 줘봤자 내 눈엔 짭 Gunna
한 철 빡 벌어 가기 애매해?
이젠 지구 전체가 전부 Everest

winter is coming
잘 간수해 내 body and soul
winter is coming
안 힘들다고 센 척 해도
winter is coming
난 준비하고 각오해 겨울
winter is coming yeah winter is coming uh
어이가 털려버린 rappers 맷돌
인생은 생각보다 겁나 맵고
난 패딩 입고 펼쳐놨지 map the soul
이건 전쟁이야 나는 Jon Snow

자 이제 깰 시간이야 한여름 밤의 꿈에서 모두
그 명품 패딩은 이미 철 지난 dress code
손발에 감각이 아예 없어지게 될 무렵
그 때 가서도 니 ice 타령 어디 한 번 해보렴
이번 겨울은 유독 길고 추울거란 전망
언제까지고 한여름일 줄 알았건만
예정도 없이 갑자기 불어닥친 눈보라
얼어죽은 개구리들의 시체로 가득 찬 우물 안
winter is coming 한파주의보
이건 전에 경험해보지 못했던 강추위고
미리 대비하지 못했던 이들은 그저 굶을 수 밖에
한 철 벌어먹던 배짱이에겐 너무 가혹해
자 이제 깰 시간이야 한여름 밤의 꿈에서 모두
굳게 걸어잠긴 문 어느새 바뀐 password
너를 지켜줄 건 여전히 잘 짜여진 열여섯마디
그게 없다면 너에겐 영원한 겨울만이

winter is coming
잘 간수해 내 body and soul
winter is coming
안 힘들다고 센 척 해도
winter is coming
난 준비하고 각오해 겨울
winter is coming yeah winter is coming uh
어이가 털려버린 rappers 맷돌
인생은 생각보다 겁나 맵고
난 패딩 입고 펼쳐놨지 map the soul
이건 전쟁이야 나는 Jon Snow

우리나라 제일로 좋아하는 것은 일등하기
남의 순위 점수 매겨 비교하기 경쟁하기
이건 우리 뿌리 깊은 곳의 DNA
꼬맹이 때부터 노예 교육을 받았네
정답은 없는데 정답이 있기만을 바라네
그래서 또 타인의 인정만을 더욱 더 갈망해
그래야 내가 틀리지 않았음이 합리화가 돼
전부 깨지는 날이 올거야 그 환상이 homie",134
440,MAN UP,비지 (Bizzy),"gotta keep my head up high 하늘 아래 지키는 내 매너
uh MAN UP imma keep my hands up higher 깊이 돈만 주머니속 에넣어
Man up
gotta keep my head up high 하늘 아래 지키는 내 매너
uh MAN UP imma keep my hands up higher 깊이 돈만 주머니속 에넣어

I’m not the illest
I’m just the realest
솔직하게 얘기할게, f all ur feelings
돈주고 사는 친구들 they ain’t my fellas
I know too much, r u jealous
Bring them out Bring them out He can’t come out
진심을 담아 spit bars ‘Karma’
하늘 아래 지키는 내 매너
아는 사람들은 알아 I’m fed up
일단은 아이들을 재워
고개숙인 자들을 깨워
Life is a movie 벤허
돈 주고 산 잘난 밴너
아침에 이불이나 개 너
그녀는 소프라노 I’m 태너
죽어도 안그랬다 짓거리는 개나
다 얘기할게 모르겠다,에라이

Man up
gotta keep my head up high 하늘 아래 지키는 내 매너
uh MAN UP imma keep my hands up higher 깊이 돈만 주머니속 에넣어
Man up
gotta keep my head up high 하늘 아래 지키는 내 매너
uh MAN UP imma keep my hands up higher 깊이 돈만 주머니속 에넣어

지나간 일들 전부 잊기로 해
새로운 날이 오기를 간절히 기도 해
아픔을 치료해 영혼을 위로해
슬픔은 뒤로해 영원히 이렇게
누구를 탓하기전에 I ganna move on
물렀지만 한잔 가득히 부워
참을 인 자 세번 not poor
Ask anybody, my reputation pure
껐다 켰다 반복해서 이겨낸 Error,
808 주파수 맞춰 Channel
계산적인 움직임 don’t add up
지 밖에 모르는 no 배려
Same 래파토리, 그만 좀 해라
또 도망 가냐 뒷걸음질 매번
속담엔 작은 고추가 매워
신경 꺼 내 얘긴 아닌데 뭐

Man up
gotta keep my head up high 하늘 아래 지키는 내 매너
uh MAN UP imma keep my hands up higher 깊이 돈만 주머니속 에넣어
Man up
gotta keep my head up high 하늘 아래 지키는 내 매너
uh MAN UP imma keep my hands up higher 깊이 돈만 주머니속 에넣어
Man up
gotta keep my head up high 하늘 아래 지키는 내 매너
uh MAN UP imma keep my hands up higher 깊이 돈만 주머니속 에넣어
Man up
gotta keep my head up high 하늘 아래 지키는 내 매너
uh MAN UP imma keep my hands up higher 깊이 돈만 주머니속 에넣어",30
441,Back On The Game,넉살,"불공평한 세상을 쓸어 버릴래 난 태풍
도망치기 바쁘지 겁쟁이들의 첫 step은
솔직히 포기하는 걸 권하고 싶어 대부분
어떤 이의 인생은 슬프게도 사기 매물

숨 좀 쉬자 멱살 잡았더니 법대로 폭행죄를
부탁한 건데 매맞은 이에게 또 매를
볼 수 없어 해를 진실을 알기 전에 난
지킬 거야 권력 앞에서도 나의 의지를

돌아 갈래 너가 말한 지름길 택할 리 없지
내 길을 걷지 기댈 곳이 없으니 혼자서 싸우지
비틀거려 발 밑이 기름 가득해 불씨를 조심해
언제든 불붙지 누구와 붙든지

포기하기 싫어 패배자로 남아도
링위에서 죽을래 죽어서나 무덤에 숨을래
기회를 노려 조심해 내가 숨 죽일 때
한 발 남은 나의 삶 널 향해 줌을 당기네

back on the game
back on the game
back on the game
back on the game
back on the game
back on the game
back on the game

one shot 반전을 만들어내
사기꾼들보다 머리위에
one shot 저기 팔자 좋게
사는 악당들 때문에 back on the game

one shot, one shot again
one shot, one shot again
one shot, one shot again
난 혼자 겁도 없이 back on the game

권리와 의무, 법 앞에 평등
그 테두리는 가끔 약자에겐 병듦
아프단 게 아니라 진짜 머리 위로 병든 술 취한 갱스터
살아 남아 내가 익힌 첫번째 버릇

머뭇거리며 양보하면 가진 보따리도 채
항상 상대방이 뭘 숨겼는지 주머니를 check
말끔한 정장을 조심해 like 존 윅
언제나 전쟁을 준비, 방심은 평화 속에 숨지

언제나 보고 있어 너의 뒤
내겐 숨길 수 없어 너의 비겁한 짓
죄값을 치뤄야지 나에게 너가 진 빚
아직은 볼 수 없어 철창 밖의 빛

난 지지 않아 혼자서 싸워도
내 머리 위 권력으로 내리 찍어도
날 건들 수 없어 센 놈이랑 친해도
내 주머니의 한 발 남았어 조심해 너

back on the game
back on the game
back on the game
back on the game
back on the game
back on the game
back on the game

one shot 반전을 만들어내
사기꾼들보다 머리위에
one shot 저기 팔자 좋게
사는 악당들 때문에 back on the game

one shot, one shot again
one shot, one shot again
one shot, one shot again
난 혼자 겁도 없이 back on the game

one shot, back on the game
난 겁도 없이 back on the game
언제나 이겨내지 나답게
혼자서도 문제없어 일당백

one shot, one shot again
one shot, one shot again
one shot, one shot again
난 혼자 겁도 없이 back on the game",3
442,Shower,블루멍뜨 (Bluement),"today I'll take a shower uh
원해 fresh 밤에 지고
다시 또 피는 flower
yeah yeah 조금 더 놓길 원해
나의 모든 걸 I hate
눈치 보는 나를 hate
그러니 그런 더러운 걸 닦고
새로 단장하길 원해 please wait wait
양치를 하며 욕을 빼는 중
클렌징폼에 얼굴 fres
신중하게 물의 온도를 재는 중
기다리는 동안 거울 보며 hey
샴푸로 더러워진 머리 안을 헤집어버려
조금 부드럽고 싶으니 린스 하지
힘 없이 내려져 버린 머리를 다시 넘겨버리고
물줄기로 goal in 다음 body wash
머리부터 발끝까지 다시
새로 태어나려 해 딱 어제까지
hey mama I wanna break this loop
I'm taking a shower brandnew power
I wanna go higher umm umm umm
이제 끝 입던 옷은 미련 없이 툭
I hate repetition
I hate repetition
I hate repetition
so I need a shower
하고 있어 샤워
umm hours and hours
입어 새로운 colors
I want something new
하고 있어 샤워
umm hours and hours
입어 새로운 colors
I want something new
umm umm 뜨여진 눈 yeah
umm umm 시원해진 숨 yeah
vroom ah ready to fly
새 착장에 지어 웃음 yeah
원해 시원한 카페인 uh
뜨거운 속을 비운 담에 uh
fresh air yeah I want it umm
바람이 쓸고 지나간 작은 벤치에 앉아서
umm now I'm feeling 여유
얼마 만인지 헷갈릴 만큼
그래 혼자 우는 것도 지쳤단 말야 umm
one two three four
umm now I'm feeling 여유
오는 인연을 놓쳤던 만큼
그래 겁이 나는 것도 다 지쳤단 말야
Let's rewind it
머리부터 발끝까지 다시
새로 태어나려 해 딱 어제까지
hey mama I wanna break this loop
I'm taking a shower brandnew power
I wanna go higher umm umm umm
이제 끝 입던 옷은 미련 없이 툭
I hate repetition
I hate repetition
I hate repetition
so I need a shower
하고 있어 샤워
umm hours and hours
입어 새로운 colors
I want something new
하고 있어 샤워
umm hours and hours
입어 새로운 colors
I want something new
shower",3
443,부랑자 (Feat. 김민채),Tls,"궁금해졌지 내가 보낸 메시지 안에
응답해 줄지 내 모습은 부랑자 같아
난 새로워지잖아
남친이 래퍼야?
나도 똑같잖아
아니 내가 더 잘하는 거 같던데

기분이 나쁘게 하려 한 건 절대 아닌데
데이트할래 오빠 몰래 만나면 안 돼?
너도 나랑 똑같은 마음인 것 같던데
아닌가..

네가 보낸 텍스트 속 질문에
사실 나는 망설인 적 없거든 이런 걸

속된 말로 끼리끼리 논다고 하던데
그럼 우린 서롤 잘 알아본 건가

사랑 연애 애착 나는 이런 단어랑은 안 어울리거든
음 그래 너도 선택하기 어려운 거 잘 알잖아

궁금해졌지 내가 보낸 메시지 안에
응답해 줄지 내 모습은 부랑자 같아
난 새로워지잖아
남친이 래퍼야?
나도 똑같잖아
아니 내가 더 잘하는 거 같던데


난 그저 보고 싶단 말만 했어
돌아와도 책임일걸
너의 며칠 밤을 함께 하고 싶어 죽겠어

Watch one your best
너의 착장엔
내가 못 본 옷들만
또 새로운 향기가

뺏어 널 위한
된거야 위안
몇 번의 소리가
억지로 돌려 말한

됐어 아냐 미안
억지로 한거 맞아
근데 왜 울어 *발
위로를 바래 난

궁금해졌지 내가 보낸 메시지 안에
응답해 줄지 내 모습은 부랑자 같아
난 새로워지잖아
남친이 래퍼야?
나도 똑같잖아
아니 내가 더 잘하는 거 같던데

기분이 나쁘게 하려 한 건 절대 아닌데
데이트할래 오빠 몰래 만나면 안 돼?
너도 나랑 똑같은 마음인 것 같던데
아닌가..",5
444,말안하면 아무도 몰랐을걸,스몰키드(Small Kidd),"솔직히 말해 아무것도 아닌 사이
조금 가까웠던 사이
심심할때면은 연락주고 받던 사이였어

자꾸 외로울때마다
참고 버텨봤지만 이렇게
됐어 하나도 안미안해

사랑한다는 말보다는 난 진심이 필요했어
이렇게 너를 믿고 기다렸던 나만 바보였지 뭐
이제와서야 붙잡으면서 슬퍼하는 모습에
이상하게도 난 하나도 흔들리지 않았지

넌 내 머리속에선 외롭게 만든애로
말만 사랑한다면서 거짓말만 하던애로
그만하자 했을때 비굴하게 잡던애로
기억에 남겨줄게 다신 연락하지 말아줬음해",10
445,H=I! (feat.ELBIX),INEL,"안녕 또 안녕
매일 편지를 부쳐줘요
너와 내가 함께
걸었던 그 거리도
안녕 또 안녕
오늘은 편안한 밤이 돼요

So i walk in waling luna way
저 은하수를 넘어서
같이 걷던 거리에
추억들을 하나하나 모아서
태우면 별이 돼요
하늘로 날아가요
우리의 사랑이 재가 되고
죄가 되던 그때도

안녕 또 안녕
우리가 사랑한 기억도
안녕 또 안녕
매일 편지를 부쳐줘요
너와 내가 함께
걸었던 그 거리도
안녕 또 안녕
오늘은 편안한 밤이 돼요

안녕 못 해
떠나갈 너에게
는 더욱 더 못해
보고 싶었기에
안녕 또 안녕
기약 없는 약속은
너무도 못 돼
안녕이라는 말은 두 가지
뜻이 있다며 네가 뱉고
도망가듯 그 말을 회수하지 마
반갑다는 듯 도망치면서 웃는
그 얼굴에 가지 말란 말도 못 해
내 시간은 너로 다 비었어
내 하루가 다 너로 꽉 차서
but 안녕 또 안녕
두 시간 속의 너에게 안녕


안녕 또 안녕
우리가 사랑한 기억도
안녕 또 안녕
매일 편지를 부쳐줘요
너와 내가 함께
걸었던 그 거리도
안녕 또 안녕
오늘은 편안한 밤이 돼요.",1
446,단발좌,코이,"단발좌 등장, 모든 시선 lock-on
너의 vibe에 취해, 내 맘은 zone
눈빛 한 번이면 game over, checkmate
내 하루를 접수해, 너는 upgrade
네 걸음마다 rhythm, 스쳐가는 perfume
모든 게 cinematic, 너는 내 highlight film
단발 머리로 slice, 내 맘을 찢어
넌 내 universe, 다들 알지 내 pick-up
단발좌, 내 star, 너는 내 기준점
너로 시작된 하루, 이건 너의 시점
너의 모든 gesture가 내 playlist
끝없는 replay, 다른건 네 play
넌 나만의 classic
너의 웃음소리 drill, 가슴을 knock
작은 손짓 하나에 내 맘은 full stop
긴 머리는 없어도 vibe is top-notch
너의 존재 자체가 내 최고의 touch
너의 tone과 flow, 내 감정은 boom bap
내 속을 뒤흔드는 너만의 footstep
평범한 하루도 네가 remix해
넌 내 원앤온리, 절대 잊지 못해
단발좌, 내 중심, 너는 내 감정의 epicenter
너의 존재 자체가 만들어 낸 new chapter
모든 순간 너로 인해 다시 빛나는 track
이 리듬 속에서 너와 난 perfect match
너와 함께면 내 세상이 glitch-free
모든 puzzle이 맞춰지는 symmetry
넌 내 rhyme과 reason, my perfect beat
이 모든 곡은 너를 위한 masterpiece
단발좌, 내 영해, 너는 내 flow의 시작점
너와 함께라면 어떤 길도 끝이 없어
매번 새로워지는 너라는 masterpiece
세상이 멈춰도 너로 가득한 heartbeat
너의 웃음소리 drill, 너는 내 기준점
너로 시작된 하루, 이건 너의 시점
너의 모든 gesture가 내 playlist
끝없는 replay, 넌 나만의 classic
너의 웃음소리 drill, 가슴을 knock
작은 손짓 하나에 내 맘은 full stop
긴 머리는 없어도 vibe is top-notch
full stop
너와 함께면 내 세상이 glitch-free
모든 puzzle이 맞춰지는 symmetry
넌 내 rhyme과 reason, my perfect beat
이 모든 곡은 너를 위한 masterpiece
단발좌, 내 영감, 너는 내 flow의 시작점
너와 함께라면 어떤 길도 끝이 없어
매번 새로워지는 너라는 masterpiece
세상이 멈춰도 너로 가득한 heartbeat",7
447,베짱이,요비 (YOBi),"제발 떠나가지 말란 말
입에 달고 살아
거짓말을 해서라도
널 잡고 싶어
많은 사람들 중 나도 똑같아
없는 것을 자꾸만 꼭 지키려 해
사라지지 말란 말
입에 달고 살아
놓치지만 말자
내 옆에 붙어있어
나는 연습벌레도 아닌데
얻은 것을 자꾸만 지키려고 해
나는 굶어죽지 않아
행복을 들여 주고 싶어
배부른 베짱이고 싶어
게을러도 좋아 이게 나인걸
노는 게 좋은 베짱이도
걱정이 많은 베짱이도
나인걸 나인걸
이거 나인걸
다 미웠어
난 다 미웠어
나의 모든 게 다 싫었어
인정하고 싶진 않지만
이젠 조금씩
알 것 같아
나의 모습을
좀 알 것 같아
숨이 쉬어진다 이제야


-(행복하게 살자)-


2년 전에 베짱이는
걱정이 없었어
뭐든지 다 할 수 있을 것만 같았어
시간이 지날수록 늘어만 가
걱정의 무게는 얼마나 될까
생각이 많은 베짱이는 누워서
생각을 하다 보니 게을러 보여
어쩌면 베짱이는 누구보다
더 완벽하고 싶은 게 아닐까
배짱인 굶어죽지 않아
행복을 들여주고 싶어
배부른 베짱이고 싶어
게을러도 좋아 이게 나인걸
노는 게 좋은 베짱이도
걱정이 많은 베짱이도
나인걸 나인걸
이거 나인걸
다 미웠어
난 다 미웠어
나의 모든 게 다 싫었어
인정하고 싶진 않지만
이젠 조금씩
알 것 같아
나의 모습을
좀 알 것 같아
숨이 쉬어진다 이제야

-(행복하게 살자)-",5
448,Right now (Feat. Legendary Temo),babyleaf,"[가사 준비중] 멜론 회원 여러분! 가사 등록을 기다리고 있어요.
가사등록하기",0
449,술 취한 밤에,영헤르츠 (Younghertz),"술 취한 밤에 i'm fine 흔들거리는 도시위 나
술 취한 밤에 i'm fine 오지도 않을 기억 속에
다 가져가 다시 아파와
술 취한 밤에

더 생각이 많은 건 지금 술에 좀 취했어
미안 기분 탓이야 그냥 기분 탓이라고
더 생각이 잦은 건 요즘 기분이 그랬어
그냥 좀 취한 거 같아 미안 취한 것뿐이라고

우리 다시 돌아간다 해도 절대 행복하지는 않아
다시 돌이킨대도 그때의 그대로 불행할 걸 나도 잘 알지만

그래도 잠시만 거기 있어줄래
아주 잠시만 나를 좀 세게 안아줘

술 취한 밤에 i'm fine 흔들거리는 도시위 나
술 취한 밤에 i'm fine 오지도 않을 기억 속에
다 가져가 다시 아파와
술 취한 밤에

금방 익숙해지는 남겨짐
나도 해야지 웃음 이모지
솔직히 말하면 너도 울게 됐으면 좋겠다
지금의 나처럼 넌 don't stop
지금처럼 그대로 가 빗 말
너가 행복하길 바란다면 거짓말
이라니까 그래 그대로 가
다시 돌아오지 않아 나도 알고 있어

우리 다시 돌아간다 해도 절대 행복하지는 않아
다시 돌이킨대도 그때의 그대로 불행할 걸 나도 잘 알지만

그래도 잠시만 거기 있어줄래
아주 잠시만 나를 좀 세게 안아줘

술 취한 밤에 i'm fine 흔들거리는 도시위 나
술 취한 밤에 i'm fine 오지도 않을 기억 속에
다 가져가 다시 아파와
술 취한 밤에

술 취한 밤",7
450,AYA,김현직(JIK),"Everyday Sing
밤 새 AYA
What You Wanna Try
그냥 해 Tonight
그녀는 말해 Say
왜 넌 일만
너무 재밌네 너무 재밌어
AYA 녹음하고 내버려 That's ok
그녀는 blah blah 날 좀 냅둘래
Everyday Sing
밤새워 AYA
What You Wanna Try
그냥 해 Tonight
What You Wanna Try
Don't answer 하지 마
What You Wanna Try
하룻밤 원해 Night
근데 원하는 게 너무 많은데
다 이뤄낼 때까지 기다려줄래
왔다 갔다 저리 갔다 **버려 그냥 가
이해해 줄 친구들만 나머지는 떠나가
존나 빨아 빨아 난 puf puf pass down
What You Wanna Try
현타온 것처럼 뱉어
Mama Sorry 이제 돈 벌 시간이야
Don't Worry 훈이는 결국 Burning time
Say Nothig 뒷자리에서 벗겨 Now
Keep Going ** 다 드루와 마
Everyday Sing
밤 새 AYA
What You Wanna Try
그냥 해 Tonight
그녀는 말해 Say
왜 넌 일만
너무 재밌네 너무 재밌어
AYA 녹음하고 내버려 That's OK
그녀는 blah blah 날 좀 냅둘래
Everyday Sing
밤새워 AYA
What You Wanna Try
그냥 해 Tonight",4
451,할리퀸,고네,"여기 고담시
어둠이 깔리네
그가 날 살리고
난 그를 위해 살지

Yeah 어퍼컷 맞은 것처럼 혼이 빠져나가버려 위험한 Male
나 그를 만나 깨어나 필요 없잖아 내일이 더 매일
헬렐레 엘렐레 얼레리꼴레리 뭐 왜?
조커&할리퀸 우리 둘 누가 막을래

절대 넘어가지 않아 사탕발림에
뭐라 지껄여도 참아 멘탈관리해
너의 정신상탠 도통 이해가 안 돼
너라고 다를까 뭐가 더 남들과

(얕잡아)
생각했지 근데 너와의 매일이
터질듯이 자극됐어 이미
내 머릿속엔
딩동댕 미친듯 벨이 울려

Boom Boom Pow 너와 다녀갔던 길엔
혼돈과 비명 흘러넘치네
보통삶 이제 더는 내게 없네
미쳤나 니가 멋져 보이네

다 제쳐 두고 네게 갈래
날 망쳐도 좋아 이건 답례
어쩜 이제야 사는 것 같네
아 - 숨통 트이네

여기 고담시
어둠이 깔리네
그가 날 살리고
난 그를 위해 살지

누가 뭐라고 떠들든 귀 닫아 퍽이나
붉게 타올라 인생이 la vida loca
그를 입에 담네 대체 니가 뭔데
이거는 못참지 넌 여기까지네

Yeah 어퍼컷 맞은 것처럼 혼이 빠져나가버려 위험한 Male
나 그를 만나 깨어나 필요 없잖아 내일이 더 매일
헬렐레 엘렐레 얼레리꼴레리 뭐 왜?
조커&할리퀸 우리 둘 누가 막을래

잔말 말고 빨리 고르라고 했지 (Huh)
당연하잖아 난 너를 선택했지 (푸딩)
나를 위해 어디까지 할 수 있니?
너무 쉽잖아 목숨도 내놓을 수 있지

못믿어? 날 니가 만들었잖아
오 그래 보여줄게 나를 쳐다봐
내 머릿속엔 또
딩동댕 미친듯 벨이 울려

펑 하고 터지네 카타르시스가
도파민이 미친듯이 분출되네 정말
너도 들어왔지 위험한 이곳에 넌 날
구해야 하니까 너도 날 원하니까

오 이런 첨벙첨벙 깊기도 하네
날 거침없이 사랑해줄래
널 처음 본 순간부터 이미
나의 미랠 직감했네

여기 고담시
어둠이 깔리네
그가 날 살리고
난 그를 위해 살지

누가 뭐라고 떠들든 귀 닫아 퍽이나
붉게 타올라 인생이 la vida loca
그를 입에 담네 대체 니가 뭔데
이거는 못참지 넌 여기까지네

Yeah 어퍼컷 맞은 것처럼 혼이 빠져나가버려 위험한 Male
나 그를 만나 깨어나 필요 없잖아 내일이 더 매일
헬렐레 엘렐레 얼레리꼴레리 뭐 왜?
조커&할리퀸 우리 둘 누가 막을래

또 어떤 사고를 쳐볼까
너 나랑 눈 마주쳤네?
huh!",58
452,Arrival,Lofi zoo,"[가사 준비중] 멜론 회원 여러분! 가사 등록을 기다리고 있어요.
가사등록하기",0
453,Squid Game,Hip Hop Joy,"Squid Game Squid Game Squid Game
Squid Game Squid Game Squid Game
Squid Game Squid Game Squid Game
Squid Game Squid Game Squid Game
Squid Game Squid Game Squid Game
Squid Game Squid Game Squid Game
Show me the money
Show me the money
Show me the money
Show me the money
Show me the money
Show me the money
Show me the money
Survival Game Survival Game
Survival Game Survival Game
Survival Game Survival Game
Survival Game Survival Game
Survival Game Survival Game
Survival Game Survival Game
Sweet Prize Sweet Prize Sweet Prize
Sweet Prize Sweet Prize Sweet Prize
Sweet Prize Sweet Prize Sweet Prize
Sweet Prize Sweet Prize Sweet Prize
Sweet Prize Sweet Prize Sweet Prize
Sweet Prize Sweet Prize Sweet Prize
Squid Game Squid Game Squid Game
Squid Game Squid Game Squid Game
Squid Game Squid Game Squid Game
Squid Game Squid Game Squid Game
Squid Game Squid Game Squid Game
Squid Game Squid Game Squid Game
Show me the money
Show me the money
Show me the money
Show me the money
Show me the money
Show me the money
Show me the money
Survival Game Survival Game
Survival Game Survival Game
Survival Game Survival Game
Survival Game Survival Game
Survival Game Survival Game
Survival Game Survival Game
Sweet Prize Sweet Prize Sweet Prize
Sweet Prize Sweet Prize Sweet Prize
Sweet Prize Sweet Prize Sweet Prize
Sweet Prize Sweet Prize Sweet Prize
Sweet Prize Sweet Prize Sweet Prize",0
454,"No One(feat. 제물포 황시온, TMT, Titan, Chin Stone, ICK, Jvcki Vicky)",MSB,"No One 가사

<제물포 황시온>
맨몸으로 시작했어 난 보디빌딩
결국 올라갔어 like 63빌딩
떨어지면 아프니까 당겨 마치 낙하산
착지해도 욕먹어 나는 맞아 낙하산
더 이상 긁으면 꺼내버려 나의 Glock
맞으면 너의 표정 마치 극락으로 가버려
나는 나락에서 너를 기다릴게 Shout out to 루시퍼",0
455,누군가의 넋2,장성우,"어제는 놀았어

재밌게!

언제는 울었어

슬프게!

마음을 담았어

이 곡에!

이 곡예,

이 고개,

길고 긴 고개를 넘어가니

고개들고 하늘을 보겠구나

저 위에 먼 구름은

마치 태양 곁에서

우리를 비추기도 하고

우리를 기다리기도 하는

손님, 마중하는 객처럼

즐겁게 웃는 듯도 같아


지겨운 걸음과

긴 언덕을 넘었던 발걸음

걸음마를 언제 뗄 수 있을까,

뗄레야 뗄 수 없는 관계성이란

우리 사이에 무엇이 있을까

그토록 떨어내고 싶었던

많은 짐들을

채 털어내지 못하고 여기까, 지

와버렸지,

나는 그것들을 소중하게 여겼나?

모험을 했을까?

솔, 직, 히 말해봐

꾸, 미, 지, 말고서 말이야

네 속 마음은 언제부터

그런 모양이었나!

언제 마지막으로

즐겁게 웃었고 또 놀았나

네 마음의 중심

심금은 무엇을 바라는가,

무엇에 울었고

무엇에 화가 났는지

그저 사는 건

그저 살 뿐이라지만

정신 차리지

못하고 인사불성,

인 인간처럼,

하루하루 떠밀려 가는

그런 나날들이 날

미치게 만들어,


내가 지켜야 하는 거

보내야 하는 거

맞이해야 하는 거

여러가지 것들이 내 삶을

채웠다가 빠져나갔다가,

참으로 즐겁기도 하고

요란하기도, 시끄럽기도

내 마음 속처럼 그저

텅빈 모양으로 보이기까지

하네,

머리가 아파와,

약물엔 손을 안 대도,

어차피 늘 머리는 아프기에,

영감이 필요하다며 더러운 약을 찾는

인간들을 이해하지 못하네

차라리 그냥

명상이라도 하던가,

아무것도 하지 말고

방구석에 틀어박혀

잠잠히 자신의 못난 처지를

상고해보던가,

그러고 나면 명료해지지 않아?

네게 남은 것들이 얼마나 많아.

그것들을 지키기 위해 살아,

간다는 게 우리의 나날,


언제는

친구를 불렀고

언제는 즐거운

웃음을 지었다가도

언제는 차마 꾸며내지 못한 웃음

그 너머의 울음을

엉엉,

토해내기도 하고

파란 하늘 아래 서 있는

어린 날의 맘만큼은 여전한데

몸뚱이는 다 커서 추하고 모자라구나,

그래도,

상관 없지, 그저 마음만 바라고

남은 날들을 사는 거 아냐,

그대의 정신이 그대를 말한다네,

참으로 뿌연

날들이지,

프레젠트

혹은 과거

로파이

짓이겨진

음악 사이에

구절구절

내 사연들을

늘어 놓았지

그대는

얼마나, 얼마나

현재를 갈망하고

미래를 바라는가

현재와 과거 그 사이에

미래가 있어,

라는 말은,

중요한 걸 우리가 놓치고 살지 않느냐는 물음이야 이 시대,

더 이상

잃을 것도

없어서

이제는 이야기를

그만하려 했,

었,
어,

비가 내리던 어느 날 밤

혼자 생각을 했지

이렇게 살다가 죽으면

그 날 마지막에 내가 후회

하진 않을까,

시간이 흘러 누구나 죽음

을 맞이

하니까, 그건,

모두가 갖고 있는 공평한 결말,

이지 어린 날,

십대 때 차분한 생각들은

지금의 날 만들었고 그 밤

에 겪었던 상념들이

글의 재료가 되어주었, 지

무덤 속에서 시체를 끄집어내듯,

이미 버린 기억들을 다시 재조립해,

개조시켜내,

친절한 말을 바라진 마,

나조차 나에게 친절하게,

다 말 못할 이야기들만이

가득, 한 게 사실이야,

그저 중얼 거리듯

주절거리듯

아무도 뜻모를 이야기만을

바람 결에 흩어놓듯 버려두다가

어느 날 누군가에게 닿아

귓전에 울려 퍼지면

그것으로 족해, 족하네,",0
456,울어도 괜찮아,이루다,"모든 게 지나면 추억이 되는 인생을

많은 생각을 했던 올해는
특별한 삶의 의미가 없어도
행복하게 살면 좋다는 것을

알게 해줬어
근데 좀 힘들게
나는 일 년이 너무 벅찼어
버거웠어

그래 나는 감정을 팔아서
이렇게 조금씩
알아갔어

내 안에 나는 너무 커서
가끔 감당할 수가 없어

그래도 살아냈잖아
그거면 된 거야
그게 잘한 거야

그래 우리는 항상 부족하게 살아
고독하게 살아 나는 만족하지 않아
누구나 속에는 어두운 면이 있어
우리 잘못은 아냐 울어도 괜찮아

그래 우리는 항상 부족하게 살아
고독하게 살아 나는 만족하지 않아
누구나 속에는 어두운 면이 있어
우리 잘못은 아냐 울어도 괜찮아

아프지 말고
삼키지 말고
참지 말고

기대줘
내게 기대면
내가 기대도
등을 내어줄래?

나는 아직도
아직 조금
힘들어서
네가 필요해

친구들 만나면
맛있는 걸 먹을 거야

누군가 만나면
나는 안 힘들 수 있을까

그래 우리는 항상 부족하게 살아
고독하게 살아 나는 만족하지 않아
누구나 속에는 어두운 면이 있어
우리 잘못은 아냐 울어도 괜찮아

그래 우리는 항상 부족하게 살아
고독하게 살아 나는 만족하지 않아
누구나 속에는 어두운 면이 있어
우리 잘못이 아냐

마음껏 울어도 돼요
마음껏 울어도 돼요
마음껏 울어도 돼요

괜찮아 괜찮아 괜찮아

괜찮아",9
457,POOMBA(with KILLA MONKEEZ),브레이 (Bray),"bass line 두둥 식혀 머리 청춘이지 아직 face 나이
막냇동생보다 young 들이밀어 facetime 걸어 걸어 fresh한 날엔
마셔 백날 내 뱃살엔 매일 밤이 맥날
쑥쑥 컸어 이제 누가 가르쳐 날
뚱뚱해질 대로 먹고 또 다음 거
매번 충분하지 않아 두 배로 원해 숨까지
얻으려면 do do that like kendrick lamar

yo 내가 설 자리 어디에
yo 여기 있잖아 니 머리 위에
yo 난 외줄 타지 여기에서
떨어져도 잡아 균형 마치 내 치열
아저씨 아가씨 다 같이
나는 딴따라라라 날 따라와라 막 날아가
너 딴짓하지 그거 가와라 확

uh 우린 광대 던져 몸
uh drop it like it hot bounce 놀아보자구
uh 우린 광대 던져 몸
uh drop it like it hot bounce
hit the line

like 둥둥둥두두둥
like 둥둥둥두두둥
like 둥둥둥두두둥
like 둥둥둥두두둥

걸어 이 길 외로운 내 싸움에 지침 없는 게 내 지침
새로운 시도 이 도시에선 never go down u kno
그저 웃으며 재롱떨지
날 보고 말없이 혀를 차던 사람 더는 doesn't matter
이제 손 들어 당당히 나를 바라봐 머리서부터 발끝
어디서부터 왔는지 더는 알 필요 없이 길거리 여기저기 어디든 전진

난 겸손이랑 멀어 거리
i'm not talk 끄덕여 머리
흔들려 automatic 허리
흔들려 automatic huh

uh 우린 광대 던져 몸
uh drop it like it hot bounce 놀아보자구
uh 우린 광대 던져 몸
uh drop it like it hot bounce
hit the line

like 둥둥둥두두둥
like 둥둥둥두두둥
like 둥둥둥두두둥
like 둥둥둥두두둥

uh 우린 광대 던져 몸
uh drop it like it hot bounce 놀아보자구
uh 우린 광대 던져 몸
uh drop it like it hot bounce
hit the line

like 둥둥둥두두둥
like 둥둥둥두두둥
like 둥둥둥두두둥
like 둥둥둥두두둥",6
458,Unboxing (feat. Lee malcolm),Corst,"잠에 눈 떠보니 새벽 네 시 반
평소보다 상쾌하게 화장실로 가
씻는 순서까지 생각했어 꽤나 신나
준비한 착장 머리까지 전부 계획 안

아껴둔 신발을 꺼내 신고 다시 옷매무새를 정돈
원래도 멋있지만 나한텐 껌이라고 이 정도는
날 설레게 만들었던 그 순간들을 믿고
오늘은 내 맘을 너에게 고백할까 한다고

향수를 골라 네 취향 아직 다 몰라
사소한 선택 하나도 내 머리는 혼란
습관과 하다 하다 숨 쉬는 것 마저
너와 함께 있음 다 어색해져서 매일 뚝딱

친구라는 이름의 포장을 뜯고 나면
숨겨보려 했었던 내 마음이 담겨 있어
네가 알던 모습과 다르겠지 아마도
어쩌면 마지막 선물이 되겠지만 I DO


네 집 앞으로 걸어가
진심을 다 꺼내놔
너도 내 맘과 같아 ?

심장은 녹을 것 같아
무슨 말을 꺼낼까
머린 텅 빈 거 같아

너는 어떤 느낌일까
기다리던 옷
아님 바빠서 잊고 있던 택배 정도

나를 언박싱 전부 언박싱
네게 숨겼던 마음 오늘은 언박싱


이러다 널 놓치겠어 woo woo
아닌 척하면서 네게 질문을??
비겁한 노래여서 미안해
지금 내 상태는 이모지 ㅠㅠ
woo ahhahh

아껴뒀던 옷을 입고
신발은 한 번도 안 신은 에어포스
완벽하다 생각했지만
널 보면 머리 하얘짐
티가 나도 상관 없지
로봇같이 뚝딱이지 늘

당기지 말고 밀어 내 맘을
담겨져있는 상자에 내 맘을 전해줄
택배 기사가 나는 필요해
좌로 우로 왔다 갔다 우왕좌왕 난 뭐행

너는 어쩔 땐 내게
정답이 돼줘
im fallin you deep
어설픈 내게
정답이 돼줘
im fallin you deep woooo


네 집 앞으로 걸어가
진심을 다 꺼내놔
너도 내 맘과 같아 ?

심장은 녹을 것 같아
무슨 말을 꺼낼까
머린 텅 빈 거 같아

너는 어떤 느낌일까
기다리던 옷
아님 바빠서 잊고 있던 택배 정도

나를 언박싱 전부 언박싱
네게 숨겼던 마음 오늘은 언박싱

언박싱 언박싱
네게 숨겼던 마음 오늘은 언박싱

언박싱 언박싱
네게 숨겼던 마음 오늘은 언박싱",5
459,그것의 이름,장성우,"예,

이른 비가 내려
이름 뒤엔 외려
내용이 중요치 않아지지

구태여 말들을 붙여
가사를 적다 보니
내린 비가 어느새
발치에 가득, 고여

꼬여 붙은 파리들
진짜 파리는 아니더라도
내 곁에 모인 부패한
마음의 조각들

창작을 배려,
마음의 고뇌를 베려,
고 하지만 내 마음은 되려,

옛날 그 시간으로 거슬러
어슬렁, 거리며 걸었던
그 길을 떠올리며
천천히 걸어

빗속을 천천히 걸어
비트를 평범히 타고
템포를 늘어 뜨려

하루를 잘 사는 것
그게 내 유일한 목표

노래를 듣다 보면
또 내가 걸었었던
그 날들을 되새겨

걷거나 글을 쓰 거나
랩을 하거나 천천히
박자에 맞춰 발음해보거나

모든 것들은 마음의
구멍을 메꾸려
하는 일이지만 되려
잘 되지 않는 일들만
한가득,

네 하루는 어때
좋거나 나쁘거나
아무렇지도 않거나,

그런 것들을
그러 모아 두곤
멋진 인생이라고
할 수 있겠어,

비판이 아니라 물음
이네, 일상은 위대한
작품을 메꾸는 페인트

방정식의 완전수라네

천천히 걸어, 어때
네 박자에 맞춰 걷다
보면 언젠가 꿈의
윤곽을 다 그리겠지

그 때부터 달려가
면 인생의 절반은
쓰지 않겠어,

고생 많은 하루에
비가 내린 마루에
한숨을 죽여
차가운 바닥에
가만히 앉아 쉬네
수고 많았네, 그대

밤중에 들어, 자기 전에
이 노랜

열심히 달린 이는
자는 순간에
부족함 없는
잠을 꿈 안에
서 자기를

흘러내려

흘러내려

흘려 버려

흘러 내서 가, 버려

가, 버려

가, 버려 제발

우리네, 무리네.

우린 왜,
이렇게 괴로워 해
야 하는지 하늘 아래
평범한 삶만이 저토록 많이 있는데
지겹도록 지겹게
거친 삶을 살다가 간신히 숨 한 번 숨어 토해내는 게
왜 그렇게 어려운 날들이니

현재, 현대, 컴퓨터, 인터넷 속
떨어진 삶과 방황하는 정보들의 조류 속
너는 무슨 말을 하고 싶어,
서 그렇게 서성거려 방황을 하니

남은 말들은 무엇이 있니

천재로 산다는 건 어떤 기분이니

천천히 걷다가 넘어지기도 하고

빠르게 달리다가 까지기도 하고

어제와 언제가 구분이 안되기도 하고

명멸하는 시야 속에서

외친 외침들은 밤의 어둠 사이에서

별들의 조각이 되어 흩어져 가고

꿈과 어른거리는 정신 그 안에서

사이로 작은 선을 그어 머리를 좀 다잡고 흔들어

잠시 음료수라도 마신다던가

차가운 냉수로라도 속을 달랜다던가

그렇게 기침을 간신히 멈추고 나서야

랩을 뱉는다던가

녹음을 한다던가

어제와 언제는 또 어디로 갔을까

우리의 맘은 어디로 흩어져 버렸고

흩어질 맘은 애초에 담는 게 아니었던 걸까

부서진 세계와 말들 속에서

이 인터넷이 너무 잘 발달한 세상 속에서

당신은 누구와 얘기를 하고 있는지

친구들은 어디로 갔고,

그 인간관계는 다 어떻게 되어버렸는지

그것만 묻고 싶네,

하루는 좀 괜찮았는지


밥은 잘 챙겨먹었는지

그대의 삶은 하루가 좀 괜찮은지

간신히 끄적거리는 글귀는 일기보다도 지엽적이며

개인적인 말이라서 누구한테 토해내기가 참

뭣하다만은 그럼에도 불구하고 그냥 끄집어 버리는 게

예술가가 할 일 이라네

그대는 뭘 배웠고 또 예술을 아는지

누군가의 말은 누군가의 말로 그냥 버려두는지

쓸 데 없는 말들이 너무 많은 세상 속에서 누굴 좇아야 하는지

알 수도 없는 기로만이 우리네 삶에 한없이

넘어지듯 이어져 가는데

발목까지 오는 신발을 신고 안개가 낀 길 위를 달려

도로를 달리다 한적한 곳에 들어가 작게 숨을 골라

어디로든지 들어가 또 쉼을 가지네

집은 어디에 있었던가

목표와 방향은 어디로 잡았던가

삶의 목표라는 것이 과연 있기나 했던가

이 시대는 불완전한 사람들이 살아가는

불안전한 시대이며 세상이라는 건 지나치게

현대화된 발달됨 속에서 말도 안되는 일들만이 넘쳐나고

간신히 그대는 10대의 조금을 다 보내야 할텐데

안전하게 걸어, 안전하게 길 거리를 말야

조심스럽게 주위를 잘 살피고, 그렇게만 살아가

예,

이른 비가 내려
이름 뒤엔 외려
내용이 중요치 않아지지

구태여 말들을 붙여
가사를 적다 보니
내린 비가 어느새
발치에 가득, 고여
예,
이른 비가 내려
이름 뒤엔 외려
내용이 중요치 않아지지

구태여 말들을 붙여
가사를 적다 보니
내린 비가 어느새
발치에 가득, 고여

예,
이른 비가 내려
이름 뒤엔 외려
내용이 중요치 않아지지

구태여 말들을 붙여
가사를 적다 보니
내린 비가 어느새
발치에 가득, 고여",0
460,THIS MY PLUG DAY!,청진,"PLUG (yeah yeah I'm plug)
PLUG (너 말고 No I don't)
PLUG (No I'm done No I'm Done)
PLUG (I don't know what u say)

절대로 안 믿지
내 가족과 형제를 위해 싸우지
난 자유롭고 싶어
구속 받기 싫어

이제 더 이상 날 찾지 말어
구속 받기 싫어
싸우기도 싫어
평범해서 What

Bitcham Plug
No what's U say
I'm Plug yeah yeah

Bitcham Plug
No what's U say
I'm Plug uh huh uh huh

PLUG (yeah yeah I'm plug)
PLUG (너 말고 No I don't)
PLUG (No I'm Plug No I'm Done)
PLUG (I don't know what u say)

I'm a fly high uh ohh
I'm a fly high uh ohh
Bitcham Plug....",1
461,열,MONDA,"여긴 잠이 없는 도시
심장은 해가 져도 여전히 뜨겁지
반대로 유지하지 차가운 내 성질
여기선 매일 뜨는 해만 거짓 없지

We got too many problem
문젠 너무 많고 풀기는 어렵지
시간은 달려 뒤론 가지않는 법칙
오늘 살고 내일 살어 방향은 안꺾지
부정들은 Fuck it 정신은 의지해 coffee

uh 다시 일어나 두다리 먼지 털지
어제보다 믿어 날 병신하곤 안섞이지
하나 둘씩 이뤄가 말했던것들 이제 좀
단단해진 내 모습 걸친 갑옷은 못 벗김

고집 목에 tattoo
불 붙은채로 탯줄
나왔지 엄마 배 품
There’s nothing on ma back too

여긴 Take 2
두 발엔 Rain boots
깜지 같은 라임 플로우
내 입안 이미 Black tooth

내 가산 피로 적지
따라서 랩할땐 안느껴 피곤 역시
여긴 잠이 없는 도시
심장은 해가 져도 여전히 뜨겁지

여긴 잠이 없는 도시
심장은 해가 져도 여전히 뜨겁지
반대로 유지하지 차가운 내 성질
여기선 매일 뜨는 해만 거짓 없지

Ashes to ashes dust to dust
모든건 돌아감에 배웠지 의밀 찾는 법
후회 하는 순간에도 우린 성장하지
비온뒤 땅 굳듯이 단단해져 더 강하게

still running on this track
이젠 안해 지체
날 밀어주는 사람들 잔뜩 뒤에
그러니 거는 기대 아니지 쉴때가
거미집 처럼 이 모든게 나를 지탱

Yeah I’m Sober
이제 맞는 내 두눈에 초점
잠에서 깼고 먹어치워 여긴 내가 독점
You should check ma audio
망가짐 다시 고쳐
내 다음 Step은 어디로
다시금 체급 올려

Slow down this town
줄여 낮게 심박
안풀려 나의 신발
아침에 떠있는 해보다 빨간 나의 심장
어떤것보다 비싸

여긴 잠이 없는 도시
심장은 해가 져도 여전히 뜨겁지
반대로 유지하지 차가운 내 성질
여기선 매일 뜨는 해만 거짓 없지",8
462,개같아 (Like a Dog),이지보이 (Eizzyboy),"난 너 앞에
개같이 굴어 매일 같이
그냥 매일 같이 있는 게 난 좋아
이건 아이러니하지 lonely
같이 있을 때 살아나 느낌

I don want a lost 너를 잃고 싶지 않아서
I don want a lonely 감당하기 힘들 것 같아


가끔 난 상상해 나에게
네가 떠 난다면 나에게
혼자서 술을 내 방안에
채울 것 같아난 조심해 야겠지
너무 일찍 커 버린 너 에겐 난 그저 흘러간 사람 인가
내게 남은 건 추억일까
아니면 후회만 남을 내 사랑인가 아니면 장난인가

나는 그냥 개야 맨날 매일
화를 나는 제압해야 해
나는 너를 생각해야 해
나는 너에게 매달 려 my baby


난 너에게 잠이 들어 매번
혼자 있긴 너무 목말라
잠 깨면 무서워 네가 나를 떠나 버릴까
술을 먹음 괴로 었던 내가 생각나
그럼 다시 개가 돼서 my feeling falling down

난 너 앞에
개같이 굴어 매일 같이
그냥 매일 같이 있는 게 난 좋아
이건 아이러니하지 Lonely
같이 있을 때 살아나 느낌

난 너 앞에
개같이 굴어 매일 같이
그냥 매일 같이 있는 게 난 좋아
이건 아이러니하지 Lonely
같이 있을 때 살아나 느낌

어제는 뭐 그리 바빠
난 왜 또 네가 뭐 사람이 바뀌어
난 그냥 개소리 심한 말 나빠
널 비춘 거울에 깍지 낀 나의 손목이
목 위로 눈 위로 널 막 어
3인칭 으로 봐 날 믿지 말아 내가 봐도 내가 지친몸
이 돼버린 듯해 널 잃고 헤맬 걸 알아
근데도 입 밖에 단어는 *
벽 뒤로 누군가 말하지 stop it
그래난 여전히 못난 개 check it
날 비추는 햇빛이 너란 걸 알지

난 여전히 개같이 굴고 또 개같이 네가 없을 때 또
다리를 떨어
오늘은 듣자고 알켈리 네가 듣 고 싶은 걸로 다 채워 기분 좀 더 풀어

I don want a lost 너를 잃고 싶지 않아서
I don want a lonely 감당하기 힘들 것 같아

나는 그냥 개야 맨날 매일
화를 나는 제압해야 해
나는 너를 생각해야 해
나는 너에게 매달 려 my baby

난 너에게 잠이 들어 매번
혼자 있긴 너무 목말라
잠 깨면 무서워 네가 나를 떠나 버릴까
술을 먹음 괴로 었던 내가 생각나
그럼 다시 개가 돼서 my feeling falling down",25
463,다메데스,BIG4FOOT,"오늘에도 백 번 왔다갔다 하는 놈
이래라 저래라 잘못 하다가는 다쳐
그냥 걸어왔던, 영화같다 존나 추워
담배 하나 피고 이랑 춤 존나춰

디까지 가는거야 하나도
기쁘지가 않아 니가 날 안아도
거짓말은 통하지 않으니 남아줘
시간이 지나고 떠오르면 알아줘
내가 사랑했던 것들 먼지처럼 사라져
제발 부탁이니까 그 거짓말은 말아줘
시간이 지나도 변하지 않는단걸 알아도
그 날 위해 움직이는 나를 알아줘

난 니 꿈까지 뺏는
엄마 이런 말로 베네핏
받을 수도 있을 지도
아닐 시엔 아마 좋은 시도 였다고
남겨지길 기어코
내 형들은 다 엄청나지 길어 코
빅 사이즈 대물, 나도 옆에
나란히 존재를 한다 에 내 손모가지
목아지 목숨 까지 다 걸어
그간 나눴었던 웃긴 우연
아니라고 말해도 나 웃기로 웃기로

ダメデス yo ダダメメダメデスyo
ダメデス yo ダダメメダメデスyo
ダメデス yo ダダメメダメデスyo
ダメデス yo ダダメメダメデスyo

파란 비를 맞고서
머릴 존나 안말려
누구도 널 안말려
나는 너에게 안겨

머릿 속은 하얀색
머릿 밖엔 까만색
서울은 차가운 데
그녀 안은 따뜻해

정말 개 따뜻해
정말 개 따뜻해",0
464,용굴이 DIY,지용준,"용굴이 DIY
모든 걸 해볼래
쇼핑도 용굴이
유튜브에 영상도
실험해 보고
창작도 해야지
당신과 함께
삶을 가치 있게

용굴이 미니멀
간단하게 파도칠래
가사 줄일게
멜로디는 살릴게
내 노래 듣는 너
말해줘 고마워
용굴이란 이름
가지고 행복하게

용굴이 용굴이
삶을 더욱 아름답게
울려라 용굴이
함께 노래하자
심플한 멜로디
가사에 마음 담아
용굴이의 음악
모두에게 전해져라",1
465,slow (feat. shaun VI),BABYACE,"그녀의 말대로 모든게 try
앞에만 있으면 울어대 cry
okay alright
모든게 지겹거든 그만
어디갔어 you girl
그렇담 니 여자를 불러
she say 말해 너무 추워
내 옷을 몸에 둘러
머리아퍼 어디갔어 my lady
버린다면서 손에 있어 허리를 감어 넌 내꺼 맞어
my bae 난 절때로 없어 fake
생일 아닌데도 챙겨 cake
사랑 아니라면 계속봐 재미",6
466,rich snacke,rich code:hsb,"취한듯이 걸어다녀 꼬나문
담배 거리놈에서 rich 발걸음
파나메라 한대야 손목은?
난 파나메라에 손목걸음

빨리떠야겠어 거지같은 이 동네
빨리 떠야겠어 벌어야해 억단위 yeah
풀리눈을 가려 선글라스 베르사체
병신래퍼들 죽이고 만들어 사체

랩머니 벌지만 백단위
난 그거 돈도안쳐 fuck it
억을 챙겨야해 안해 포기
힙합에 모든걸 걸었어 아냐 fake

올라가서 썰자고 cake
게이같은 래퍼들 전부다 pusy
지하방에서 갈고닦은 내 랩 사시미
경쟁자를 다 죽일래 따버려 모가지

돈때매 받아왔던 무시 mama papa
이제 걱정마 이제난 pop out
챙겨올게 목숨을 걸어서라도 돈다발
나는 몰거야 무조건 파나메라

drug sick kid 약에쩔은 과건
잊어줘 이제 불러 rich kid pull up
또 불러 여기저기서 my gang love
갤러리에 널 지워 이제 넌 필요없어

이쁜년들이 아니면 치지마 꼬리
치마폭에서 놀아 like 조선시대 고위
새깅안해도 게속 손이 가는 dick
생각없이 사는데 난 너무 dope and deep

무시하던 새끼들 내 핏줄마져도
가방끈이 짧아도 너보다 돈 많고
앞으로 벌돈이 억 그니까 걍 좃까
븅신들이 많아 말이 제발 닥쳐봐

안쫄아 누구든 있는것처럼 주머니에 glok
날 보면 왜이렇게 쫄아 다 눈 깔아
내 패기 내 깡 아무도 못따라와
남자쉐끼들이 왜이리 겁많아

힙합 내 두번째 아빠 물흐리는
놈들은 조심해 밤길 문화에 발걸음
문화의 그림자가 널 조질테니
타투처럼 고통을 즐겨 후엔 행복할테니",1
467,"하늘,별(feat.Kosi Online, Iris)",blue0tion,"저기 떨어지는 별 처럼 계속 빛나고 있어
나에게 온것처럼 밝게 빛난것처럼
여전히 곁을 맴돌고
오늘이 지나고 우린 내일도
하나,둘 씩 이뤄가지 going up
넘어져도 다시 일어날거야
하늘에 별 보다 더 높이 떠볼테니까

하늘에 별을 따라 끝까지 달려가
내일을 위해 목에 힘을 주고 외쳐가
원했어 너의 유성 내가 바라던 거야
오늘도 이루기 위해 바쁘게 헤쳐가
매일 같은 일상 모든게 지겨워져
이젠 더 못 참겠어 자유가 그리워져
하늘의 빛 줄기 그게 바로 너였어
행복의 의미를 너 덕분에 배웠어
마음 속에 쌓이고 쌓인 구속의 덩어리
네 맘의 닫힌 문을 이젠 내가 열어갈게
길고 긴 달림이 마라톤의 끝이 보여 다시
너와 내 방식으로 매일 아침 환히 맞이해
오늘이 끝나면 떠나 이 길, 벅차는 맘
너 없이는 안 보여 이 아름다운 별하늘 밤
가로등 아래 그림자를 따라가는 발자국
걸음이 안 보여도 나를 한 번 바라봐줘
오늘이 끝나면 떠나 이 길, 벅차는 맘
너 없이는 안 보여 이 아름다운 별하늘 밤
가로등 아래 그림자를 따라가는 발자국
걸음이 안 보여도 나를 한 번 바라봐줘

저기 떨어지는 별 처럼 계속 빛나고 있어
나에게 온것처럼 밝게 빛난것처럼
여전히 곁을 맴돌고
오늘이 지나고 우린 내일도
하나,둘 씩 이뤄가지 going up
넘어져도 다시 일어날거야
하늘에 별 보다 더 높이 떠볼테니까

밤 하늘의 별은 밝지만 내 자린 어두웠어
아무것도 하지 않곤, 핑계만 가득했어
넘어지면 다시 일어난다고 한 칠전팔기
허공에 대고 말을

Sorry to my mommy
아들이 돈벌어서 올테니
하지 Don't worry
(Just let's go)
내 발에 피가 날때까지
어제의 슬픈 기억은
내일엔 미련없이
I still been ballin all night
혼자 외로웠던 밤
그때마다 올려봤었던 밤하늘의 별
내가 죽는다고 말해도
여기까지라 말해도
I can not moving around ever
난 될래 너만의 별

별 하늘이 반짝일 때 까지
엄마의 고생길이 완전히 끝날 때
쉬지 않고 한 번더 달려왔음에
한 마디 거들지 않았기에
후련한 마음에 박수를 쳐
24/7 똑같이 반복하곤 나아갔어
한 걸음 더 다가서면
마라톤의 끝이 보여
드디어 환하게 웃을 수 있어
걸음이 느리더라도
날 바라본 뒤 나처럼 웃어주길",5
468,"징글벨이 힙합이야. REMIX(feat. 벨로우 케이, 정태혁, Lazy kid)",Okid,"Hey! Hey!
Hey! Hey!

또 다른 Christmas, Christmas day
모두가 설레보이네
나갈래 거리에
약속이 없는데도
그냥 그런 기분이네

백화점 거대한 트리 앞에는
산타를 기다릴 꼬꼬마 애들
나도 너만 할 때 쯤
잠을 설렌 채
맘을 설치고 그랬는데

차갑게만 느껴지는 매일들 (아아아아)
잃어버린 동심을 잊어보자고 오늘 Christmas day!

Jingle bells Jingle bells
freakin Jingle all the way

문 앞에다 걸어 놔 양말
오늘 밤엔 너에게 갈 거야 산타

Jingle bells Jingle bells
freakin Jingle all the way

어른보다는 속물이지만
컸다는 자체로 일단 대견하잖아

눈이 잔뜩 쌓인 이 거리에서
손잡을 사람 없어도 not bad
알아서 생기겠지 사랑스러운 애인
뽀득뽀득 걷는 소리로 채운 내 크리스마스
그날 밤엔 산타의 선물을 기대했던
새벽에 아이는 없어졌어도
내가 꾸던 꿈은 그대로

참아왔던 눈물이 두 배로
1년을 마무리해주는 캐롤
행복했던 거 같아 나름대로
오늘이 가도 편히 연락해 bro

Jingle bells Jingle bells
freakin Jingle all the way

문 앞에다 걸어 놔 양말
오늘 밤엔 너에게 갈 거야 산타

Jingle bells Jingle bells
freakin Jingle all the way

어른보다는 속물이지만
컸다는 자체로 일단 대견하잖아

나 정신 없이 지내다보니 벌써 연말이 왔고
얼마나 많은 선물 받았는지 올해는 감동
나도 어릴 때처럼 산타를 믿고 집에 가고
친구들과 그네 타고 우리 함께 해보자고

이 밤을 약속했던 이 밤을 기억했던
해적이 꿈이었던 우린 지금 위로 헤엄
애석하게도 보여주지 못해 각자 개성
괜찮아 우리 모두 열심히 했잖아 백점

이번 크리스마스 어떤 선물 빌어볼까
고민하다 졸다가 밖엔 눈이 올까?
순수한 생각에 마음 콩닥 콩닥
그 순간 놀자는 전화 한통 좋아 좋아

you are my universe
전기장판에서 나와 데리러 갈게
산타의 루돌프 뺏어 ridin'
착한 일 많이 했어 not a lie
그러니 be my gift
붉은 리본 풀어지니
오늘 밤은 비밀로
눈 쌓인 거리에서 snow ball fight
넘어지는척 하고 너의 품의 안길래
쿵 쿵 쿵 하나 둘 셋
머릿속에서 그린 말 오늘은 할거야
툭 툭 창 밖에 새하얀 눈이
말해 이번 크리스마스도 혼자는 안된다


Jingle bells Jingle bells
freakin Jingle all the way

문 앞에다 걸어 놔 양말
오늘 밤엔 너에게 갈 거야 산타

Jingle bells Jingle bells
freakin Jingle all the way

어른보다는 속물이지만
컸다는 자체로 일단 대견하잖아

Lalalala
La
Lalalala",5
469,Let Her go (Feat. YOGI),JayKo,"Lost in the city sipping drink I know it’s wrong
Can’t believe what people say I’m tryna let them know
she told me I won’t make it so had to let her go
I had to let her go
I had to let her go
Go Go Go Go Go
Go Go Go Go Go
Go Go Go Go Go
Go Go I had to let her go


I just let you go
Just take up all my time then
Riding through the city, I’m still sinning but I’m tryin’
You do all that extra shit but we all know you lyin’
Lying, baby if I’m lying then I’m flyin’
Higher than Orion but BB on my belt
Looking at your choices you ain’t care about how I felt
Sippin’ till I’m nauseous I don’t think about my health
You ain’t do the same for me I’m always there to help
woah woah woah woah (yeah)
woah woah woah woah
woah woah woah woah (I had to let her go)
woah woah woah woah (no no)

Lost in the city sipping drink I know it’s wrong
Can’t believe what people say I’m tryna let them know
she told me I won’t make it so had to let her go
I had to let her go
I had to let her go
Go Go Go Go Go
Go Go Go Go Go
Go Go Go Go Go
Go Go I had to let her go

You know I gotta ball uh
Ain’t long till I be gone
I’m flying feels like I was crawling last night
Levitated got my blunt packed tight
Bitch you looking lost
Look at what I cost
Ain’t no way to pause it now uh
Light it up, it’s smelling loud
No Prowler but I’m running miles
Spent hours running as a child

I know it ain’t easy, you tryna forget
Shorty hit me with a lotta regret
Psychedlics put my mind to the test
Mixing potion like I majored in STEMS
I need more Ks I ain’t talking bout ket
Wear no adidas, I do it for checks
Pavo I got you, we stacking up bread
put this shit on the dead like -


Lost in the city sipping drink I know it’s wrong
Can’t believe what people say I’m tryna let them know
She told me I won’t make it so had to let her go
I had to let her go
I had to let her go
Go Go Go Go Go
Go Go Go Go Go
Go Go Go Go Go
Go Go I had to let her go",1
470,1,Young Setty,"Drive Car Through All Night Long
밤이 깊었다며 찾아오지 말라 했던 Call
생명의 전율
자연이 주는 선물
마음속 깊은 곳에 박아두던 눈물
Can't Huh See
볼 수 없는 너의 모습
잠은 오직
바쁜 자를 위한 선물
악몽에서 꺼내 나를 깊은 곳
밝은 곳에 데려다준 신의 뜻
I Got S***
Hands In The Air
어디로든 갈 수 있는 세계로 향해
전능하신 어느 신께 드리는 고백
밤이 아닌 낮이라서 받지 않았네 Uh
하나 둘 사라지고 있는 나의
친구들의 품에 내가 낄 자리는 없기에
방황해
서운해졌던 내
무릎 꿇고 나서 후회하긴 너무 늦었기에
고마워 뭐
이런 내가 나빠서
이런 내가 바빠서
사과 대신 고마움을 표현한 게 박혀서
슬플 때도 멈칫하고 적응한 게 미워서
삶은 계속 달려갔지
어디론가
그냥 앞만 보고 가는 세상
이런 나를 책임지기에는 벅차
돌아갈 수 없는 곳에 도착
이제 나는 어디로
Hey Hey
Drive Car Through All Night Long
밤이 깊었다며 찾아오지 말라 했던 Call
생명의 전율
자연이 주는 선물
마음속 깊은 곳에 박아두던 눈물
Can't Huh See
볼 수 없는 너의 모습
잠은 오직
바쁜 자를 위한 선물
악몽에서 꺼내 나를 깊은 곳
밝은 곳에 데려다준 신의 뜻
I Got S***
I Got S***
I Got S***
I Got S***
Woh Huh
Hands In The Air
Hands In The Air
Hands In The Air
Woh Huh
Can't Hear More
Can't Hear More
Can't Hear More
난 들을 수 없어
난 들을 수 없어
난 볼 수가 없어
Woh Huh
오늘도
내일도
어김없이 날 일으켜
넌 매일 더
자꾸 할 말을 찾아 Woh
이 시간도
영원할지는 몰라
지금 아닌 순간
너를 못 잡았던 순간
자꾸만 내 속을 더 녹여
얼어붙었던 수많았던 기억
이 추위가 가기 전에 더 껴입어
입지 마 지금 아직 더 뒤적
거리면서 끌어봤던 일분일초가 아쉬워
늦었다던 느낌에 삶은 아직 모르지 뭐
남들 앞에서 보이기가 부끄럽기 싫어
그럼에도 일어나 손을 높이 들어 올려
정확히
내 속의 세계를 조준해
좀 만 쉬자
이 여유 좀 안 익숙해
끝이 있기에
아름다워 행복해
이 순간을 영원히 기억해 담아둘게
Drive Car Through All Night Long
밤이 깊었음에도 여전히 찾아왔던 너
빛이 나는 모습
기억이 주는 선물
마주쳤던 기쁨 속에 차오르던 눈물
Can't Huh See
볼 수 없는 너의 모습
그럼에도 달려가
소리 질러 내 모습
악몽에서 꺼내 나를 깊은 곳
밝은 곳을 위해 양손 들었던
Hands Up
One
I Have A Dream
I Have A Dream
I Have A Dream
Woh Huh
Hands In The Air
Hands In The Air
Hands In The Air
Woh Huh
Can't Hear More
Can't Hear More
Can't Hear More
난 들을 수 없어
난 들을 수 없어
난 볼 수가 없어
Woh Huh",17
471,"출사표 (feat. JU, 발리스카이, 마루인, Seeker, Noah)",티처 파운드,"(JU)

잠 못 이루던 밤 고민끝에 결정

유난히 떨리던 날 머린 빡빡 깎고

모자쓰고 사복입고 가방도 없이 등교

남들과 다른 모습 괜히 풀 죽어

학교에 다니나 안다니나 똑같아

너와 내 고민 우리 삶은 복잡해

아직은 모르겠지만 일단 이대로 간다

나중에 멋진 곳에서 만나

(발리스카이)

올해는 많았지 고민

내 표정은 마치 무민

뭐 할지도 모르겠고

뭐하고 싶은지도 모르겠어

하지만 이대로는 시간낭비

까짓거 한번 해보는거지

그렇게 하다보면 찾을거야

내 길을 찾아 즐길거야

(마루인)

나는 오늘의 훅잡이

우리 모두의 목소리

너도 지금 들리니

들린다면 움직이자

나는 오늘의 훅잡이

우리 모두의 목소리

너도 지금 들리니

들린다면 움직이자


(Seeker)

전철이 오면 타고 가

피곤한 몸을 신고 가

눈꼽을 떼고 쳐다봐

청춘은 어디 간걸까

시간이 언제 이렇게

무언가를 해야 하는데

모든게 바로 엊그제 같은데

꿈은 어디에

(Noah)

누군가는 약이래 시간

그 시간이 지났다 치자

대체 뭐가 달라졌니 진짜

시작은 미약 끝도 미약

엄마 미안 더 이상

버티는거 그만하고 회사

나 조금은 다른길로 들어가볼게

내 알아서 할게

그만 좀 보채

날 깔아본 쟤네

내가 내려다보게

내 발로 다른 세상으로 데려가볼게

내 인생은 출구 없는 긱사

너네들 지금 당장 집합

꼬우면 너네도 해 노력

시간만 기다리면 지쳐 기력

I'mma say, man

welcome to hell

I'mma say, dude

stay there like that


(마루인)

나는 오늘의 훅잡이

우리 모두의 목소리

너도 지금 들리니

들린다면 움직이자

나는 오늘의 훅잡이

우리 모두의 목소리

너도 지금 들리니

들린다면 움직이자

나는 오늘의 훅잡이

우리 모두의 목소리

너도 지금 들리니

들린다면 움직이자

나는 오늘의 훅잡이

우리 모두의 목소리

너도 지금 들리니

들린다면 움직이자",3
472,On the way home,Finder,"[가사 준비중] 멜론 회원 여러분! 가사 등록을 기다리고 있어요.
가사등록하기",10
473,ㅠㅠ(You You) (feat. 김승민),장동욱,"you, 아직까지 나의 눈칠 봐
괜찮다는 말은 거짓말
you you

시간이 빠르게 흘렀지만
We are not okay uh
뭐든 다 해도 돼 그 표정만은 안돼
친구들이 말한 친구들의 썰에
쉽게 몰입해서 그래
눈을 감고 think about it
노려보는 짓도 이젠 그만해 stop it

화 풀어 백해무익해
너를 망칠거야 쉽게 한 말
동질에 attracted 됐지만
다름을 인정 못 하는 너야
I don't wanna hate you
이 공간에 둘만 있다는 듯
바른 말투와 예를 갖춤
따윈 없다고 이 평화는 끝인거야

Oh wait low tide is flowing out slow
너무 방치만 했나 조금 멀리 온 듯 해 I know
yeah 함부로 했다간 sin
가만히 있다가는 miss
다 받아준다면 돼 fish
출발했대 이별 택시 I let him switch lanes

uh I mean, I'm sorry, my bae
다시 돌아와 이 대화
상처만 늘어서 왔지 그대로야
결국 나만 말 한마디로
끝내는 법을 아는 거야
뭐가 미안하냔 말엔 다시 몰라

얘기만 해줘 고칠게 뭐든간에
왜 항상 표정으로 모든 걸 말해
So I just be failed one
So we can't be better

카펜 눈치 없이 조용하지
you 아직까지 나의 눈칠 봐
you 괜찮다는 말은 거짓말
you u u I’m lovin you u u
ㅠㅠㅠ I’m hatin ㅠㅠㅠ

ㅠㅠ 주변 사람들은 웃지만
ㅠㅠ 심각한 것 같아 우리만
you u u I’m lovin you u u
ㅠㅠㅠ I’m hatin ㅠㅠㅠ

It's complicated, especially when?
uhm... 매일이
아니 변했단 네 말은 I don't get it,
봐봐 I’m still here waitin'
꼬였어 너 지금, 풀어준다잖아 잠시만 pipe down
Italy 에서 온 Loro Piana
그건 원래 아니였어 내 할당 right now

잘잘못 따지는 데에만 혈안이 되있네 자꾸
시간은 열한시 반쯤 너는 또 늘어놔 불만 나 바쁜데
친구가 받았어 뭘? 우린 문 닫고 shopping 했어 mall
넘쳐나잖아 invoice, 널 위해 하는 일 안 보여?
put the sunglasses down now

I know you too well
네 친구들 모여서
수다나 떨다가 묻겠지
do you wanna leave yet?
조종하겠지 널 뒤에서
너도 때마침 따분해지기에
머리속 나쁜 생각 붐비네, 뱉을 준비해,
이해가 안돼 도저히

What makes you feel upset?
How can you be relaxed
우리 대화는 fail 처음 보는 표정에
이제야 몰입해
우린 서로 지나친 이해를 기대했던 거야
사실 너도 뭐에 화났는지 몰라

얘기만 해줘 고칠게 뭐든간에
왜 항상 표정으로 모든 걸 말해
So I just be failed one
So we can't be better

카펜 눈치 없이 조용하지
you 아직까지 나의 눈칠 봐
you 괜찮다는 말은 거짓말
you u u I’m lovin you u u
ㅠㅠㅠ I’m hatin ㅠㅠㅠ

ㅠㅠ 주변 사람들은 웃지만
ㅠㅠ 심각한 것 같아 우리만
you u u I’m lovin you u u
ㅠㅠㅠ I’m hatin ㅠㅠㅠ",104
474,메리 하우스마스,Xyche Kiddy (싸이키 키디),"하나둘씩 커져가는 불빛들 사이 속에 난
초록 빨강 쓰레기들 더미에 깔린 f**kin Christmas
하나둘씩 커져가는 불빛들 사이 속에 난
내년 산타 오기 전엔 너랑 밤새 Merry Christmas
Life is lots of parts of pointing
힘들었던 어제 일도
I'm gonna s**t shake it all off,
get back up 부질없다 but
Happy Merry Christmas 같은 행복은 내겐 없다
Christmas
Nightmare
drop drop drop drop drop
행복은 허상 같아 엄마
다들 썩은 속을 가리고 밝네 귤박스
촛불을 한숨이 키워 더
행복에 불을 질러 불행으로 만땅
만족은 신기루 같아 아빠
머리에서 그렸더니 아른거리는
나의 눈 위에 보이는 듯하다
뜬구름처럼 손에 잡히지가 않아
Why are why are
Why are you so honesty?
What's your what's your
What's your problem is?
Why are why are
Why are you so honesty?
What's your what's your
What's your problem is?
하나둘씩 커져가는 불빛들 사이 속에 난
초록 빨강 쓰레기들 더미에 깔린 f**kin Christmas
하나둘씩 커져가는 불빛들 사이 속에 난
내년 산타 오기 전엔 너랑 밤새 Merry Christmas
난 방구석 술래 없는 숨바꼭질 중
다들 날 볼 때완 내 겉은 opposite type of bull shit
다 머리맡에 쏟고 누워
아침이 오면 바뀔겨
그저 그 하루가 선물이야
하나둘씩 꺼져가는 iphone 불빛들 사이 속에서 헤엄
캐롤이 질릴 때
초록 빨강 쓰레기들이 쌓인 더미에 깔린 Imma lil 캐스퍼
지들만 신난 Cristmas
My life is like a big big canvas
하얗게 질려 좀 배 아팠어
거리에 산타 마네킹은 이제 코케인처럼
추방 마려워 푸엘토리코로 take off
Why are why are
Why are you so honesty?
What's your what's your
What's your problem is?
Why are why are
Why are you so honesty?
What's your what's your
What's your problem is?
하나둘씩 커져가는 불빛들 사이 속에 난
초록 빨강 쓰레기들 더미에 깔린 f**kin Christmas
하나둘씩 커져가는 불빛들 사이 속에 난
내년 산타 오기 전엔 너랑 밤새 Merry Christmas",7
475,아프로디지악,차류한,"뽐내는 니 향기
니가 걸어간 뒤에는
향 길이 남지
알고 싶어 뭔지
니가 향수를 흩뿌리는 방식

아직 이만치 궁금한 게 많지
너의 잠뿌는 뭘까 No.5?
뭐 아니라면 어때
나에게만 알려 주겠니 Bae

꽃이라는 표현
너는 싫어할 수 있지만
너만 바라보게 되는
나에게는 벌

향따를 원해 나
이런 적은 처음
깊게 들이마시고
너에게 다가갈래 더

최애 하우스는 뭘까 해
니 집으로 시향
진열장을 볼까
나 못 참아서 미안

달달한 분위기에 취해
마치 구어망드
다 먹고 싶대 뭘 물어봐

서로의 향이 섞이는 밤
너로 깊어지는 맘
넌 나를 놓치지 마
Alright, Yeah

서로의 향이 섞이는 밤
너로 깊어지는 맘
넌 나를 놓치지 마
Alright, Yeah

로스트 체리
xx 패뷸러스
뒤섞이다 보니
서로 레이어드
음 예 기막혀 이건
한 하우스의 하모니

우리 사이 안정화는 필요 없어
계속 흔들어 손으로 덥썩
좀 더 펌프해 흩뿌려 향수
나의 흰 수색을 니가 볼 수 있기를

자연스레 풍기는 살냄새
이건 니가 뿌린 향수가 아닌데도
너무 잘 느껴져
간혹 아쉽게
애태우기도 해 Yeah

잔향은 달라붙어야 맡아져
니 착향의 트레일 내게 맡게 해줘
침착하게 숨을 들이쉬어
자 가라앉히고 둘이서

서로의 향이 섞이는 밤
너로 깊어지는 맘
넌 나를 놓치지 마
Alright, Yeah

서로의 향이 섞이는 밤
너로 깊어지는 맘
넌 나를 놓치지 마
Alright, Yeah

서로의 향이 섞이는 밤
너로 깊어지는 맘
넌 나를 놓치지 마
Alright, Yeah

서로의 향이 섞이는 밤
너로 깊어지는 맘
넌 나를 놓치지 마
Alright, Yeah

불호드백은 No 해
굳이 필요 없지 오해
서로가 돼 서로의 노예
울어 불러줘 노래

불호드백은 No 해
굳이 필요 없지 오해
서로가 돼 서로의 노예
울어 불러줘 노래",11
476,# (Hashtag),쎈코 (SSENCO),"Give me the hashtag
성공 할 래퍼 ay
그 다음은 뭐게?
곧 이루어질 My dream
What's your hashtag?
적어봐 너도 같이
너의 freewheeling
달아봐 htag에

내려와 꽃들이
#봄봄봄
가슴이 설레여지는 계절
시작의 첫걸음
오늘부터 달려

surfing해 파도 위에서
수영해 물속에서
#호캉스 #워터파크
열심히 달리고 또 달려서
여기까지 왔어 난
잠시 난 쉬어갈 타이밍이야
다들 모여 Party해

Do your Love?
너의 모습
What is your life?
뭐든 말이야
모르겠어? 너의 life
그럼 한 번 달아봐
너의 모든걸

Give me the hashtag
성공 할 래퍼 ay
그 다음은 뭐게?
곧 이루어질 My dream
What's your hashtag?
적어봐 너도 같이
너의 freewheeling
달아봐 htag에

Put it on hashtag
너만의 모습들
자유롭잖아 여긴
셀 수 없이 많이
Put it on hashtag
너만의 모습들
자유롭잖아 여긴
셀 수 없이 많이

어느덧 내 꿈의
절반까지 왔어
아직 난 가야 될 길이
너무 많은데
#나가을타나봐
내 마음은 텅 빈 것처럼
난 외롭고 많이 공허해

안돼 난 아직 아니야
쓰러지면은 안 돼
다 왔잖아
벌써 흰 눈이 내려
아직 난 끝내고 싶지가 않은데
모두 모여 Party 하는데
12월 #나홀로집에

Woo 마지막
Woo 인사를 해
Woo Come back
나의 new time
365, 1year
계속 바뀌는 사계절
hashtag도 같아

Give me the hashtag
성공 할 래퍼 ay
그 다음은 뭐게?
곧 이루어질 My dream
What's your hashtag?
적어봐 너도 같이
너의 freewheeling
달아봐 htag에

Put it on hashtag
너만의 모습들
자유롭잖아 여긴
셀 수 없이 많이
Put it on hashtag
너만의 모습들
자유롭잖아 여긴
셀 수 없이 많이",1
477,ㅠ (You),샤토 아모르,"When I wake up in the morning
I feel emptiness
You said “We need to take a time.”
다신 볼 수 없겠지

너무나 작은 균열이 가를지 몰랐지
우리 사이 이미 멀리 가버렸지
아프지, 나쁘지만 사라지니까
힘들더라 네 잔소리도

이제 난 똑같은 일
반복에 반복을 살고 있지
넌 이미 다른 남친
품에 안겨 밤들을 지새는지

‘Baby, call me back’
그 노랜 널 위해 만들었는데
준비했지만 한마디도
못하는 겁쟁이잖아

You, I need you, I want you
Oh, you already know that
You, I need you, I want you
My baby baby

Yeah yeah 이제는 볼 수 없는 너
Yeah yeah 시간이 빨리 갔으면
Yeah yeah 아무리 빠르게 달려도 다가오는
공허함이랑 마주할수는 없어, 아직은 어린가봐 난

You 널 위해 나쁜 습관들을 버릴게
You yeah yeah yeah I miss you
You now I’m leaving in news 전부다 new
You I need U, oh yeah

정이라고 정의해 버리는 건
동의하지 못하는 일
술 땜에 지워진 밤이
아쉬워서 내뱉어버려 연기

우리 불꽃이 작아졌어도
푸른 부분은 남아있어 눈 밑에
봄은 겨울 뒤에, 비 온 뒤
무지개처럼 기다려 줄래

흔적을 지우려 해
근데 이건 잘 안돼
내 손목의 향기,
네가 좋아하던 노래 전부

그 노래를 부르지만
넌 여기 없는데
네가 원한다면 뭐든
다시 볼 수 있다면

정말 볼 수 없을까?
널 마주한 다음, 말 하고 싶어
Oh baby, yeah I need you
여전히 love U, 여전히 난 여전해

Yeah yeah 이제는 볼 수 없는 너
Yeah yeah 시간이 빨리 갔으면
Yeah yeah 아무리 빠르게 달려도 다가오는
공허함이랑 마주할수는 없어, 아직은 어린가봐 난

You 널 위해 나쁜 습관들을 버릴게
You yeah yeah yeah I miss you
You now i’m leaving in news 전부다 new
You I need U, oh yeah",7
478,귀찮은 삶,장성우,"예,

이른 비가 내려
이름 뒤엔 외려
내용이 중요치 않아지지

예,

이른 비가 내려
이름 뒤엔 외려
내용이 중요치 않아지지

구태여 말들을 붙여
가사를 적다 보니
내린 비가 어느새
발치에 가득, 고여

꼬여 붙은 파리들
진짜 파리는 아니더라도
내 곁에 모인 부패한
마음의 조각들

창작을 배려,
마음의 고뇌를 베려,
고 하지만 내 마음은 되려,

옛날 그 시간으로 거슬러
어슬렁, 거리며 걸었던
그 길을 떠올리며
천천히 걸어

빗속을 천천히 걸어
비트를 평범히 타고
템포를 늘어 뜨려

하루를 잘 사는 것
그게 내 유일한 목표

노래를 듣다 보면
또 내가 걸었었던
그 날들을 되새겨

걷거나 글을 쓰 거나
랩을 하거나 천천히
박자에 맞춰 발음해보거나

모든 것들은 마음의
구멍을 메꾸려
하는 일이지만 되려
잘 되지 않는 일들만
한가득,

네 하루는 어때
좋거나 나쁘거나
아무렇지도 않거나,

그런 것들을
그러 모아 두곤
멋진 인생이라고
할 수 있겠어,

비판이 아니라 물음
이네, 일상은 위대한
작품을 메꾸는 페인트

방정식의 완전수라네

천천히 걸어, 어때
네 박자에 맞춰 걷다
보면 언젠가 꿈의
윤곽을 다 그리겠지

그 때부터 달려가
면 인생의 절반은
쓰지 않겠어,

고생 많은 하루에
비가 내린 마루에
한숨을 죽여
차가운 바닥에
가만히 앉아 쉬네
수고 많았네, 그대

밤중에 들어, 자기 전에
이 노랜

열심히 달린 이는
자는 순간에
부족함 없는
잠을 꿈 안에
서 자기를

예,

이른 비가 내려
이름 뒤엔 외려
내용이 중요치 않아지지

구태여 말들을 붙여
가사를 적다 보니
내린 비가 어느새
발치에 가득, 고여

꼬여 붙은 파리들
진짜 파리는 아니더라도
내 곁에 모인 부패한
마음의 조각들

창작을 배려,
마음의 고뇌를 베려,
고 하지만 내 마음은 되려,

옛날 그 시간으로 거슬러
어슬렁, 거리며 걸었던
그 길을 떠올리며
천천히 걸어

빗속을 천천히 걸어
비트를 평범히 타고
템포를 늘어 뜨려

하루를 잘 사는 것
그게 내 유일한 목표

노래를 듣다 보면
또 내가 걸었었던
그 날들을 되새겨

걷거나 글을 쓰 거나
랩을 하거나 천천히
박자에 맞춰 발음해보거나

모든 것들은 마음의
구멍을 메꾸려
하는 일이지만 되려
잘 되지 않는 일들만
한가득,

네 하루는 어때
좋거나 나쁘거나
아무렇지도 않거나,

그런 것들을
그러 모아 두곤
멋진 인생이라고
할 수 있겠어,

비판이 아니라 물음
이네, 일상은 위대한
작품을 메꾸는 페인트

방정식의 완전수라네

천천히 걸어, 어때
네 박자에 맞춰 걷다
보면 언젠가 꿈의
윤곽을 다 그리겠지

그 때부터 달려가
면 인생의 절반은
쓰지 않겠어,

고생 많은 하루에
비가 내린 마루에
한숨을 죽여
차가운 바닥에
가만히 앉아 쉬네
수고 많았네, 그대

밤중에 들어, 자기 전에
이 노랜

열심히 달린 이는
자는 순간에
부족함 없는
잠을 꿈 안에
서 자기를


두근대는 마음을 품어
하루를 시작해
아침에 바라보는 해의 색
양 뭐시기 하는 꼬마의 랩 가사네
아무튼 그건 됐고,

아침에 눈을 뜨면 지난 밤이 궁금해
라는 가사는 알고 있니
어릴 적에 코난도일은 들어본 적이 있니

어쨌거나 아침은
새롭게 시작되는 기쁨을
우리에게 전달해주네
헛방을 치고 무너졌던
지난 밤의 어둠이 다 끝나고
기어코 하루를 더 살아내 얻은 하루는
무한한 감사 뿐야,

네가 만약 지독한 병에 걸렸다면 실제로
그 하루가 얼마나 소중하겠어
너는 돈이 없고,
아직 실력이 없고,
명예도 인맥도 없어서
골방에 앉아 무언가를 만드는 인간이어도
자유와 하루가 주어져서 무언가를
만들어낼 수 있다는 게
얼마나 큰 행복과 축복인지를
반드시 반듯이 알아야 해

그게 누리는 자의 태도고
크게 세상을 바라보는 자만아닌
자신감 있는 바른 시야거든
별 것 아닌 하루처럼 보여도
별 것 없다는 게 어찌나 감사한 지
별 탈 없이 성실하게 무언가를 만들 수 있는

시간은 세상 모든 걸 다 주어도
바꾸지 않을 값진 금이라네
시간은 금이라지,
그 말이 와닿니 아직
어린 날엔 시간이 강물 흘러가는 상류에 있어
그 끝을 짐작하지조차 못하고 그저
무한하게 뻗을 것 같지만
하류에 닿아 바다를 바라보면

그 물의 마지막을 알고 내가 결국
어디로 가게 되었구나를 깨닫게 되지

흐르는대로 살아,
라는 말은 나쁜 흐름에는 거슬러도
자연스러운 것들에는 몸을 맡기고
좋은 요령과 기술이라면 지혜와 경험으로
받아들여 장인이 되어가라는 뜻이야

네가 기술을 익혀도 결국
좋은 일을 하는 놈이면 쓸만한 거고
세계 최고의 기술자래도
인간 백정이나 사기꾼,
뭐 그런 놈이면 뭐 쓸모 있겠어

랩 실력, 돈, 명예, 뭐 그런 것들을 얻고나서
네가 그 다음에 뭘 할지를 생각해보지 않았다면

넌 아직도 고민을 덜 한 거야.

랩보다는 인생이 중요해,
랩보다는 인생이 중요해.
음악보다도 삶이 값지다는 말은
음악이 싸구려란 비하가 아니라
비로소 삶이 값지며 삶에 비교될만치
음악이 값지다는 바른 말을 하고 있는 거야",0
479,if,Pluto,"You can’t tell me nothing
You can’t tell me nothing
Fly like a dove
It’s filled with cologne
Is you holding on looking for another home
How’s it gonna work if I’m ever on your call
You can’t tell me nothing
You can’t tell me nothing
I just gotta know
What made us to fall
I’m sick of lows, counting on my pills that ain’t gonna fill, nothing but a fog

Lately you got me so f’d up I’m trynna rinse everything 0 to 10
I ain’t got nothing remaining on path, even residual matters to blame
Gotta be empty to swallow the truth
Memories vivid and I always lose
Wish you were here wetting my bed sheet over the night with plenty of moves
Baby I’m down for this city
Out for a grind
You don’t owe me nothing
Or maybe I’m blind
I’ve been following traces but
you’re probably with someone who’s easing your mind
Back then there was nothing to phase me
(burn our souls)
Going 80 on a 50
(loved your scent)
Her pilates so bendy
(slide to the crib)
Just tell me you’ll let me
Yeah, I run it back to our primes
We were neither leashed or tied
Dreaming all damn day
Ain’t nothing changed
But I can’t relate
So far away to hear you
So vulnerable to heal you
But tell me when you feel blue
This time I won’t leave you

You can’t tell me nothing
You can’t tell me nothing
Fly like a dove
It’s filled with cologne
Is you holding on looking for another home
How’s it gonna work if I’m ever on your call
You can’t tell me nothing
You can’t tell me nothing
I just gotta know
What made us to fall
I’m sick of lows, counting on my pills that ain’t gonna fill, nothing but a fog
Oh, is it a crime
That I still love you
We’ve seen better times
I wish we we were meant to…",0
480,열아홉,YuLgang (율강),"Nineteen
모든 게 좋았던
다신
오지 않을 이 시간은 더
아깝지
설레기만 하는 이 마음은
걱정보다는 더
앞서 있었던 걸까
시간이 지나고
추억은 기억 속에 남아
사계절을 돌아온
우린 열아홉의 끝에
시간이 지나서
걷던 길을 돌아보게 된다면
발자국은 끊기지 않았던 nineteen
아직은 어리기만 한 나이니
Everything is changed
이제야 끝이 보이네 19년의 game
달려오며 참 많이도 느꼈지 실패
나 돌아간대도 몇 번이고 반복할 거야 again
우린 했지만 어른인 척
이제 하고 싶을 거야 어린 척
들려면 멀었지 철
날 봐달라고 소릴 더 질러
설렘 가득한 시절
다시 올까 스물 지나 있고 싶어
어른이 되면 상처의 깊이는 더 짙어
시간이 지나고
추억은 기억 속에 남아
사계절을 돌아온
우린 열아홉의 끝에
시간이 지나서
걷던 길을 돌아보게 된다면
발자국은 끊기지 않았던 nineteen
아직은 어리기만 한 나이니
시간은 흘러가
지금 이 순간이 영원하지 않대도
(영원하지 않대도)
추억을 내 기억 속에 깊이 새겨
wit u 4eva
나 정말 불같이 뛰어 달려왔고
수백 번을 넘어져도
다시 일어나면 된다는 것을 알게 됐어 I know
어제가 그리워도
내일이 설레어도
오늘을 놓치질 않길
시간이 지나고
추억은 기억 속에 남아
사계절을 돌아온
우린 열아홉의 끝에
시간이 지나서
걷던 길을 돌아보게 된다면
발자국은 끊기지 않았던 nineteen
아직은 어리기만 한 나이니
nineteeN
모든 게 좋았던
Twenty",29
481,눈이 내려 (feat. 석진),Y Koliath,"밖에 눈이 내려
where you at
당장 데리러 갈게 지금
대충 준비해
딴 건 필요 없고 너만
있으면 난 okay
벌어서 너한테 쓰는 거는
아깝지가 않아 pay

밖에 눈이 내려
where you at
당장 데리러 갈게 지금
대충 준비해
딴 건 필요 없고 너만
있으면 난 okay
벌어서 너한테 쓰는 거는
아깝지가 않아 pay


시간은 너무 빨리 가 또 12시
너랑만 있으면 무너져 시간 계산이
진짜로 꽉꽉 채워 보내려고 한 준비
내 생각 계획대로 된 건 전부 없었지

모든 전부 okay
어제 쓴 것만 또 100
줬던 선물은 다 좋데
별로 못해줬는데
네가 보고 싶단 movie
전부 보여줄게 빨리
다른 애들과는 달리
해주려고 하는데 봤지

뭐든지 가져가 내 전부 걸 거야 너한테 배팅해 all in
조금씩 채워져 통장에 한자리 올려놔 현재에 벌이
둘이서 손잡고 하늘에 오잖아 생각지 못했던 눈이
지금에 분위기 휩쓸려 서로를 마주해 보잖아 우리


밖에 눈이 내려
where you at
당장 데리러 갈게 지금
대충 준비해
딴 건 필요 없고 너만
있으면 난 okay
벌어서 너한테 쓰는 거는
아깝지가 않아 pay

밖에 눈이 내려
where you at
당장 데리러 갈게 지금
대충 준비해
딴 건 필요 없고 너만
있으면 난 okay
벌어서 너한테 쓰는 거는
아깝지가 않아 pay


Wait a minute

신발 끈이 풀려
칠칠맞게

내가 없음 어떻게 살래
꼭 붙어 옆에

돈은 내가 낼게
세워줘 주말에 계획

너랑 둘이 하는 거면
뭐든지 I'm ok

네가 무엇을 좋아하는지 몰라서
전부 사 봤어 Babe

식당 와서 자리 잡을 때는 잠깐
의자는 내가 빼

선글라스에 바다 갔던 게
엊그제 같은데

우리 시간 참 빠르다 이대로
영원히 함께

Tell me what you want
네가 원하는 건 더
해줄게 너 앞에선 Dumb

바보 되니까
말도 안 나오니까
됐어 난 안 변해
Say you love me


밖에 눈이 내려
where you at
당장 데리러 갈게 지금
대충 준비해
딴 건 필요 없고 너만
있으면 난 okay
벌어서 너한테 쓰는 거는
아깝지가 않아 pay

밖에 눈이 내려
where you at
당장 데리러 갈게 지금
대충 준비해
딴 건 필요 없고 너만
있으면 난 okay
벌어서 너한테 쓰는 거는
아깝지가 않아 pay",7
482,험담 (feat. 리마(LimA)),이희준,"방구석키보드 워리어드 남 씹고 험담
한국 연얘인 자살 순위 1위 니면상좀봐
pussy 들 직접얼굴보면 나한테아무말도 못하지
20살에 대학졸업 19운전면허 땄지 drop shit 봐
내가 다 잡아놨지 pussy 래퍼기강
fuckboypussy 들 kill that 12345 내폼미쳤지 i ok man
all the jumpsmoveon trippin 난 언제나no capin dope해
허리에크롬하츠벨 필요없지i boss 내 자체로이미 억대인 가치
사클래퍼들 동급 작업물구려 피드백 필요없지 명품에 부려 사치
난 항상성공을바래 내 직업은학생
삶이너무빡세 무너져도 앞에
shooting hoe grra
네가 받을 차례
사망한 래퍼들 제사를 차례
술잔에 가득 따를게 가
칵 퉤
참나 네가 된다고 다음 세대 칸예
죽어도 안돼
이번 생에 담 생에 다다 다음 생에도 안돼
fuck damn shit 안 믿어 말만 cap no cap
깔창 안 깔고 올라가 더 높게 still on my way 호기롭게 키보드 자판 터뜨리며 대가리 깨
gg 걸리지 시비 ㅈ까라 기믹 실시간 조회수 1위
얼굴에 기미는 가렸니 비비 쓰는 건 네 친구들이 알고 있니
주위 둘러싼 병신들 패거리
개 pussy 냄새 뿌려 페브리즈
주변 fake 또는 fail 토 쏠려 wack 가짜들은 4마디 못 뱉고 쳤어탭
버티는 게 힘들었던 어저께는
겉멋 빼 표정에
지구 눌렀고 오늘도 이겼고 승리만이 미래
순간이 기회 ㅆㅂ 다들 피해",1
483,미안하다고 해,WON (박성원),"미안하다고해
잘못했다고해
후회한다고해
아님 돌아온다해
아님 사랑한다해

뻔한 한편의 드라마
영원 이란 말은 더 의미없게 해
사랑, 비극이 된 결말
욕심은 끝이 없고 날 괴롭게 해
착각이 었나봐 끝까지 우린 어째서
같은 실수를 반복하며 잘못을 저질러
Yeah, 심장은 날 이끌고 말해,

미안하다고해
잘못했다고해
내 탓 이라 그래
못난걸 어떡해
이해가 안되는데
어떡해야할까

너에게 줬던 사랑이 커서 다른 누군가 에게 줄게 없어
나에게 줬던 아픔이 커서 다른 누군갈 사랑 할수 없어
억지스러운 관계
한쪽이 먼저 등을 돌려야만해
끝내 모든걸 포기 한채
떠나가는 내 모습이 비참해
이 젠 너 없이도 하루 하루 잘 지낼수 있을까
아마 반 쯤 미쳐 가며 살 거같아 보고싶다란 말만 하겠지
한숨만 나오겠지

나 이제 어떡하지

미안하다고해
잘못했다고해
내 탓 이라 그래
못난걸 어떡해
이해가 안되는데
어떡해야할까

두 번은 없을 만남
처음이자 마지막 사랑

두 번 다시 볼수 없는걸 알지만
이렇게 라도 불러 본다

미안하다고해
잘못했다고해
내 탓 이라 그래
못난걸 어떡해
이해가 안되는데
어떡해야할까

미안하다고해
잘못했다고해
후회한다고해
아님 돌아온다해
아님 사랑한다해",176
484,Fly You Out (Feat. HAON(김하온)),Yang Kyle (양카일),"I’mma fly you out
Hop on 보잉707
Shoot my shot like 007
내 생일 0707
That’s crazy
I’mma fly you out
Hop on 보잉707
Shoot my shot like 007
내 생일 0707
That’s crazy
Shawty you my 11 : 11
열어줘,like 7/11
Only for you I’m 24/7
니 옆자리 feel like it’s heaven
Time melt too fast when I’m with you
Don’t know what happened
I want us to just last forever
꽉 잡아줘 fasten
Fly you out
I’mma fly you out
I’mma fly you out
I’mma fly you out
I’mma fly you out
I’mma fly you out
I’mma fly you out
I’mma fly you out
Girl I can get you a ticket
들고 있을게 널 위한 피켓
And we have a little bit of chit chat
네 시간이 지체 되지 않게 I’ll fix that
너 없이 난 피폐해져
in this city I work like 기계
뛰어넘어버려 기대
맸지 내 젯팩
Goin’ up too high, see that?
다가오는 우리의 미래
봐 새시대
우리 집 너의 시댁
바로 바로 오는 너의 feed back
I’mma kick that
Break in a half, kitkat
Favourite track
I made it
넌 repeat and repeat and repeat
Like what
I’m workin’ and run it back
남은걸 처리해
나는 걍 서리
‘Cause you got melons
나한테 있어 니 ticket
오늘 밤 니 침대위에서 freak 해
착륙하니 you be shouting “I’m free 해“
없애버려 our time 의 delay
넌 꼭 티내
열어줄 걸 알아 니 마음
Spread yo’ legs up like Kitkat
Mixing Mexican coke with some Hennessy
만들고 있어 너를 위한 이 Melody
You the only person that’s gon’ better me
Oh, I see
You the baddest ting
날아와 당장 여기 높이 필요없어 도피 yuh
Sit on my lap, I’m loving it when you is on me on me
보여줄 게 있다면 어서 just show me show me love
Hyatt hotel, 둘이 종일 옹기 종기 yuh
I’mma fly you out
Hop on 보잉707
Shoot my shot like 007
내 생일 0707
That’s crazy
I’mma fly you out
Hop on 보잉707
Shoot my shot like 007
내 생일 0707
That’s crazy
Shawty you my 11 : 11
열어줘,like 7/11
Only for you I’m 24/7
니 옆자리 feel like it’s heaven
Time melt too fast when I’m with you
Don’t know what happened
I want us to just last forever
꽉 잡아줘 fasten
Fly you out
I’mma fly you out
I’mma fly you out
I’mma fly you out
I’mma fly you out
I’mma fly you out
I’mma fly you out
I’mma fly you out
Shawty you know I’mma fly you out to wherever you want I’mma take you
아무데나 데려다 줄게, 니 얇은 다리 뿌러질때까지
Yo shawty, wanna go shopping?
내가 해줄게 니 장식
Need no accessory, but I’mma take you to 갤러리아 ho
넌 항상 내편이야 언제든, 넌 아삭해 celery야
Shawty is a vegetarian, 매일 먹고 싶어 해 eggplant
이노래로 돈을 번 다면 이거 다 니돈이야, 여기 니 salary야
너는 나의 배터리야, 너를 만나고 나면 나는 개털이야
날아와 당장 여기 높이 필요없어 도피 yuh
Sit on my lap, I’m loving it when you is on me on me
보여줄 게 있다면 어서 just show me show me love
Hyatt hotel, 둘이 종일 옹기 종기 yuh
I’mma fly you out
Hop on 보잉707
Shoot my shot like 007
내 생일 0707
That’s crazy
I’mma fly you out
Hop on 보잉707
Shoot my shot like 007
내 생일 0707
That’s crazy
Shawty you my 11 : 11
열어줘,like 7/11
Only for you I’m 24/7
니 옆자리 feel like it’s heaven
Time melt too fast when I’m with you
Don’t know what happened
I want us to just last forever
꽉 잡아줘 fasten
Fly you out
I’mma fly you out
I’mma fly you out
I’mma fly you out
I’mma fly you out
I’mma fly you out
I’mma fly you out
I’mma fly you out",568
485,Drunk,Ruud (루드),"김래원
가장 보통이었담 난 아마 김래원

미안해 내가 술에 취해서 그래 난 너한테 아니면 왜
어떻게 이 밤에 연락하니 bae
미안해 내가 술에 취해서 그래 난 너한테 아니면 왜
어떻게 이 밤에 연락하겠니 너에게

니가 보고 싶어 결국에는 말을 길게
돌려 하려고 해 너는 내가 밉겠지만
아침이 와도 핑계
대지 않을 테니 해주겠니 이해
Hey baby 왜 그런 말을 해
내 상태 이젠 예민함을 빼
너 좋아했던 곡을 틀을 게
이게 꿈 이래도 shawty where you at
you said get out of my face
다시 너의 앞이잖아 no way
날 밀어내는 너를 보며 화를 내
Love again
I know you can't believe me
금이 간 거 이미 나도
안 지킬 말은 질린다고
지난 일은 You can blame me
필요 없는 타이밍
니 번호면 for real

미안해 내가 술에 취해서 그래 난 너한테 아니면 왜
어떻게 이 밤에 연락하니 bae
미안해 내가 술에 취해서 그래 난 너한테 아니면 왜
어떻게 이 밤에 연락하겠니 너에게

김래원
가장 보통이었담 난 아마 김래원
여태껏
우린 다르다고 생각을 했었지 매번",1
486,겨울의 향수는,rich code:hsb,"흰 길 위에 서있어 난
검게 물들어 내 그림잔
발자국을 하나 둘
이곳엔 너와 나 둘 뿐

이었는데 이제 나 홀로
자연스레 발자국은 하나로
하얀 길 위 너는 마치 어린아이
그리워 귀찮던 너의 어리광이

white way i'm alone
화이트 후레쉬 smoke
arased child
지워지지 않아 죄책감이


winter romance
한편의 movie
그리움 보단 추억
조금은 미화된 기억

hey girl
you rmeber me?
winter romance
한편의 movie



얼어서 깨져버린 love
널 잃고 얻어버린 돈
차가워 목에걸린 ice 체인
해어진게 참 다행이지

이 곡 도 널 소재로 삼은
돈 벌이 절대 하지마 착각은
하나 미안한건 arased child
그래 맞아 애써 아닌척 lie

너의 향수보다 sweet my money
절대아냐 lie
너의 손보다 따듯한 현찰이지
절대아냐 lie

winter romance

한편의 movie

그리움 보단 추억

조금은 미화된 기억



hey girl

you rmeber me?

winter romance

한편의 movie",2
487,Suddenly,Groove Canvas,"[가사 준비중] 멜론 회원 여러분! 가사 등록을 기다리고 있어요.
가사등록하기",10
488,good night,백시온,"내가 선택해서
어깨를 펴야 했어
말은 더 줄이고
시간은 사라져가
너처럼 너무 빠르네
또 말을 안 걸게 선글라스 끼고 정색해
속은 물러터졌지만
정반대의 애티튜드
그래도 꽤 잘하고 있어
난 괜히 툭 거울아 멋있어
수많은 마음의 방들
가을 새벽닭의 vibe
싫으면 표정 못 숨기는 아이
처지는 건 오늘까지 만
내가 답이 없다면
그건 거짓으로 대하기 싫어서니까
금방 다시 온다고
아무 일 없단 듯이
그러니깐 good night
편하게 good night
있는 그대로의 나
편하게 good night
good night
편하게 good night

내 몸이 이러 저리 굴러
6 to the 6am full로
떡진 머리 눈 안 보이게 모자 푹 눌러쓰고
때가 많이 탄 신발은 that's me gang gang
멋으로 다 찢고 싶어서
거울 앞에 섰고
물론 속이 더 중요하지 난
그리움 외로움이 헷갈리나
찌끈 거리지 골치 아파
이게 인생 아닐까
그렇게 그렇게 흘러가 그렇게 그럼 돼
이렇게 이렇게 둥그렇게 가끔 뾰족하게
감사해야겠어 그저 나의 삶에
이것도 저것도 전부 난데
마음먹으면 못할게 뭐야
내일처럼
오늘을 칠해 하얗게

기분좋게 good night
편하게 good night
있는 그대로의 나
편하게 good night
good night
편하게 good night
편하게 good night
있는 그대로의 나
편하게 good night
good night
편하게 good night",4
489,Love&Hate (Feat. KOR XIGN),Sixvase,"It’s the MO F***in race
난 있어 저 위에
너네랑은 달라 rat
우린 챙겨 Money bag

I miss my F***in pain
무시하고 더 쌓아 난 racks
다 지워 내 dirty past
그치만 This is Love&Hate

It’s the MO F***in race
난 있어 저 위에
너네랑은 달라 rat
우린 챙겨 Money bag

I miss my F***in pain
무시하고 더 쌓아 난 racks
다 지워 내 dirty past
그치만 This is Love&Hate

B**** I'm back 우리는 안 펴 담배
더 좋은 거 피고 위로 올라가지
너네랑 다른 게 폐에
dopamine talkin 매일

여자랑 달리지 fake taxi
drive thru 필요해 우린 MAC D
배 불리고 she say baby
자기야 쎄게 해 더

She wanna just domino woah
무너트려야겠어 그녀를 또
너무나 급해 마음이 woah
한번 하고서 바로 time stop

죽여줘 이 *의 허리돌림 huh
딴 *이랑 딴 *은 거리두기 huh
아직도 나 땜에 못 걸어
walk it walk it walk it

walk it like a talk it
Ya, yo warning
아가씨 또 왜 이래
너 말고 있어 쩌는 lady
숨겨진 나의 baby
24 year 걘 거대해 Ya

아끼는 dirty girl
아끼는 dirty girl
넌 너무 덜 익었으

It’s the MO F***in race
난 있어 저 위에
너네랑은 달라 rat
우린 챙겨 Money bag

I miss my F***in pain
무시하고 더 쌓아 난 racks
다 지워 내 dirty past
그치만 This is Love&Hate

It’s the MO F***in race
난 있어 저 위에
너네랑은 달라 rat
우린 챙겨 Money bag

I miss my F***in pain
무시하고 더 쌓아 난 racks
다 지워 내 dirty past
그치만 This is Love&Hate",8
490,2024 드래곤플로우 (feat. C.CLE),이건,"올해는 나의 해 2024
나는 용띠 그러니까 보여줄게 Dragon flow
소원을 빌어 Dragon ball
실패 따위는 어림없죠
언제나 Winner 빠르게 뛰어
팝핀릴건 He gotta go
하남의 보석같은 존재
내 춤과 랩은 존잼
죽이는 안무와 flow를 조제
난 항상 핫한 곳에
겨울인데도 더워 나는 마구 사지 고생
일을 마구 벌여 1,2,3 하나둘 셋 넷
Yesman Yes I can 이건 Boombap Track
Fast lane Best I am 청룡의 새해
Selfmade, Wellmade 매일매일을 Celebrate
엘리베이터 대신 계단을 타지 한번에 2 Step
Woah 태어날 때부터 난 무대 카메라 체질
내 방송 클립 릴스 체크해봐 That’s me
근데 지금은 더욱 자신있지 매일 난 Practice
2024 노력은 절대 안해 배신

2024 보여줄게 Dragon flow
2024 소원 빌어 Dragon ball
못먹어도 GO 나는 이 판에 올인
승리의 V Pose

올해는 나말고 내 동창들의 해
나는 빠른년생 이무기같은 Story I gotta tell
소원이 있다면 언제나 음악안에 사는것
어제보다 더 나은 Rap 그리고 좋은 음악을 찾는것
Gangsta Gangsta 같던 과거 Style은 안 해
비록 그 Style에 미련이 남은 Fan들이 있지만 not my way
나는 욕심쟁이 하고싶은게 너무 많지
사랑에 맴찢 그래도 She always main topic
그녀를 담으려면 넓혀야해 스펙트럼
어느새 랩보다 오토튠이 많은 앨범
그래도 Boombap은 내 친정 They always Welcome
테트리스 고인물 Rap은 도를 깨우쳤어
이제 남은건 레미파솔라시 Db Eb Gb Ab Bb Uh….
아직 갈길이 멀구만 그래도 I just havin’ Fun
Like KRS-ONE 불을 뿜는 Microphone What
I’m not a dragon but I spit Verse FIRE

2024 보여줄게 Dragon flow
2024 소원 빌어 Dragon ball
못먹어도 GO 나는 이 판에 올인
승리의 V Pose

2024 보여줄게 Dragon flow
2024 소원 빌어 Dragon ball
못먹어도 GO 나는 이 판에 올인
승리의 V Pose",1
491,Tess city,Sizan,"I wake up in the tess city 6am
허풍없지 뜨자마자 work out yeah

아침은 나에게 주는 선물 cake party
오버핏 무릎까지 내려입은 티

아부다비에서 Seoul city 목적지는 어디
게임같은 life 플레이 버튼 Yoshi city

덜 깬 눈을 비비네 감춰진 Three eyes
난 달라 원하지 다음 자극 price hike
맞아 내 직업은 wise guys wise guys

여전히 그들에 눈에 난 Aisan boy

내 가사는 아침에 일찍 takeout here
늦게 깨달았지 난 제자리 breakout year
몇번이고 탈출 그림자는 잊어
내 기억에서 꺼내 만들어낸 new vision

기적 만들어내고 있다고 난 믿어
난 새로운 청바지보다 I just want new pillow

Woke up in the Tess city yeah, 6 am
Woke up in the Tess city yeah, 6 am

Woke up in the Tess city yeah, 6 am
Woke up in the Tess city yeah, 6 am

Welcome to the Tess city
Morning is Like a Cheap vacation
Wake up!
Just Relax",0
492,편안히,즈영,"낮과 밤의 하늘을 느끼는 평범한 일상
예전의 나를 가득 채우던 상상 조금씩 관리가
되어 가는 기분 머릿 속도 이젠 고요해진듯해
마음도 편해진듯해 그때의 고민들 지긋지긋해
왜 그렇게까지 머리를 쥐어짰는지
상념에 빠져 살면서 자주 잠도 잘 못 잤는지
안쓰럽지 예전의 나의 모습이
어쩌면 그 녀석 덕에 지금의 나의 모습이
돼있을지도 여유가 생기고
어느 하루 피곤하다면 다 내려놓고 쉬고
맛있는 거 먹고 누워 그날 밤을 지워
다음 날들을 위해 충전 남은 여정이 길어
자연 속에 살아 도시는 하나의 숲 같아
계절이 지남에 따라 모습이 변해 당연한 것 같아
나도 따라 변하지만 하난 아직 똑같아
다른 건 쉽게 잊혀졌지만 이건 다시 꼭 안아

편안히 편안히 가길 시간
편안히 편안히 모든 시간
편안히 못 지내만 순간순간
나를 돌아보며 살아 숨을 느끼지 난
편안히 편안히 가길 시간
편안히 편안히 모든 시간
편안히 못 지내만 순간순간
나를 돌아보며 살아 숨을 느끼지 난

얌전하게 하나씩 나아가 소란 피우기 싫어
여유로이 한량처럼 내 길을 가고 싶어
죽자 사자 덤벼대다간 쓰러져 힘을 잃어
목숨 바치다 목숨 잃은 표정에 숨만 쉬며
남은 생을 그렇게 멍하니 보내게 될까 봐
너무 많은 생각을 오롯이 어느 한 곳에다가만
하지 않으려 해 여러 개 내 안에 담으려 해
다양한 이야기들 모아서 점점 풍성하게 만들어 나를 더 나스럽게
시소 같은 날들은 잔잔하기가
쉽진 않지만 바다에 던진 조약돌 따위가
파도를 만들 수 없지 긴장의 끈을 놓고 두 손을 자유로이
생각을 더 가볍게 하고 뭐든지 만들어 보지
여전하기란 참 힘들지 꾸준히 좋은 쪽으로
자주 초심을 까먹고 실수도 하지 해가 저물어
질 때쯤 후회하고 해가 뜰 땐 새로운 마음으로
길게 부여잡지 않으려 해 부정적 생각들을

편안히 편안히 가길 시간
편안히 편안히 모든 시간
편안히 못 지내만 순간순간
나를 돌아보며 살아 숨을 느끼지 난
편안히 편안히 가길 시간
편안히 편안히 모든 시간
편안히 못 지내만 순간순간
나를 돌아보며 살아 숨을 느끼지 난",0
493,안가네김치찜 (Feat. heinnyflower),Rappinerrday,"대명 2동 골목안 작은 가게에

엄마와 아들 강아지가 있어 안가네

김치찜엔 나의 스물 중반을 함께했던

손잡이가 다 타버린 웍

즐비한 냄비뚜껑에 비친 내 모습이 너무 초라해서

일 마치면 가사 한줄이라도 쓰려했어

먼지 가득한 창고에 누워 내 옆엔 재고 box가 있네

작은 사장님은 너무 바뻐

계명 to 대명 밥벌이라도 벌어보려 코인 낚었어

세상은 언제나 내 맘같지가 않아서

현실을 외면하고 그저 살아볼라고

발악했던 나의 스물셋과 넷

‘’왜 힘든일은 죄다 내가 해’’

No way 그녀의 노고에

내가 해준거는 반도 안돼

볼팬과 함께 잡았던 프라이팬

다 태운다고 가사를 썼지만

막상 하는건 불 맛내

불안해 이러다 뒤쳐지는거는 아닐까?

다른 친구들이 앞서가지 않을까?

내가 가진게 뭔가.. 없네

메이플 속 모험가 같애

내 category는 nothing

그래도 나름 살만해

무덥고 습한 여름 날

구름 한점 없는 오늘 낮

시원한 바람 한줌만

스며들어줄래 이 공기는 너무 탁해

무덥고 습한 여름 날

구름 한점 없는 오늘 낮

시원한 바람 한줌만

스며들어줄래 이 공기는 너무 탁해

I believe myself comethru

뭐든 풀리겠지 뭐

I believe myself comethru

내 걱정은 no thanks

I believe myself comethru

with chillin vibe

I believe myself comethru

솔직히 말해서 좀 힘든적도 많았어

사실 조금보다 더

욕심이 많아서

몸에 배인 김치냄새

때문에 냈어 생색을

그런것도 다 한때란걸 알았어

누가 날 위로해주나

생각할수록 바닥 친 내 자존감

조금만 더 버티고 버티고 버티다보면

행복할 수 있는 날이 나를 찾아 오진 않을까?

Run away far away 허상 뿐이었던 야망

이제 도망가지 않아

난 멈추지 않아

Can you take to follow me?

찾을게 엄마의 낭만

청춘 내가 다 갚아줄게 아프지만 마

짐 다 내려놔 내가 다 들어도 돼

그땐 편히 쉬며 콩이랑 산책이나 해

좋은 곳도 가고 바람이나 쐬고 와 매일

하지 못한것들 아들이 다 시켜줄게",2
494,헤매이는 날들,장성우,"언제는 울었다가

어제는 웃었다가

조울증의 반복처럼

하루를 살았다가

이제는 좀 괜찮아 졌다가

다 말하지 않은 감정들의 응어리가

나무 아래 묻힌 무엇처럼

아직도 남아서


나는 이래 사는데,

너는 좀 괜찮나, 마,

친구였던 누군가의

얼굴이 떠오르기도 하고, 아니기도 하고


달빛 어린,

물들은, 얼굴들은,

그 날에 함께 걸었던, 추억들은

이제 지나가버린 것들만 언제나 왜

아름다운 것인지

나는 이제는 어찌

그런 것들을 적어 내려갈 지,


벅찬 힘찬,

그런 삶,

이며 하루라

달빛, 혹은 햇빛

밝은 곳,

을 향해 한 걸음씩 나아가는

하루, 혹은 노력


1년이 지나도 잊혀지지 않는

많은 기억

바보같은 인간도 있고

못된 것들도 있고

뭐 아무렇게나 살아가는 틈바구니 그 속에서

정신 잘 차려야지,


달빛 어린

산책, 공원,

홀로 조용히 맞이하는

고즈넉한

침묵

지루한 지루함,

묻어버린 기억,

고통이 찔러도 평안한 기억

심금 속의 이정, 표


언제는 울었다가

어제는 웃었다가

조울증의 반복처럼

하루를 살았다가

이제는 좀 괜찮아 졌을지도 모르잖아

다 말하지 않은 감정들의 응어리가

나무 아래 묻힌 무엇처럼

아직도 남아서

뿌연 안개처럼 안 보이는 내일을

헤매이는 날들,



언제는 울었다가

어제는 웃었다가

조울증의 반복처럼

하루를 살았다가

이제는 좀 괜찮아 졌다가

다 말하지 않은 감정들의 응어리가

나무 아래 묻힌 무엇처럼

아직도 남아서


나는 이래 사는데,

너는 좀 괜찮나, 마,

친구였던 누군가의

얼굴이 떠오르기도 하고, 아니기도 하고


달빛 어린,

물들은, 얼굴들은,

그 날에 함께 걸었던, 추억들은

이제 지나가버린 것들만 언제나 왜

아름다운 것인지

나는 이제는 어찌

그런 것들을 적어 내려갈 지,


벅찬 힘찬,

그런 삶,

이며 하루라

달빛, 혹은 햇빛

밝은 곳,

을 향해 한 걸음씩 나아가는

하루, 혹은 노력


1년이 지나도 잊혀지지 않는

많은 기억

바보같은 인간도 있고

못된 것들도 있고

뭐 아무렇게나 살아가는 틈바구니 그 속에서

정신 잘 차려야지,


달빛 어린

산책, 공원,

홀로 조용히 맞이하는

고즈넉한

침묵

지루한 지루함,

묻어버린 기억,

고통이 찔러도 평안한 기억

심금 속의 이정, 표


언제는 울었다가

어제는 웃었다가

조울증의 반복처럼

하루를 살았다가

이제는 좀 괜찮아 졌을지도 모르잖아

다 말하지 않은 감정들의 응어리가

나무 아래 묻힌 무엇처럼

아직도 남아서

뿌연 안개처럼 안 보이는 내일을

헤매이는 날들,",1
495,LAST NIGHT (Feat. 시누),연승 (YNXNG),"난 어렸지만
믿지 못할 것 같아
많은 걸 버렸지만
잊지 못한 거 같아
I know I know I know
Why don’t you
not love
I just want you can I say good night?
지겹던 노래들은 그만
반복된 하루들은 끝나
모든 걸 떠나려는 순간
다시금 찾아오는 주말
어떻게 할지 몰라
잠이 안 왔어 뻔한
생각만 했지 all night
끝내 맞이한 결말
I can’t stop hold you and I say goodbye
마지막처럼
날 떠나가줘
Hello hello hello
How about you
And know
Wanna say it tonight
I can’t stop hold you and I say goodnight
슬픔까지 안고 돌아와줘
i know i know i know
How about you
My love
I just want you can I say tonight
You know
That's why i can‘t let u go
No ma honey
좀 그래
한번 더 널 잡긴
Im tryied a lot
그래서 점을 찍어놔
11부터 12 짧고 길던 시절
아물긴 했어 다
Oh plz dont be swayed
그게 정답이었던 days
계속 연습했어 매일
벌써 1년 지나 im ok
내 의도와 다르게
너무 자연스러웠어 끝이
이제는 이해 됐었지
이제야 알았어 마침
I can’t stop hold you and I Say goodbye
마지막처럼 날 떠나가줘
Hello hello hello
How about you
And know
Wanna say it tonight
I can’t stop hold you and I say goodnight
슬픔까지 안고 돌아와줘
I know I know I know
How about you
My love
I just want you can I say tonight",12
496,"Christmas tree (Feat. 김규민, Leakyt)",Flyon,"남들 크리스마스 트리에
본인 소원들 다 Spit 해
난 그것도 모르고 혼자 또
노잣돈 받으며 사는 신세

어두운 골목길에 앉어
남 모르게 세상에서 반짝
난 대체 왜 (한잔)
난 대체 왜 (또 한잔)

어울리지 않는 옷을 choice 해
여전히 시선이 두려운 홍대에
나가봤지만 돌아온건 꼰대들의
말장난 여긴 너 올 곳이 못돼

대체 왜 나한테만 그래
안그래도 호흡 쉬기 너무나 아프네
이런데 나는 왜 내다버린 줏대
갈피를 잃어버린 눈 거기 who’s that

이제야 끝이 다가왔네
""메리 크리스마스""
어릴적 꿈들이 다 보여서
빛이 나지 크리스탈
우리의 이야기가 트리에 장식할수있게
소원이 이뤄지길 바래 포근한 이불 속에서

어제랑은 다를게 뭐야
오늘이랑 어제랑은 다를게 뭐야
일어나도 별 다를게 없다는 생각에
내 방안 깜깜해
다시 누워 잠에 청해
내가 선물 받을 자격있으면 모를까
의미 없지만 트리에다 달것을 고를까
idk 무언가가 나를 당기는것 같애
하얀눈이 펑펑내려 창 밖에

그대의 말을 들으라면 나는 들을게
그대신 그대도 나의 얘기를 들어줘
어른의 책임이란 이해할수 없지만
나의 책임이란 내 앞길을 선택해

실수하고 지나가다보면
후회할게 뻔하니까
더 이상 슬퍼 하지 않으려고 노력하니까
이리 보면 나란 사람이리 소중했어
적어 난 앞으로 행복했으면 했어

이제야 끝이 다가왔네
""메리 크리스마스""
어릴적 꿈들이 다 보여서
빛이 나지 크리스탈
우리의 이야기가 트리에 장식할수있게
소원이 이뤄지길 바래 포근한 이불 속에서

어느덧 몇달이 흘어 크리스마스
난 너완달리 아직 방에
소홀히 잠을 청 했지만
외로운 기분은 더 커져만가

창밖에는 크리스 or tree
좋아보여 밖은 이미 연말 분위기
놀고싶어도 난 참았지
아직 못이룬 것들이 넘쳤기 때문에

아직 뭐가 문제 인지도 난 모르겠는데
주위사람들은 날 갈구네
몇, 몇의 선한 사람도 있지만
우리 눈엔 첫번째로 남는건
다름이 아닌 질투의 눈먼것들의 견제

난 그것들을 피해
저 저 멀리로 비행
그저 내 꿈에 취해 온 결과는 비례 하지 미래
이젠 다 이루고 싶어 나의 꿈을 저기 위에

이제야 끝이 다가왔네
""메리 크리스마스""
어릴적 꿈들이 다 보여서
빛이 나지 크리스탈
우리의 이야기가 트리에 ""장식할수있게""
소원이 이뤄지길 바래 포근한 이불 속에서

이제야 끝이 다가왔네
""메리 크리스마스""
어릴적 꿈들이 다 보여서
빛이 나지 크리스탈
우리의 이야기가 트리에 ""장식할수있게""
소원이 이뤄지길 바래 포근한 이불 속에서

우리의 이야기가 트리에 ""장식할수있게""
소원이 이뤄지길 바래 포근한 이불 속에서",3
497,얼죽아,Ian Bledsoe,"사계절 내내 Iced Americano
눈 뜨자마자 드리켜 Americano
누군 그래 그러면 몸 상해상해
됐고 어서 움직여 음 싸게싸게
한손엔 cano 출근길 올라 퍼뜩
눈 띄여 내 몸에 검정 물 퍼뜨
려야 비로서 시작가능한 버튼
다들 한손엔 폰 다른손엔 아아
아하 이게 바로 삶의 지혜
깡깡한 얼음 위에 갈색 파도 일러
샌드위치 처럼 한모금 끼워넣어 일상에
별거 아녀도 찬양해 이게 날 움직이는 힘
달그락 달그락 거리고 책상위 고인 찬 기운 위
송글송글 맺힌 물기 위
나의 링겔이 있어서 오늘도 또 버텨
더워 죽어 그래서 아이스 아메리카노 드리켜 ice ice
얼어 죽어 그래도 아이스 아메리카노 드리켜 ice ice
더워 죽어 그래서 아이스 아메리카노 드리켜 ice ice
얼어 죽어 그래도 아이스 아메리카노 드리켜 ice ice
사는게 쉽지 않아 습관처럼 드는 생각
그럴 때마다 머리를 띵하게 드리켜 아아
날 움직이는건 꿈도 아녀 바로 아아
습관처럼 드리켜 찬기운에 기침 어어
스벅 저리비켜 내 입맛은 저렴원두에
적응되 버렸어 돈 아끼던 20대 때
습관들은 알게했어 뭐든 매력이 있어
편식은 금물 뭐든 얼음 뿌시 듯 깨먹어
화병이 도진것 처럼 깨먹어 like 얼죽아
가끔은 나도 모르는 사이에 쏟은 에너지에
지쳐서 쇼파에 무너지듯 앉아 멍 때릴때
너무 복잡한 시간 속 냉정함이 필요해
드르륵 드르륵 얼음 굴러가는 소리
링겔 꼽 듯 한모금 쭉 드리켜
beaker에 ink처럼 펼쳐지는 dream켠
택시 아저씨처럼 오늘도 또 무사히
더워 죽어 그래서 아메리카노 쭉 드리켜 ice ice
얼어 죽어 그래도 아메리카노 쭉 드리켜 ice ice
더워 죽어 그래서 아이스 아메리카노 드리켜 ice ice
얼어 죽어 그래도 아이스 아메리카노 드리켜 ice ice",2
498,FLY,Drip Dawg,"숨이 안 쉬어져 너무 위 yeah
상관없어서 잃어버렸어 길 yeah
닿는 곳마다 내리고 있어 비 yeah
그녀한테 절대 안 빨려줘 기

Oh Drip Dawg 예측 못해 너무 느려 너
이제 네 여친 솔로 미안하게 됐어 또
신호등 빨간 불 그래도 계속 밟아 꾹
너네가 어떻게 말려 내가 추고 있는 춤


Uhh 겁쟁이 새끼들 동정심 팔아도 우리는 매너 없지 yeah
민간인이잖아 너네들 한 번에 알아봤지 yeah
안내면 진 건데 못 내게 해버려 다 가져가지 ehh yeah
졸지에 gambler 원하지 배로 더 안 멈추지

잔돈 밖에다 throw ow ow
줘도 안 가져 service
까칠한 그녀 우리 얘기 듣더니 변해 버렸어 jarvis
Ya dig ?

내 몸을 감싸 9 tail
그녀는 안경 쓰다 내 앞에서 lens yeah
독서실 다니던 그녀 나 때문에 바꿔 버렸대 생일 yeah

내 옆에 네가 딱 꿈꾸던 mona lisa babe
Baby 내 이름 대로 Drip Dawg 내려 흠뻑 적실 rain
빨리 와 빨리 빼고 반지 못 본척하는 내 눈
날 또 물끄러미 그다음부턴 smooth


숨이 안 쉬어져 너무 위 yeah
상관없어서 잃어버렸어 길 yeah
닿는 곳마다 내리고 있어 비 yeah
그녀한테 절대 안 빨려줘 기

Oh Drip Dawg 예측 못해 너무 느려 너
이제 네 여친 솔로 미안하게 됐어 또
신호등 빨간 불 그래도 계속 밟아 꾹
너네가 어떻게 말려 내가 추고 있는 춤


See how I'm kickin
내 느낌 알잖아 fly
여유로운 drip
또 위길 맞아도
진지 안 해지는 내 style yuh
베팅은 reckless
크게만 걸고 절대 안 해 난 die yuh
Building 꼭대기 서도 만족 못 해서
Shoot for the Stars yeah

한 알 먹고서 너무 위
채소를 곁들여 섞여도 나쁠 게 없는 thc
정서에 안 맞아 V4LEN 자주 받아 손가락질
신경을 쓰기엔 바빠 나도 가야지 가던 길

The way I be walkin in
Can't even call it a walk in
내가 온 방식은 공중에 float
When the cops pull up they call me 범인
아무 말 안 해 I keep it low
All these people look at me like nothin
근데 왜 거울에 보여 난 boss
ACID 점점 더 퍼져 like covid
이젠 농담 아녀 no joke


숨이 안 쉬어져 너무 위 yeah
상관없어서 잃어버렸어 길 yeah
닿는 곳마다 내리고 있어 비 yeah
그녀한테 절대 안 빨려줘 기

Oh Drip Dawg 예측 못해 너무 느려 너
이제 네 여친 솔로 미안하게 됐어 또
신호등 빨간 불 그래도 계속 밟아 꾹
너네가 어떻게 말려 내가 추고 있는 춤",3
499,야사시 키미(상냥한 너),쿼바디스,"야사시 키미
이제는 볼수없는걸
야사시 키미
새벽마다 써내렸던
가사의 의미
너에겐 비밀
야사시 키미
난 너무 보고싶은걸
나눈 밤의 비밀들 이제는 볼 수 없을걸
우리가 나눈 몸의 정이든 맘 정이든 뭐
이젠 볼 수 없단 거에 그리 놀라진 않어
야사시 키미 야시시한 네 몸까지도 말야

가사의 비밀
다 빌미
화살은 어디로
야사시 키미
Just with me
내 마음 네게로
내 마음 막으려하면 난 그어버려 cut my wrist
내 앞길 막는 사람 앞에 되어버린 beast
We the suicide duo
With the dance
Killer duo 마치 사이코패스 미쳐 사랑에
We the suicide duo
With the dance
Killer duo 마치 사이코패스 미쳐 사랑에
난 널 사랑해
마주칠까 만약에
어쩔까 난 고민해
올지 모른 그날에
날 맞아줘 상냥하게
내 기억속과 똑같게
How can im not fallin love?
난 계속 보고싶단말야

야사시 키미
이제는 볼수없는걸
야사시 키미
새벽마다 써내렸던
가사의 의미
너에겐 비밀
야사시 키미
난 너무 보고싶은걸
나눈 밤의 비밀들 이제는 볼 수 없을걸
우리가 나눈 몸의 정이든 맘 정이든 뭐
이젠 볼 수 없단 거에 그리 놀라진 않어
야사시 키미 야시시한 네 몸까지도 말야

야사시 키미 I love you baby
You still why love me but
The reason why 이유란거
broke up with me. good bye
아침 눈 부시시할 때 나를 반기던 너
이젠 옆자리에 없어도 널 볼 것같아
Say my name say my name
이제 내이름을 불러줄 너를 원해
I want little bit of love
말 모순적이게 나 더 원했나봐
답을 찾게 될 때 까지 더 나는 아직도 lost in thought 잠에 들기까지 깬 이윤 많고
중에 너 하나있다고 달라지진 않아
Hello my 세레나데
대사에 감정이 없네 사랑한데
들이킨 너는 no thank you
할리퀸 love and peace는 없데
이제는 서로론 못 만나
Blessings for your everyday
a waiting time so long
But don't take to heart

야사시 키미
이제는 볼수없는걸
야사시 키미
새벽마다 써내렸던
가사의 의미
너에겐 비밀
야사시 키미
난 너무 보고싶은걸
나눈 밤의 비밀들 이제는 볼 수 없을걸
우리가 나눈 몸의 정이든 맘 정이든 뭐
이젠 볼 수 없단 거에 그리 놀라진 않어
야사시 키미 야시시한 네 몸까지도 말야",2
