,title,artist,lyrics,likes
0,어쩌면...,황인욱,"어쩌면 오늘이 마지막이
될지도 몰라
나의 사랑이 떠날지 몰라
불안한 나의 마음 네가
알아챌 것만 같아서
너와 눈도 마주치지 못했어

너의 그 사람 다시 돌아왔을 때
많이 힘들어하던 너
깊은 고민에 빠진 너
제발 아니길 don't say good bye

떠나지 마 사랑하잖아 내가 있잖아
너를 버렸던 그 사람에게 가지 마
지난 눈물 기억해 줘
돌아간다면 떠나간다면
네가 겪었던 똑같은 이유로
내 삶이 무너질 텐데

시간이 지나면 모두
잊혀질 거란 얘기
너를 미워해달라는 얘기
그렇게 하지 못할 나의 마음을
알고 있잖아
너무 그 사람만 생각하지 마

왜 하필이면 다시 그 사람이니
한번 버렸던 사랑은 두 번
버리기 쉬운데
다시 생각해 don't say good bye

떠나지 마 사랑하잖아 내가 있잖아
너를 버렸던 그 사람에게
가지 마 지난 눈물 기억해 줘
끝이 아니야 잠시뿐이야
나의 사랑을 확인할 시간이
너에게 필요할 뿐이야

I believe 우리의 사랑
You're my everything
Never give you up
내가 너무 사랑해
너만을 내가 사랑해
여기 있을게 널 위해
Never say good bye

떠나지 마 사랑하잖아 내가 있잖아
너를 버렸던 그 사람에게 가지 마
지난 눈물 기억해 줘
돌아간다면 떠나간다면
네가 겪었던 똑같은 이유로
내 삶이 무너질 텐데

You're mine never say good bye
You're mine never say good bye",195
1,Little more,정아로,"알고 싶어 I wanna know yah
하나부터 열까지 다
Tell me little more, little more, little more
How do I love you Babe?

똑똑 니 맘을 두드려봐
궁금해 넌 무슨 생각 하는지
아무리 티를 내봐도 넌
눈치도 없나 봐 어쩌지?

내가 다가가 줄게
넌 꼼짝 말고 거기 있어 줘
Oh, one step at a time
천천히, 시간이 필요해

어쩌면 내 맘은
이미 너에게
빠져들었나 봐

알고 싶어 I wanna know yah
하나부터 열까지 다
Tell me little more, little more, little more
How do I love you babe? (Tell me how do I love you)

오 이런 기분 또 처음이야
물음표가 떠다니잖아
알 듯 말 듯해
너의 모든 게
Tell me little more, little more

Hey there
니 맘을 말해줘
어딜 봐 난 너를 보고 있는데
망설일 시간은
이미 끝났잖아
Why don’t you know

어쩌면 아직은
조심스런 마음을
너도 알고 있을까

꿈결처럼 전해진 이 떨림
놓치고 싶지 않아 지금 이 느낌
So tell me everything

알고 싶어 I wanna know yah
하나부터 열까지 다
Tell me little more, little more, little more
How do I love you babe? (Tell me how do I love you)

오 이런 기분 또 처음이야
물음표가 떠다니잖아
알 듯 말 듯해
너의 모든 게
Tell me little more, little more

Tell me just a little more
Cuz I, I wanna know you more
오 궁금해 니가
So tell me little more, little more",44
2,Make your right,장호,"늘 함께한 날 들
그림자처럼 멀리
흩어 사라져가

끝없이
흐르는 시간 속에서
너와 나의 이야긴
끝나버린 거야

Make your right Make your right
이별에 끝에 서서
사랑이란 글자의 아픔을 느끼면서

Make your right Make your right
터질 것 같은
후회를 바라보며
떠나 더 좋은 곳으로

끝없이
흐르는 시간 속에서
너와 나의 이야긴
끝나버린 거야

Make your right Make your right
이별에 끝에 서서
사랑이란 글자의 아픔을 느끼면서

Make your right Make your right
터질 것 같은
후회를 바라보며
떠나 더 좋은 곳으로",0
3,Just,젤텐,"오랜만에 문득 떠오른 네 모습에
괜찮냐고 묻고 싶은 마음이 참 그래
잘 지내고 있는지, 누군가 만나 행복한지
나 없이 웃는 너를 상상해 본다

잘 지내고 있는 거라면 좋겠어
아픈 기억은 잊고, 웃을 일만 가득하기를
어떻게든 나도 행복할 테니
서로의 길을 걸어가며 살아가기를

혹시라도 잠깐 내 생각이 났을까
전화할까 말까 고민하는 내가 싫다
누군가 네 곁에 있다면, 잘해주길 바래
내가 못해준 그 모든 걸 해주길

잘 지내고 있는 거라면 좋겠어
아픈 기억은 잊고, 웃을 일만 가득하기를
어떻게든 나도 행복할 테니
서로의 길을 걸어가며 살아가기를

가끔씩은 우리 추억 떠올려 줄래
괜찮아, 난 너 없는 나를 찾을게
서로가 흘린 눈물 그 의미 잊지 말고
너도 나처럼 살아가기를

잘 지내고 있는 거라면 좋겠어
아픈 기억은 잊고, 웃을 일만 가득하기를
어떻게든 나도 행복할 테니
서로의 길을 걸어가며 살아가기를

서로를 놓아야 할 시간 속에서 의미 없지만
니가 행복하기를 바랄게",0
4,Ocean Away,BGM ful,"[가사 준비중] 멜론 회원 여러분! 가사 등록을 기다리고 있어요.
가사등록하기",0
5,상상 그 이상,유캔디,"오 오늘 밤 캄캄해
뜨거운 너의 살결에
데어 버려
상처가 된 난
헤어 나올 수 없어

오늘 밤 감정으론 단잠이 들 수 없어
그날 밤 널 상상하던 넌 그 이상이었어

오늘 밤 감정으론 단잠이 들 수 없어
그날 밤 널 상상하던 넌 그 이상이었어

오늘 밤 감정으론 단잠이 들 수 없어
그날 밤 널 상상하던 넌 그 이상이었어",0
6,별 (dear star),최광원,"차가운 계절이 지나가고 있어
오랜 시간 기다려온
끝이 보이지 않던 날

춥고 외로웠던 어둔 밤을 넘어
구름 틈 사이로 널 비출거야

밤 하늘에 새겨진 수많은 별들 중에
숨겨둔 작은 별 하나

언젠가 니가 빛나길 기대해
아득히 먼 우주 위에
날아 오를거야 반짝일거야

매일 밤 별들이 뜨고 사라져
이내 빛을 잃어도
넌 빛날거야 넌 웃을거야
잘 될거야

때론 짙은 구름이
저 하늘을 가려도
감출수 없는 그게 너란걸

언젠가 니가 빛나길 기대해
아득히 먼 우주 위에
날아 오를거야 반짝일거야

매일 밤 별들이 뜨고 사라져
이내 빛을 잃어도
넌 빛날거야 넌 웃을거야
잘 될거야

난 너를 기대해
꼭 너를 기대해
널 위해 기도해

난 너를 기대해
꼭 너를 기대해
모두 널 기대해

언젠가 빛날 그 날을 기억해
커다란 저 세상 위로
날아 오를거야 반짝일거야

오랜 날 수많은 시간의 끝에
모두 빛을 잃어도
넌 빛날거야 넌 웃을거야
잘 될거야",0
7,Fate,Zenho,"글쎄 난 그저 잘 되고 싶어 했을 뿐인데
그새 뭐가 문제였던 건지 벌써 떠나 왜?
Let me make it right again
I don't see how that adds up
우리 아직 하루 남았잖아
우리가 왜 이렇게 끝이나?
Let me make it right again
I don't see how that adds up

널 만나고서부터 였지 (Every day)
너로 인해서 변해갔던 (Every way)
지금 입고 다니는 Clothes
평소 자주 다니던 Course
정말 사소한 것부터 변해갔지 너를 위해서

준비했었던 말을 끝내 못하고
좋아할 만한 행복해할만한 것들 챙기고
다시 발길을 돌려야 했던 난
다시 돌아가는 중이야 (첨으로)

글쎄 난 그저 잘 되고 싶어 했을 뿐인데
그새 뭐가 문제였던 건지 벌써 떠나 왜?
Let me make it right again
I don't see how that adds up
우리 아직 하루 남았잖아
우리가 왜 이렇게 끝이나?
Let me make it right again
I don't see how that adds up

알고 싶어도 너에겐 부담일까 봐
너만큼은 편하게 해주고 싶었어 근데
생각과 다르게 너는 날 모르게 해
이랬다저랬다 또다시 날 힘들게 해

우린 처음부터 운명이라 했지만
난 여전해 넌 지웠겠지만
우린 처음부터 운명이라 했지만
난 여전해 넌 잊었겠지만

글쎄 난 그저 잘 되고 싶어 했을 뿐인데
그새 뭐가 문제였던 건지 벌써 떠나 왜?
Let me make it right again
I don't see how that adds up
우리 아직 하루 남았잖아
우리가 왜 이렇게 끝이나?
Let me make it right again
I don't see how that adds up

글쎄 난 그저 잘 되고 싶어 했을 뿐인데
그새 뭐가 문제였던 건지 벌써 떠나 왜?
Let me make it right again
I don't see how that adds up
우리 아직 하루 남았잖아
우리가 왜 이렇게 끝이나?
Let me make it right again
I don't see how that adds up",1
8,I Feel Like You,Room7,"[가사 준비중] 멜론 회원 여러분! 가사 등록을 기다리고 있어요.
가사등록하기",0
9,NEO,제임스 키스 (James Keys),"I SAY WAKE UP EVERYBODY
이 땅은 답이 없어 모두 똑같지
I SAY WAKE UP 모두같이
춤을 추고 돌아보자 매일 party
I SAY WAKE UP EVERYBODY
이 삶을 끝낼 방법 각자에게 있지
I SAY WAKE UP EVERYBODY
혹시 나만 답답한 건 아니지????

Life is suck
Life is suck
Life is suck
매일 같은 삶 돌아봤자 똑같은 걸
Lame as fuck
난 싫어
여긴 답답하고 답이 없는 냄새 많이 나는 걸
SHOW ME LOVE GIMME MORE!!!!

장난 아니라 모든 게 다 장난 같은 걸 미쳐가기 전 포기하고 싶어

WE JUST WANNA GO OUTSIDE
I KNOW YOU WANNA GO OUTSIDE

WE JUST WANNA GO OUTSIDE
I KNOW YOU WANNA GO OUTSIDE

WE JUST WANNA GO OUTSIDE
I KNOW YOU WANNA GO OUTSIDE

WE JUST WANNA GO OUTSIDE
I KNOW YOU WANNA GO OUTSIDE

BABYBABYBABYBABYBABYBABYBABYBABYBABYBABYBABYBABY
Won’t you smile?

알아 지금 웃음도 나지 않고 모든 상황을 심각하게만 바라보는 거는 너의 맘
우린 모두 필요한 거 같아 나대로 사는 법 학교에서는 알려주지 않잖아
공장에서 찍어내서 때 되면 내보내기를 몇십 년 동안 반복만 하고 있잖아

모든 게 한순간에 사라졌다 다시 붙어 살아나길 반복한 결과
모든 게 한순간에 사라졌다 다시 붙어 살아나길 반복한 결과
모든 게 한순간에 사라졌다 다시 붙어 살아나길 반복한 결과
모든 게 한순간에 사라졌다 다시 붙어 살아나길 반복한 결과

나도 알아 이런 삶을 원한 건 아니지
우연히 주어진 삶 yeah So AMAZING
언젠간 떠날 수 있겠지 yeah AMAZING yeah so AMAZING

DD! 알러뷰소 이 거짓뿐인 세상에서도
근원형 날 구해줘 이 빌어먹을 내 머릿속에서
민수형 날 꺼내줘 빌어먹는 굴레 속에서
재달형 돌아와 줘 머릴 터트리고 소리를 질러줘

WE JUST WANNA GO OUTSIDE
I KNOW YOU WANNA GO OUTSIDE

WE JUST WANNA GO OUTSIDE
I KNOW YOU WANNA GO OUTSIDE

WE JUST WANNA GO OUTSIDE
I KNOW YOU WANNA GO OUTSIDE

WE JUST WANNA GO OUTSIDE
I KNOW YOU WANNA GO OUTSIDE

WE JUST WANNA GO OUTSIDE
I KNOW YOU WANNA GO OUTSIDE

WE JUST WANNA GO OUTSIDE
I KNOW YOU WANNA GO OUTSIDE

WE JUST WANNA GO OUTSIDE
I KNOW YOU WANNA GO OUTSIDE

WE JUST WANNA GO OUTSIDE
I KNOW YOU WANNA GO OUTSIDE

WE JUST WANNA GO OUTSIDE
I KNOW YOU WANNA GO OUTSIDE

WE JUST WANNA GO OUTSIDE
I KNOW YOU WANNA GO OUTSIDE

WE JUST WANNA GO OUTSIDE
I KNOW YOU WANNA GO OUTSIDE

WE JUST WANNA GO OUTSIDE
I KNOW YOU WANNA GO OUTSIDE",0
10,영원한 건 없어!,love is cycle,"We'd like to dance
Coming up all tonight
이 노랠 그냥 다같이 다 따라불러
Yeah that's right yeah we right
다 영원한 건 없다해도
So Let just have fun tonight
웃고 떠들다가
Feeling So good
Feeling so nice
Everythings gonna be alright

Everythings gonna be alright
Is it right? Yeah (Yeah that's right)
Is Everything gon' be alright no no no oh no
또 누가 그러대
you lost your teenage yeah

가만있다가도 잃어버린것들이 떠올라
또 생각이나서 또 바보같아서
난 또 자책을해
넌 또 괜찮대
웃고떠들다가 (집에 돌아가쟤)

We'd like to dance
Coming up all tonight
이 노랠 그냥 다같이 다 따라불러
Yeah that's right yeah we right
다 영원한 건 없다해도
So Let just have fun tonight
웃고 떠들다가
Feeling So good
Feeling so nice
Everythings gonna be alright

Is Everything gon' be alright?
또 덤벙대 하루왠종일
yeah that's right

Everythings gon' be alright no no no oh no
난 니가 뭘하던 I am your teenage yeah

웃고 떠들다가 넌 매일 똑같은말을해 또
잃어버린것들은 다 잊어버린것들 뿐이래 (yeah it's alright)
So let just fun tonight
웃고 떠들다가
추억하면돼 right
One two three four

We'd like to dance
Coming up all tonight
이 노랠 그냥 다같이 다 따라불러
Yeah that's right yeah we right
다 영원한 건 없다해도
So Let just have fun tonight
웃고 떠들다가
Feeling So good
Feeling so nice
Everythings gonna be alright

따라따따따
따라따따따따
따라따따따
따라따따따

따라따따따아
따라따따따
따라따따따
따라따따따",6
11,South to the West,안신애,"Movin’, movin’
South to the west
Hmm

Hey baby, I’m in Seoul
What’s going on over here
가로수길 한복판에
내가 행차하셨는데 (aye)

Hip하고 Stylish한 사람들 모였네
캐리어 가득 Ambition
어서 짐 풀어 My vision (aye)

본 적 없는 Vibe 본 적 없는 Style

Hippie, hippie ya ya 그게 나야
남들 하는 건 하기 싫은 거야
난 거꾸로가 오히려 좋아

From the south to the west
난 하늘을 날아
My flaws are the best
어깨 피고 걸어
I passed the test
나다운 게 힘이야
그게 바로 진리야, ah ah, ah

Born in Seoul but raised in nature
밸런스 맞춰 잘 되게 되있져
하루 더 가까워진 Big picture
Big picture 사방에 붙여

꼭 독해져야 돼? 내 안에 힘이 있는데
열심히 일하고 또 채워
Don’t be scared
Doesn’t matter

본 적 없는 Vibe 본적 없는 Style

Hippie, hippie ya ya 그게 나야
남들 하는 건 하기 싫은 거야
내 실수조차 오히려 좋아

From the south to the west
난 하늘을 날아
My flaws are the best
어깨 피고 걸어
I passed the test
나다운 게 힘이야
그게 바로 진리야, ah ah, ah

Movin’, movin’
South to the west (hey)
Movin’ (movin’), keep on movin’ (keep on movin’)
South to the west
Life goes on

From the south to the west (hey yeah)
난 하늘을 날아
My flaws are the best (ooh ooh)
어깨 피고 걸어
I passed the test (I passed the test)
나다운 게 힘이야 (hey)
그게 바로 진리야, ah ah, ah

Da da da da da da da da
Da da da da da da da da
Da da da da da da da da
Da da da da da da da da",179
12,분실물,ONSEEON (온시온),"잊은 거 하나 있지 않아 우리
없이는 못 살 것 같지 않아
사라지면 당장 숨이 끊길 것 같이
떨어진다는 건 머리에 없었어
이젠 뭐 하나 같지 않아 우리
어린 표정으로 날 바라보다
단지 한 방울인데 호수만큼 깊어가
이런 나 없어도 괜찮냐고
괜찮긴 어디가
필요해 서로가
언젠가 기억에 장소에 내가 나타날 텐데
날 두고 어디 가
결국엔 너도 나를 알게 될 거야
나를 찾게 될 거야
잊는 거 하나도 못 해 난
넌 되게 쉽게 그랬지만 난 쉬운 게 없었어
한두 달쯤인 줄만 알았지
너 말고 다른 상처는 흉터도 없길래
원래 사랑이 어려운 걸까
아니면 너만 어려운 걸까
분명 맞춰갔는데 서로 다른 그림이었잖아
우린 다 버렸는데 알 수 없는 게 자꾸 나를 괴롭혀
지금 이대로 괜찮겠냐고
괜찮긴 어디가
필요해 서로가
언젠가 기억에 장소에 내가 나타날 텐데
날 두고 어디 가
결국엔 너도 나를 알게 될 거야
나를 찾게 될 거라고 말해
괜찮긴 어디가
필요해 서로가
언젠가 기억에 장소에 내가 나타날 텐데
날 두고 어디 가
결국엔 너도 나를 알게 될 거야
나를 찾게 될 거야",130
13,우린 우리 아닌,L(엘),"여름처럼 뜨거웠던
우리의 인연은 마치
사랑 그 불완전했던 것의 마침표였어
돌아보긴 싫고 잊혀지고 싶지도 않아
나는 아마 내가 되고
너는 네가 되겠지
우린 우리 아닌
우린 우리 아닌
다른 인연인 사람들
우린 우리 아닌
봄이 시들어 버린
나날들이 계속
지구에는 없어 아마 진짜로 없어
가득 채운 내 심장에
지금 무리가 왔어
난 손목에 뭔가를 채워도
많이 허전해 내 꿈은 너땜에
내 삶은 뭐랄까
지금 아주 만족해
집에 돌아오는 길이
의미 있네 난 철없게
너를 이해시키려고 했던
나를 이해 못 해
이젠 앞으로 나아가려고
Rhyming 이 비트 위에
내 성공의 의미
아직도 헷갈리는데 어떤 게 진실
돌아보기만 하다 많은 걸 놓치게
될 거야 어쩔 수 없이 나는 직진
우린 우리 아닌
우린 우리 아닌
다른 인연인 사람들
우린 우리 아닌
봄이 시들어 버린
나날들이 계속
지구에는 없어 아마 진짜로 없어
가득 채운 내 심장에
지금 무리가 왔어
난 손목에 뭔가를 채워도
많이 허전해 내 꿈은 너 땜에
꽃길만 걸어요
내 삶과 늘 다르게
난 뒤에 있을게
넌 뒤돌아보지 마
우린 우리 아닌
우린 우리 아닌
다른 인연인 사람들
우린 우리 아닌
봄이 시들어 버린
나날들이 계속
지구에는 없어 아마 진짜로 없어
가득 채운 내 심장에
지금 무리가 왔어
난 손목에 뭔가를 채워도
많이 허전해 내 꿈은 너 땜에",87
14,0358,minko,"Told you I’m not good at giving
Didn’t think you could fathom what I think
And I
I’m sorry, babe

Rose-tinted glasses, you look through
So obsessed with the love that you need, but tonight
I couldn't handle

For seven days we counted stars
You say it’s 'love,' I say it’s ‘dumb’
You look at me with hazel eyes and smile

For eleven times I tried to say
""I won't return,"" it can be cruel
I’m the villain in this show, you'll know how this story ends

Like a daydream, I’ll fade away, away, away
Like a daydream, I’ll fade away, away, away

You deserve the one you can lean on,
But you know my wings are already broken
You say, ""we can make it through, my love""
Denying what you see, I'm just blue and hopeless
You can say that I don't love you back
But you know, I can't let you bear my burden
You say, ""we can always talk this out""
But I'm too insecure, good at hiding feelings

Don’t you know, know, know, know
Time will heal all the pain
This love that you need
Is making me hard to breathe

Don't make this harder love
You know it's the last straw
Please... just please

Can feel it in my bones
I’ve burnt down the bridge for good

(Oooh)

You deserve the one you can lean on,
But you know my wings are already broken
You say, ""we can make it through, my love""
Denying what you see, I'm just blue and hopeless

We were good, good, good, good
But I'm so bad at love
We were good, good, good, good
You'll find a better love

So baby now, so baby now
When tomorrow comes
Hope you take this in well
Please... just please",18
15,Oops!,권재학 (JFLAMINGO),"어떡해 Baby So Amazing
넌 이상해 처음 느낀 감정이야
몽롱한 눈빛 속에 끌려 기분 좋은 떨림
Oh why 몰라 이거 대체 뭔데
첫눈에 난 바로 Fall in Love
도망가야 했어 어디 든지 널 마주치지 못하게
어쩔 수 없어 이젠
이미 가버렸어 맘이
소리 없이 찾아온 사랑에 나 간지러워 못 견뎌
오늘 밤은 그렇게
흘려버렸네
더는 참지 못해 해가 뜨면 데리러 갈게 baby
오늘 시간 어때 나 꼭 할 말이 있어
어떡해 Baby So Amazing
넌 이상해 처음 느낀 감정이야
Oops!
설명을 해줘 oh oh
Yes!
넌 다르게 봐 날 설레게 해 미쳐가 난
Fresh so fresh 필요 이상이야 넌
다시 한번 물어볼게 자 너의 밤은 어땠는지 해줘 답
고민하는 척하지는 마 너의 표정 이미 넘어왔어 다
어디 가서 쉬웠다 절대 말 안 해
너가 느낀 기분 지금 내게 말해
요즘 trend 복잡한 건 질색
그런 식으로 기다리는 날 질책해
Oh ah 넌 너무 나빠 그게 매력이라는 거 너도 아는 듯해
All right 맞아 너의 외모 덕에 자연스레 넘어가지 다
내가 너의 몇 번째든 하루 보고 보내든 전부 이길 준비됐으니까 믿어봐
이 정도 빌었으면 이제 받아주라 나
어떡해 Baby So Amazing
넌 이상해 처음 느낀 감정이야
Oops!
설명을 해줘 oh oh
Yes!
넌 다르게 봐 날 설레게 해 미쳐가 난
Fresh so fresh 필요 이상이야 넌",14
16,City Dream,NITRM,"[가사 준비중] 멜론 회원 여러분! 가사 등록을 기다리고 있어요.
가사등록하기",0
17,칼리 만트라,홍칼리,"Om sri maha kalikayai namaha
만물의 기쁨과 통증에 공명해요
진흙이 흘리는 연꽃에 들리고
나무가 흘리는 솔방울에 들려요
연꽃이 흘리는 하얀 타라와 초록 타라와
노란 타라의 신음에 들려요
솔방울이 흘리는 검은 타라와 붉은 타라와
파란 타라의 걸음을 따라요
걸음을 따라요
가려지고 숨어 지내는 것들이
만물을 전복 시키는 순간을 기다리는 영혼의 정원사들이여
생물과 무생물 사령과 생령 만물을 품어주고
살아서 만나는 모든 두려움
죽은 채 만나는 모든 두려움 가져가는
정의롭고
인자한 대자대비 마고삼신 타라
칼리 파차마마의 품으로 귀의해요
어떤 미로에 갇혀 있어도
온전하다는 걸 알고 있고
이 모든 은총은 가장 작은 당신의 작은 것을 위해
준비된 것임을 알고 있는 당신의
신성에게 경배해요

Om sri maha kalikayai namaha
Om krim kali
Om sri maha kalikayai namaha
Om krim kali
지혜롭고 자비로운 날개로 우산을 씌어주는 타라여
만물의 신령은 당신을 통하고 흐르며 정화돼요
별은 언제나 뒤에서 반짝이고
물결은 언제나 아래에서 변화를 준비합니다
어둠을 감싸는 빛의 생령 칼리
모든 벌전과 낙인과 상처와 두려움을 가져가요

Om krim kali
Om sri maha kalikayai namaha
Om krim kali
두려움을 주세요
모든 두려움을 가져갈게요
그리고 두려움을 주는 모든 것은 불태워 소멸될 거예요
Kali chamundae
Om garajie chamundaye
Om krim kali
Ananda ma ananda ma kali ananda ma ananda ma
Ananda ma kali ananda ma ananda ma
Ma ananda ma
Ma ananda ma",0
18,달달해 (feat. 서다람),모찌멜로디,"너무 달달해 달달해
네 목소리가 달달해 사르르르
그냥 달달해 달달해 너의 모든 게 나는
너무 좋아 좋아

너를 보면 너무 안아주고 싶어
하루 종일 너랑 붙어있을래
네 손을 잡고 꽁냥꽁냥 하고 싶어
조금만 더 가까이 가도 될까

너랑 스치기만 해도 나는 달달 치사량 한도 초과
그래도 나는 네가 좋아 한 걸음 솔직하게 다가갈래

너무 달달해 달달해
네 목소리가 달달해 사르르르
그냥 달달해 달달해 너의 모든 게 나는
너무 좋아 좋아

달달해 달달해
달달해 달달해

너를 보면 쓰담쓰담 하고 싶어
세상에서 가장 달콤한 순간
네 손을 잡고 뚱땅뚱땅 걷고 싶어
생각만 해도 너무 귀여운 걸

너랑 스치기만 해도 나는 달달 치사량 한도 초과
그래도 나는 네가 좋아 한 걸음 솔직하게 다가갈래

너무 달달해 달달해
네 목소리가 달달해 사르르르
그냥 달달해 달달해 너의 모든 게 나는
너무 좋아 좋아

달달해 달달해
달달해 달달해",3
19,"어른은 울면 안 돼!! (feat. Rookie Day, IAN WORD, Hun!)",fakerapstar,"미안 엄마 나는 꽤나 많이 취했어
좋은 날에 좋은 사람들과 알지 좀 봐줘
기분 좋은 날이야 코가 비뚤어지게 마셔
집에 돌아가는 길에는 혼자 하늘을 봤어

어른이 되는 건 너무나 어려워 생각보다 더 외로워
알코올에 찌들어 술을 더 마셨고 하루에 한 갑을 태웠어
이게 좀 억울해 길에서 나는 또 소리를 크게 더 질렀어
산타 어디 갔어 선물 내놓고 가

두 손을 난 모은 다음 소원을 난 빈다
내년에 난 진짜 반드시 꼭 뜬다
한 달에 400을 벌어서 플스와 컴퓨터 사야지
한 달에 400을 벌어서 애들과 좋은 곳 가야지

아직 애 같나요 이런 나의 모습이
울면 안 돼 우린 이미 약속했으니
어른이 되기에는 난 많이 멀었지

어른들은 말해 나쁜 짓은 절대로 안 돼
어른들은 말해 너는 항상 착한 애여야 해
울면 안 돼

어른들은 말해 나쁜 짓은 절대로 안 돼
어른들은 말해 너는 항상 착한 애여야 해
울면 안 돼


오늘은 크리스마스네 작년엔 케빈과 보냈는데
이번엔 미안 내가 먼저 케빈과 작별하네
이제는 따뜻한 품으로 솔로는 못해 메롱
나도 한때는 작은 별을 보면서 기다렸네

이제는 못 돌아가네 산타도 이젠 없네
그때 난 눈물을 감추고 하늘에 소원을 비뤘웠던 날들은
어릴 적 추억이 되었어
일어나면 내 침대 옆엔 선물들이 가득했어


크리스마스이브에는 놀 사람이 아무도 없네
폰이 울리면 오늘만큼은 내 마음 설레네
그때마다 울리는 매일 & 전화 i dont know
더 이상은 난 기다릴 수 없어서 let’s go

to many snow 눈사람을 만들어볼까
만들면 둘이 되니 뭐 외롭지는 않잖아
한 손에는 말보루 다른 손엔 말리부
콜라보를 해 뭐 나쁘진 않잖아


어른들은 말해 나쁜 짓은 절대로 안 돼
어른들은 말해 너는 항상 착한 애여야 해
울면 안 돼

어른들은 말해 나쁜 짓은 절대로 안 돼
어른들은 말해 너는 항상 착한 애여야 해
울면 안 돼


메리 크리스마스 메리 크리스마스 올해는 이렇게 보내도
다음 크리스마스는 혼잔 아닐 거야
메리 크리스마스 메리 크리스마스 저번도 이랬어도
다음 크리스마스는 너와 함께 보낼 거야


어른들은 말해 나쁜 짓은 절대로 안 돼
어른들은 말해 너는 항상 착한 애여야 해
울면 안 돼

어른들은 말해 나쁜 짓은 절대로 안 돼
어른들은 말해 너는 항상 착한 애여야 해
울면 안 돼",2
20,Friend Zone,우야 (wooya),"아침에 일어나
젤 처음 확인하는 폰
아무것도 없지만
난 습관이 돼 곧
12시가 지나지만
여전히 침대지 난
I don't want to get up now
몇 시간째 바라보는
천장은 지루해
cereal and toast
흰 우유는 더 따분해
I want chocolate milk like you
너는 그걸 몰라
난 원해 너의 pink light
그래 그래 너 바쁜 거 알지만 난
every day and night
너만 기다리는 걸
생각 없이 또 netflix
똑같은 인스타그램 릴스
다시 침대 위로 divin
여기저기 날 찾는 사람들 많아
하지만 난 너 아님 의미가 없는 걸
오늘 날씨가 참 좋잖아
I can’t wait anymore
나 언제까지 Friend Zone Friend Zone
넘어갈 수 없는 red line red line
떠오르지 않는 submarine
속에서 난 너를 찾지 항상 fail
나 언제까지 A to M A to M
알고 싶어 너의 A to Z A to Z
갇힌 것 같아 미로
나는 선택의 기로
따윈 없어 it's true
Because I only want you
내가 아무리 말해도 너한텐 nothing
뭘 해도 네 안중에 난 없을 테니
다 알면서 또 모르는 척 하지 좀 마
우리 사이는 문제가 많은데
풀리지는 않아
친구로 지내기엔 늦었어 too late
우리 앞에 붙는 단어 if, maybe, prolly
확신이 없는 말들로 나를
멀어지게 하는 너를
다 알면서도 모르는 척하는 건
사실은 나야
그래 그래 너 바쁜 거 알지만 난
every day and night
너만 기다리는 걸
생각 없이 또 netflix
똑같은 인스타그램 릴스
다시 침대 위로 divin
여기저기 날 찾는 사람들 많아
하지만 난 너 아님 의미가 없는 걸
오늘 날씨가 참 좋잖아
I can’t wait anymore
나 언제까지 Friend Zone Friend Zone
넘어갈 수 없는 red line red line
떠오르지 않는 submarine
속에서 난 너를 찾지 항상 fail
나 언제까지 A to M A to M
알고 싶어 너의 A to Z A to Z
갇힌 것 같아 미로
나는 선택의 기로
따윈 없어 it's true
Because I only want you
I only want you
내가 원하는 건 하나인데
다른 건 눈에 1도 안 들어오는데
이게 널 싫어하는 이유야
날 아무것도 못하게 만들잖아
I’m lonely, love me
어딘지 모르는 곳에
떨어진 것만 같아
텅 빈 이곳에서
어서 날 꺼내줘
나 언제까지 Friend Zone Friend Zone
넘어갈 수 없는 red line red line
떠오르지 않는 submarine
속에서 난 너를 찾지 항상 fail
나 언제까지 A to M A to M
알고 싶어 너의 A to Z A to Z
갇힌 것 같아 미로
나는 선택의 기로
따윈 없어 it's true
Because I only want you",1
21,"하나, 둘 (Feat. AISH(애시))",박정주,"네가 오래전에 말했던
그 말을 다 잊지 못해
너와 나 이제는 끝이라며
돌이킬 수 없는 말들을 후회해
조금 더 시간이 지나면
잊혀질 줄 알았는데 당연히
몇 개월간 아니 몇 년 동안
넌 매일 찾아와
날 흔드는데
너와 함께 손잡고서
함께 걷던 거리를
떠올렸어 baby
매일 밤을 맴돌아
네 목소리가
차가운 바람
싸늘해진 네 눈빛
1, 2 하나 둘 셋더니
너 때문에 몇 밤을 샛는지
도통 잠에는 안 드니
너도 나와 같은지
1, 2 하나 둘 셋더니
너 때문에 몇 밤을 샛는지
너 없는 하루가
일 년 같아서 난
오랫동안 거닌
잊히지 않는 거리
잃고 싶지가 않았던
또 너와 나의 일기
너와 함께 먹던 커피
흥얼거렸던 멜로디
어디론가 떠나가 버리곤
잡힐 듯 잡히지가 않아
Oh 의미 없이 걷다가 또 걷다가
또 기대를 한다
다시 볼 수 있진 않을까
Oh 이유 없이 울다가 또 울다가
Bae 아직 너를 원해
1, 2 하나 둘 셋더니
너 때문에 몇 밤을 샛는지
도통 잠에는 안 드니
너도 나와 같은지
1, 2 하나 둘 셋더니
너 때문에 몇 밤을 샛는지
너 없는 하루가
일 년 같아서 난",1
22,With My Heart,성연 (SUNGYEON),"내 손을 잡아줄 사람 오직 너 하나뿐이라고 난 믿고 싶어
이렇게 내 볼에 키스할 사람 오직 너 한 사람에게만 난 허락할래

우연히 만나게 된 너와 이렇게 깊은 사이가 될 거 란 상상조차 난 한적 없었어
시간이 어느덧 흘러 지금의 순간이 되고 그동안 우리에겐 많은 일들이 있었지

(우리의 시간 속에) 너와 내가 함께 겪었던
(좋았던 일들만큼) 힘든 일도 많았어
세상이 끝난 순간에도 내 손을 잡아주고
내 곁에 있어준 네가 있어 난 버틸 수 있었어


내 손을 잡아줄 사람 오직 너 하나뿐이라고 난 믿고 싶어
이렇게 내 볼에 키스할 사람 오직 너 한 사람에게만 난 허락할래

일 년이 한 달 같고 한 달이 하루 같은 시간들이 흘러가
서로를 의지하며 웃고 울고 지내온 시간들을 웃으며
같은 곳을 보고 같은 꿈을 꾸는 지내온 시간만큼이나 깊어져 가는 사이 되고파

(우리의 시간 속에) 너와 내가 함께 겪었던
(좋았던 일들만큼) 힘든 일도 많았어
세상이 끝난 순간에도 내 손을 잡아주고
내 곁에 있어준 네가 있어 난 버틸 수 있었어

내 손을 잡아줄 사람 오직 너 하나뿐이라고 난 믿고 싶어
이렇게 내 볼에 키스할 사람 오직 너 한 사람에게만 난 허락할래

(I Am Sending You A Letter With My Heart)

부끄럽고 서툴지만 장황하게 설명하긴 너무나도 어렵지만
이 모든 가사들이 내 맘을 다 표현할 수는 없지만
어떤 게 맞는 건지 너와 나도 모르지만
그래도 지금 이 순간은 널 만난 후 모든 순간들 속 내 맘에는
너에게 꼭 하고 싶은 말 세상 누구보다 고맙고 사랑하고 지켜 주겠다는 말

내 손을 잡아줄 사람 오직 너 하나뿐이라고 난 믿고 싶어
이렇게 내 볼에 키스할 사람 오직 너 한 사람에게만 난 허락할래
내 손을 잡아줄 사람 오직 너 하나뿐이라고 난 믿고 싶어
이렇게 내 볼에 키스할 사람 오직 너 한 사람에게만 난 허락할래",1
23,말랑말랑,김수형,"시원한 밤 공기속 우리
별빛이 내리는 거리
너와 나 손을 잡고 걸어
누구보다 더 가까이

이 순간이 너무 좋아서 난
밤 하늘 안에 기억을 새겨

우리만의 이야기
이 밤 끝까지 하기
바람이 살랑살랑
불어와
내 맘을 말랑말랑
만져가

함께면 시간이 멈춘듯
시간은 가슴이 다한듯
이 밤이 끝나지 않기를
그대로 이대로

이 순간이 너무 좋아서 난
밤 하늘 안에 기억을 새겨

우리만의 이야기
이 밤 끝까지 하기
바람이 살랑살랑
불어와
내 맘을 말랑말랑
만져가",0
24,PAGE,원호재,"마음대로 펼쳐본 page
부족한 내용으로
다 이해하려 했어
처음부터 읽어볼 테니
다정한 마음으로
나를 기다려줘

지금 읽고 있는 page에 있어줘
책갈피를 꽂아둘 테니

그런 일이 있었구나
아직 못 읽어본 page야
내가 이해하지 못했던 마음
참 헤아리지 못했던 말
어려운 page에 표시를 해두자
기억하고 싶은 말에 밑줄을 그어두자
필요할 때 꺼내어보자
서로의 책이 되어보자

지금 읽고 있는 page에 있어줘
책갈피를 꽂아둘 테니

집중해서 읽을 page를 알려줘
별모양을 그려둘 테니

보여주자
헷갈리지 않게
서로의 마음

보여주자
헷갈리지 않게
서로의 마음

마음대로 펼쳐본 page
부족한 내용으로
다 이해하려 했어",4
25,Everyday,영후드 (YOUNgHOOD),"Wait to count the stars
Until comes the darkness
Cause the worlds are so bright that I
I can't see my own lights

When I'm feeling anxious
Falling with the gravity
Please hold me you
Will you?

If we live in dreams and fantasies
Let's take till the end
You know it that is right baby

Gotta keep try then we get a meet
Ruin or fine doesn't matter be
Cause we climb everyday
Gotta keep try then we get a meet
Ruin or fine doesn't matter be
Cause we climb everyday

Don’t think that you are alone
I’ll be there if you need someone
Always you are my girl
You can treat me like a boy

Maybe we can cause some problems
No-one knows the bottom line
YOU

It took sometimes but realized
Even tough we can’t see lights
Tell me that Tell me that you will
Stay with me by my side

We’ll find the lights
All right baby

Gotta keep try then we get a meet
Ruin or fine doesn't matter be
Cause we climb everyday
Gotta keep try then we get a meet
Ruin or fine doesn't matter be
Cause we climb everyday",5
26,Anymore,Chanwoo,"Goodbye, my love
Thank you for all the love you've given me
Goodbye, my love
Sorry for all the scars I've left on your skin

Don't call my name, I won't get back to you again
Don't call my name, I won't get back to you again
Don't call my name, I won't get back to you again
Don't call my name, I won't get back to you again

I can't love you anymore
I can't give you all my love
Treat yourself better than I could
Love yourself more than I've done

You can save yourself from hell
Yeah, you can love yourself
'Cause I can't love you anymore
Oh, you can love yourself more than I've done

The time has come
We're done, though we both don't want to leave
The time has come
I will be wishing you the best of all

Don't call my name, I won't get back to you again
Don't call my name, I won't get back to you again
Don't call my name, I won't get back to you again
Don't call my name, I won't get back to you again

I can't love you anymore
I can't give you all my love
Treat yourself better than I could
Love yourself more than I've done

You can save yourself from hell
Yeah, you can love yourself
'Cause I can't love you anymore
Oh, you can love yourself more than I've done

I can't love you anymore
I can't give you all my love
Treat yourself better than I could
Love yourself more than I've done

You can save yourself from hell
Yeah, you can love yourself
'Cause I can't love you anymore
Oh, you can love yourself more than I've done",1
27,세상을 등진 채,1DAY,"벌면 해결될까
겁부터 먹지 난
어쩌면 아직까지도
못 깨고 있는 거야 꿈
아침이 오나 봐
깨죄죄한 모습으로
사람들 속에 숨지 난
현실을 등진 채
거지 같은 내 모습이
익숙해져 버렸어
모든 게 귀찮고
움직이긴 싫어
거지 같은 꼴을 하고
뻔뻔히 잘 살고 있어
모두 날 피하겠지만
아무것도 없어도
좀 불편하지만
외롭겠지만
난 익숙해
어차피 떠나갈 것뿐이야
좀 불편하지만
외롭겠지만
내겐 아무 의미 없어
사람들은 말해
넌 아직 괜찮다고
나의 손에 남아 있는 건
아무것도 없는걸
어디로 갈지 모르지
내가 꿨던 꿈처럼
지금은 아무 말도 말아줘
제발 날 내버려둬
내 머릿속은 언제부턴가
따지고 있지 손해
이젠 너 앞에서 마저도
네가 알던 내 모습은
온 데 간 데 사라진지 오래
이곳은 원래 이런 마음으로
살아남을 수 없데
난 이런 내가 좋은데
내가 변해야 한다면
꼭 그래야 한다면
그래야 한다면
거지 같은 내 모습이
익숙해져 버렸어
모든 게 귀찮고
움직이긴 싫어
거지 같은 꼴을 하고
뻔뻔히 잘 살고 있어
모두 날 피하겠지만
아무것도 없어도
좀 불편하지만
외롭겠지만
난 익숙해
어차피 떠나갈 것뿐이야
좀 불편하지만
외롭겠지만
내겐 아무 의미 없어
좀 불편하지만
외롭겠지만
좀 불편하지만
외롭겠지만",101
28,Sweet Like,FOOL IN THE POOL (풀인더풀),"바람이 찬 날에 둘이서
하염없이 길을 걸을래

말없이 걷는 순간순간 모두 특별해
다신 없을 것 같은 사랑
이대로 너와 함께

Do Do
흰 겨울 영화 한 장면의
You you
아름다운 미소
Do Do
하얀 눈 위에
You you
사랑스러운 너와

Oh, baby, you're sweet like sugar in the snow
every time you touch me, I just can't explain
Oh, baby, you're sweet like flower in the rain
Your eyes are like the snow falling down on me

차가운 새벽에도 따뜻한 너
달콤한 향기로 하얗게 스며들어와

Do Do
하얀 눈 위에
You you
사랑스러운 너와

It's hard to have a thought
That I think of someone else
I'll always be there for you

Oh, baby, you're sweet like sugar in the snow
every time you touch me, I just can't explain
Oh, baby, you're sweet like flower in the pain
Your eyes are like the snow falling down on me

oh All my love is for you
You're the one, you're my world
oh All my love is for you
You're the one, you're my light",51
29,Mono,Pill Black,"Er night
Er day
Who knows?
That’s right

Don't leave me like this
시계바늘에 걸려 잠겨진
햇살과 짙은 밤
그 사이 공기에선
서툰 웃음, 눈물 조각들

You feel it?

Don't you get away?
겁이 나
찌그러진 날
Why don't you get away?
지독한
웃음 속 차가움
Why don't you get away?
What is right?
이젠 나도 모르는 날
Don't get away
사라질 것만 같아

I don't wanna be sad,
But I don't want to lose it
Why can't paint the blues?
the Monochromatic palette
(Even though there will be pain)
Blue flame, Crimson Blood
Voids Between a Heart Beats
But I just walk away

But I won't say ‘I’m fool'
You can't say ‘I'm ill'
It’s in heart of everyone, but we just cannot see.
시들어져 가는 사진 속에
비틀거린 발 끝 위의 고뇌
걸음사이엔 무엇도

Don't you get away?
겁이 나
찌그러져 가
Why don't you get away?
지독한
웃음짓는 나
Why don't you get away?
What is right?
이유없이 흘러 나와
Don't cry again
사라져가는 나

I don't wanna be sad,
But I don't want to lose it
Why can't paint the blues?
the Monochromatic palette
(Even though there will be pain)
Blue flame, Crimson Blood
Voids Between a Heart Beats
But I just walk away",16
30,Wish,동경,"Still don't know how I'm here with you
Sometimes, I made it hard for you
New Year has come to us quietly
One thing I wish
Is I could always be kind to you
Until I met you I didn’t know
I could feel such depth of love
You showed me all kinds of true love
Now, I think I know
Can't forget all my memories
I'll give you endless memories that last with you
Like you did for me
In this turbulent world
If you hadn’t been with me by my side
Stay the way you are, please
I still have so much love I wanna give you
Oh,
Hold me tight and hold me close
Give you all my heart, oh
Still don't know how I'm here with you
Sometimes, I made it hard for you
New Year has come to us quietly
One thing I wish
Is I could always be kind to you",42
31,Love Scenario,리슨 (LYSON),"She is everything to me babe
매일같이 내게 웃어줄래
영화 속의 주인공 같은
이야기를 써 내려가 볼까 해
어떤 결말을 원해

Romeo and juliet
아님 bonnie and clyde
anything is fine

Fallin' love with you 꿈같아
24/7, 365 days
너와 함께 써내려 갈
love scenario

너에게 그날 말을 걸지
않았다면 어땠을까
이미 난 무너졌을거야

If I, babe
if I, babe
if I can can't have you
can't live without you

If I, babe
if I, babe
if I can can't have you
can't live without you

발 맞춰 걷다 손이 부딪힐때
So I love you
자주 말해도 아깝지 않아 love you

떨리던 내 마음 eh
네게 닿은 그 순간
숨이 멎어 one more time

사소한 고민거리
괜히 찾아 보는 공감대
I don’t care 전부 말해
I got a I got a girl

Romeo and juliet
아님 bonnie and clyde
anything is fine

Fallin' love with you 꿈같아
24/7, 365 days
너와 함께 써내려 갈
love scenario (너에게 다가가)

너에게 그날 말을 걸지
않았다면 어땠을까
이미 난 무너졌을거야

If I, babe
if I, babe
if I can can't have you
can't live without you

If I, babe
if I, babe
if I can can't have you
can't live without you

If I, babe
if I, babe
if I can can't have you
can't live without you

If I, babe
if I, babe
if I can can't have you
can't live without you",24
32,어려워 (feat. Hena),HAWOO,"It’s dawn but
I’m still awake all night
다시금 찾아본 대화는
분명히 의도는 없겠지만
곱씹어본다
그때를 상상하면
또 괜히 발길질만
마른 침을 삼키곤
옷매무새를 다듬어
나는 가끔 취하면
네 눈빛에 빠져버려
시덥지 않은 얘기마저 난
상관 없어 전부 좋으니깐
그 말 한마디가 뭐가 그리
어렵다고 이리 헤매는지
참 어려워
넌 어려워
뜬눈으로 난
Oh 참 어려워
너무 어려워
Oh baby just
Show me love
Iike this moment
Oh 참 어려워
넌 어려워
Oh baby just
Show me love
Iike this moment
Show me baby what you’ve got
그런 말로는 알 수 없지
우리 조금은 특별할지
애매하게 웃지
쑥스러운 건지
Show me just show me
이대로는 알 수 없지
용기내 먼저 보낸 의미 없는 연락을
넌 읽지 않지 한참을
고민하는 거길 바라 난
길고 긴 이 밤이 지나면 알려줘
또 이런 말 또 또 저런 말로
피하지 말고
Oh 참 어려워
너무 어려워
Oh baby just
Show me love
Iike this moment
Oh 참 어려워
넌 어려워
Oh baby just
Show me love
Iike this moment
Oh 참 어려워
너무 어려워
Oh baby just
Show me love
Iike this moment
Oh 참 어려워
넌 어려워
Oh baby just
Show me love
Iike this moment",32
33,"잔향 (Feat. COOMO, 김시우(Siwoo), 강권희)",ByssBlue,"커튼 새로 달빛의 소음이 좀 거슬려서
나도 몰래 숨겨온 기억을 꺼내
희미해져버린 기억
그 사이 맴도는 향이
날 이렇게나 잠 못 들게 해

누구는 경험했을 온기
차갑게 뻗어오는 미디어의 손길
내겐 아무래도 시답잖은
그런 사랑 얘기

경계의 시작점을 지나
우린 시작조차 하지 않았지, 나
사실 죽은 거나 다름없어
그때 그 자리에

깊게 뱉은 말의 향이 너무 짙어서
오랜 날이 흘러도 지워지지 않아
몰래 삼킨 말의 깊인 너무 깊어서
오랜 날이 흘러도 떠오르지 않아


너는 알고 있잖아
그 말에 담긴 무게를
이렇게 내게 두곤 어디 간 거야

가라앉을 뿐이야
네 말에 발이 묶인 채
떠오를 수도 없이 유영한 거야

지날수록 진해지는 말의 향과
진할수록 지내지는 나의 하루
이미 내게 남은 것은 네께 아니야

흐를수록 흐려지는 감정 위로
흐릴수록 흘러오는 향의 파도
이미 우린 시작도 전에 끝난 거야

깊게 뱉은 말의 향이 너무 짙어서
오랜 날이 흘러도 지워지지 않아
몰래 삼킨 말의 깊인 너무 깊어서
오랜 날이 흘러도 떠오르지 않아

그러나, 또 그런 날
더 밑으로 삼킨 말이 잠긴 저 밑까지
내려가, 또 잠겨가
더 밑으로 붙잡을 게 없는 저 밑까지",51
34,"Trippin' (Feat. H2XXU, DUT2)",whyz,"Keepin‘ 그 맘을 숨겼다 어디 갖다 씀
Whippin’ 그냥 내 맘과 섞이게 이젠 툭
Drippin‘ 떨어뜨려줘 밤새 숨 쉴 틈 조차 없게
You never tried to find yet

I tried to make a way, make a difference
보내줘 네 address keep holdin’
I really do at all, umm
아직 너에겐 the temporary better than
You can drop me baby what I want

Yeah You get to know it
Runnin’ from it
I can let you know it
내 모든 게 just for you
Yeah I f**k with that
Which way is the wrong way
It’s not complicate
Hard to say
No way, umm

I’m thinking about you, girl, all night
We did it more than twice, last night
다른 말은 필요 없어 그 순간은
Just you and me, holding on tight
My vision faded, I’m losing my sight
Unaware of the time

시선은 움직여 baby 네게 자연스레
Shower booth 사이로 보이는 너의 silhouette
더 다가와 줘 girl 네 숨소리가 들리게
날 불러줘 옆집까지 전부 다 들리게

Yeah You get to know it
Runnin’ from it
I can let you know it
내 모든 게 just for you
담아줘 눈에
내 모든 걸
Oh Blow your mind

Why you get hang your love over
Don't you make feel hungover
Oh why When you get closer
Never get love ever

Yeah You get to know it
Runnin’ from it
I can let you know it
내 모든 게 just for you
Yeah, I f**k with that
Which way is the wrong way
It’s not complicate
Hard to say
No way, umm",14
35,Dear moon,WOOD (우드),"어두운 밤이 오면
그대가 내 눈앞에 비춰
사라질 빛이라도
어둠을 지워주는 그대

이젠 그대 없인
무너져 버릴 수밖에 없는 난데
더 이상 내게서 멀어지지 말아요
그대 내 곁에 항상 있어줘

Oh you are my love
Please tell me you won't move away
Oh you are my light
Please say it won't go away
won't go away

이 밤이 지나면
내 곁을 떠나갈 그대
파도에 밀려가도
더 이상 붙잡을 수 없다는 게

잡으려 애를 써도
뻗어낸 손은 허공에 스치고
다시 올 그대 빛이 거짓이어도
돌아와 줘요 곁에만 있어줘

Oh you are my love
Please tell me you won't move away
Oh you are my light
Please say it won't go away
won't go away

Oh you are my love
Please tell me you won't move away
Oh you are my light
Please say it won't go away
won't go away",5
36,Tell Me,뎁트,"Tell Me
말해 줘

Tell me, tell me that you love me
말해 줘, 말해 줘 날 사랑한다고
I don’t want no maybe
아니란 말은 하지 말고
Come and be my baby
어서 내 사랑이 되어 줘
(Let me know, let me let me know)
(나에게, 나에게 알려 줘)
Tell me I want you on the daily
말해 줘, 난 매일 네가 필요해
Cuz you drive me crazy
날 미치게 하는 너
Come and be my baby
어서 내 사랑이 되어 줘
(Let me know let me let me know)
(나에게, 나에게 알려 줘)


That summer hundred degrees in love
그 여름, 펄펄 끓는 사랑
I drew a picture of us
난 상상했지, 너랑 나
It’s the way that your eyes
너의 두 눈이
They sparkle inside
반짝이는 그 모습
I wanna love
사랑이 하고 싶어졌어
I wanna love you
너와 함께하는 사랑 말이야
(On my mind is I wanna kiss ya)
(마음 속으로는 너와 입을 맞추고 싶은 걸)
You’re making my heart feel like trampoline
넌 심장을 뛰게 만들어, 마치 트램폴린처럼
Oh baby, I never felt this jealousy
나 진짜 이렇게 질투한 적 없었거든
Do you wanna kiss me
나에게 입 맞추고 싶어?
Do you wanna love
혹시 사랑을 원해?
Do you want me
그럼 난 어때?
Wanna wanna want me
나는, 나는, 나는?
Felt like a fantasy
환상처럼 느껴졌어
Something that’s in my dreams
꿈에서나 있을 것처럼
Oh
오
Would you love me
날 사랑해주지 않을래?


You’re a E and I’m a I
너는 E, 나는 I
Who would’ve thought we could be
누가 알았을까 우리가
perfect combination love
완벽한 사랑의 조합이 될 줄은
Need you to hold onto me
나를 꼭 잡아 줬으면 해
They’re playing our favorite song
우리가 좋아하는 노래가 흐르고
When we’re dancing in the moonlight
달빛 아래 우리는 춤을 추지
Let’s go ride away
저 멀리 떠나버리자


Tell me, tell me that you love me
말해 줘, 말해 줘 날 사랑한다고
I don’t want no maybe
아니란 말은 하지 말고
Come and be my baby
어서 내 사랑이 되어 줘
(Let me know, let me let me know)
(나에게, 나에게 알려 줘)
Tell me I want you on the daily
말해 줘, 난 매일 네가 필요해
Cuz you drive me crazy
날 미치게 하는 너
Come and be my baby
어서 내 사랑이 되어 줘
(Let me know let me let me know)
(나에게, 나에게 알려 줘)


Oh why
왜지?
Is it cold?
왜 이렇게 추운 걸까?
I’ve been missing someone like you
너 같은 사람이 내 곁엔 없었어
Sometimes
가끔은 나
I feel hope
희망을 느끼기도 해
Gonna wake up feeling anew
새로운 기분으로 깨어나는 거지
Everybody think they know me
모두가 날 안다고 생각하겠지만
They don’t know what I am missing
내가 뭘 놓치고 있는지는 몰라
You are a beautiful painting
넌 아름다운 그림이고
Me I’m just way too boring
난 그저 보통의 사람
Remember when we were so lovely
우리가 너무나 사랑스러웠던
Such a special time
그 특별한 시간을 기억해
I wanna go and get closer to you
난 너에게 가까이 다가가고 싶어
Tell me how
어떻게 하면 되는지 말해 줘


You’re a E and I’m a I
너는 E, 나는 I
Who would’ve thought we could be
누가 알았을까 우리가
perfect combination love
완벽한 사랑의 조합이 될 줄은
Need you to hold onto me
나를 꼭 잡아 줬으면 해
They’re playing our favorite song
우리가 좋아하는 노래가 흐르고
When we’re dancing in the moonlight
달빛 아래 우리는 춤을 추지
Let’s go ride away
저 멀리 떠나버리자


Tell me, tell me that you love me
말해 줘, 말해 줘 날 사랑한다고
I don’t want no maybe
아니란 말은 하지 말고
Come and be my baby
어서 내 사랑이 되어 줘
(Let me know, let me let me know)
(나에게, 나에게 알려 줘)
Tell me I want you on the daily
말해 줘, 난 매일 네가 필요해
Cuz you drive me crazy
날 미치게 하는 너
Come and be my baby
어서 내 사랑이 되어 줘
(Let me know let me let me know)
(나에게, 나에게 알려 줘)


I’ll take you to my world
널 나의 세계로 데려갈게
Place only we know
우리만 아는 곳으로
Waiting a long time
정말 오랜 시간을 기다려 왔어
For you to follow
네가 나와 함께 하기를
One step
한 걸음
Imma be guiding you there
내가 널 이끌게
You take me higher
날 더 높은 곳으로 데려다 줘
You’re all that I need
내게 필요한 건 네가 전부야
I wanna say
이렇게 말하고 싶어
Baby, I love you ooh
내가 널 사랑한다고


Tell me, tell me that you love me
말해 줘, 말해 줘 날 사랑한다고
I don’t want no maybe
아니란 말은 하지 말고
Come and be my baby
어서 내 사랑이 되어 줘
(Let me know, let me let me know)
(나에게, 나에게 알려 줘)
Tell me I want you on the daily
말해 줘, 난 매일 네가 필요해
Cuz you drive me crazy
날 미치게 하는 너
Come and be my baby
어서 내 사랑이 되어 줘
(Let me know let me let me know)
(나에게, 나에게 알려 줘)",114
37,그해 그 애 (With 도규),새봄 (saevom),"그해 이른 겨울 그 아이를 처음 만났어요
어깨 넘은 머린 찰랑이며 향기를 냈죠
짙은 봄끝 한참 망설이다
그 애가 먼저 툭 내밀어 잡은 손은 따뜻했어요

여름 내내 우린
서롤 향해 달려갔었죠
그 어디라도 함께면 웃었죠

궁금해 마지 않았던
그 애 모든 것들이
해처럼 내게 쏟아져요

그해 그 애에게 나를 던졌던
달려가는 걸음 멈출수가 없던
그 밤 끝에 하얗게 웃음짓고 있던 너를
오늘도 묻는다

계절이 지나면
자꾸 우린 멀어져갔죠
다시 돌아가 잡고 싶은데

이미 닿지 않을 만큼
어긋나 버린 순간이
나를 오래 괴롭히죠

그해 그 애에게 나를 던졌던
달려가는 걸음 멈출수가 없던
그 밤 끝에 하얗게 웃음짓고 있던 너를
오늘도 묻는다

문득 낯설게 느껴진 너의 뒷모습
어느새 꽤 길어진 머리만큼 멀어진 거리
오 그때의 너를 빼면 아무것도 나는 아닌 것 같아

그해 그 애에게 날 쏟았던

쏟아질까 겁내지 않았던
벅찬 기억은 매 겨울 돌아온다
이 밤 끝에 여전히 맑게 웃는 너를
으음 오늘도 만난다",249
38,hangover (Feat. 근),백지 (100z),"Wake up at night,
You are not around
I can't stand it sober
I can't stand this hangover

Wake up at night,
You are not around
I can't stand it sober
I can't stand this hangover

난 다시 마주하지
너 없는 현실 속의 아침
꿈만 같지 너와 함께
만든 모든 시간이
깨져버릴 것만 같애
난 또 머릴 감싸지
난 아직도 믿지 못해
매일같이 서로에게 했던
맹세는 대체 뭐가 돼
모두 걸었잖아 너한테
칼로 도려낸 것만 같이
사라져가 너란 기억까지
다 토해네 미련 없이
그렇게라도 해서 버틸 수 있다면
It's gonna be a hard time
Without lying
But it must be for a while
끝이라 말해줘 이제
꿈이었다고 여태까지의 그 모든 게
눈뜨면 다시 품 안에
안겨있어줘 부탁해
It's gonna be a hard time
Without lying
But it must be for a while
끝이라 말하지 마 이게
꿈에 취해 영원토록 깨지 못하게
눈 감을 때면 또 불안해
홀로 남겨질까봐 이 꿈 안에

Wake up at night,
You are not around
I can't stand it sober
I can't stand this hangover

Wake up at night,
You are not around
I can't stand it sober
I can't stand this hangover

I can't wake up
pop another pills
네가 바랬던 나의 죗값
가면이라는 메이크업
그 사이 우리 새빨간
피를 나누고 채워 잔을
hangover
그래 맞아
그때라도 직관적이면 어땠을까
춤을 춰 우리 눈을 가린
이 체스판 위에
내 습관 뒤에 따라오네
배신감이 왜
너를 달리 부를 말이
없어진다면 책임은 나지
꿈 깨 취한 느낌은 아
네 빛에 그림자를 남겨
더 짙게 만들어
씻기엔 너무 멀어졌구나 집
계절이 함부로 쉽게 못 바꿔 날
시간 지나면 다시 와 내 밤
addiction, hangover
fiction, gameover
다 너를 잊지 못해서
단어를 잇지 못해
계절이 다르면 어때서
난 추운 이 밖이면 돼
그때 마지막은
내 숨을 가져가 줘 네가

Wake up at night,
You are not around
I can't stand it sober
I can't stand this hangover

Wake up at night,
You are not around
I can't stand it sober
I can't stand this hangover",24
39,Make it Love,모세은,"보이지 않는 사랑은 들려줘요
들리는 사랑의 모양을 내게 보여줘요
어떤 모양의 사랑받고 싶은지 난 몰라요
나 내가 가진 것 중에 제일 예쁜 것들만 보내요
흐음 흐음 보이나요 내 마음이
흐음 흐음 들리나요 귀를 간지럽히는 내 말들이
나 그댈 보며 떠오른 수많은 장면들이 있죠
하늘에 걸린 구름도 춤추며 떠나가는 노을도
그댈 담고 있네요
흐음 흐음 보이나요 내 마음이
흐음 흐음 들리나요 귀를 간지럽히는 내 말들이
날 사랑으로 널 사랑으로 그냥 사랑으로 안아달라구요
비에 젖어도 눈에 발 얼어도 두 팔 벌린 채 흠흠",11
40,Light It Up,CYC,"이런 느낌은 어색해
사실 we already know it 익숙해 always
거기서 보기엔 어때
같은 말들을 하기 싫어 tonight

다시 또 짙어지는 마음에 난 더 문을 닫아
Why don’t you come over to my bed please come over to my
조금씩 밝혀지는 small flame 새어들어와
I will just stay still and accept everything oh

Yeah it’s up to me
No more dig fallin’ light it up
I don’t know yet oh yeah
No more deep fallin’ light it up

My time clock always feel the same thing
I don’t wanna do this I don’t wanna do this yeah
스며든 불빛 틈에 보게
되는 파편들이 I don’t wanna do this

다시 또 짙어지는 마음에 난 더 문을 닫아
Why don’t you come over to my bed please come over to my
조금씩 밝혀지는 small flame 새어들어와
I will just stay still and accept everything oh

Yeah it’s up to me
No more dig fallin’ light it up
I don’t know yet oh yeah
No more deep fallin’ light it up

I don’t even care whatever 아직 그 자리에 있어
왜 넌 그게 안 보여 what you won’t do, to do for you
Who knows if you’re down 원하지 않을 거라고
다시 되돌아봐 it’s not for me don’t you know that

No more dig fallin’
Don’t know yet
No more deep fallin’

Yeah it’s up to me
No more dig fallin’ light it up
I don’t know yet oh yeah
No more deep fallin’ light it up

Yeah it’s up to me
No more dig fallin’ light it up
I don’t know yet oh yeah
No more deep fallin’ light it up",5
41,4인가족,장찬익,"안녕 널 처음 볼 땐 나는 좀 뭐랄까
부끄럽기 보다는 헛웃음이 나와서
허름한 좁은방 우리가 처음을 준비했던 그날부터 오늘을 본 거니까
오래전 그때 기다림 끝에 맞이했던 조그마턴 길잃은 물개
君がいいて言ってたわけないけど一回だけ言うの어때

どうせうちらも初めてなので
君は思うかも 도대체 나는왜
話を聞いてちょっと落ち着いて
くっついたその手を掴んでもいいって

1.요즘은 제일흔하다 그래
2.좋아서 어쩔줄 모르고
3.세상을 다얻은것 같아서
4.인가족 젤좋더라 그러데

1.요즘은 제일흔하다 그래
2.좋아서 어쩔줄 모르고
3.세상을 다얻은것 같아서
4.인가족 젤좋더라 그러데

어차피 여기서 아무것도
변할게 없단걸 알면서도
울어도 보고 웃어도 봤어
聞いてないもん아무것도

어차피 우리도 잘난것 없어서
우리가 하나의 팀이 될 수 있다면
세상을 줄래 세상을 줄게
모든걸 하나로 묶은뒤 머리에 부어
줄게 볼래 빛나는 우주를
너와 함께 걸어갈 작고 작은 행성들
오늘은 여기서 잠들어도 좋아
그게 어디건 너의 이불이 될 테니까

1.요즘은 제일흔하다 그래
2.좋아서 어쩔줄 모르고
3.세상을 다얻은것 같아서
4.인가족 젤좋더라 그러데

1.요즘은 제일흔하다 그래
2.좋아서 어쩔줄 모르고
3.세상을 다얻은것 같아서
4.인가족 젤좋더라 그러데

묶을까...?",0
42,너무 사랑해서 그런다는 말,라용수,"결국 이렇게 마주앉아
있는것도 마지막일거야
솔직히 우리 처음부터
어긋나는 날이 많았잖아

좋았던 날도 많았지만
이미받은 상처를 치료하기에는
무리가 있을 것 같아
우리 이제

너무 사랑해서 그런다는 말도 안되는말 하지말자
그런다고 마음이 더 커지는게 아니야
오히려 적당히 거리를두고 천천히 서로를 알아가는게
우리가 해야했던 사랑인것 같아


아마 보고싶겠지만
그렇다고 계속 함께하기에는
안봐도 뻔할것같아
우리 이제

너무 사랑해서 그런다는 말도 안되는말 하지말자
잠깐 힘들다고 이러는게 아니야
오히려 하루라도 빨리 너와내가 각자 갈길가는게
우리가 할 수 있는 최선인것같아

마주앉아있는 이 시간도 우리는
서로의 힘든건 관심도 없고
그저 내 얘기만 하고있잖아
누구의 잘못도 아니야 그저 다를뿐이야
이쯤에서

너무 사랑해서 그런다는 말도 안되는말 하지말자
그럴수록 상처만 더 늘어갈뿐이야
오히려 지금까지 너와 내가 이렇게 만났었다는게
우리는 서로를 괴롭히고 있었던거야",3
43,Never Again,라라,"따뜻했던 눈빛
다정했던 목소리
시작은 항상 달콤하지

식어버린 마음
감정 없는 말투
왜 아픈 건 항상 혼자인지

내 마음이 부족한 걸까
왜 마음만으론 안되는지

내 사랑이 부족한 걸까
왜 주고 또 줘도 모자란지

Never again
I will never again
I never want to give my heart away

Never again
I will never again
I never want to feel my heart again

지쳐버린 관계
놓아버린 마음
왜 이별은 익숙해지지 않는지

쉽지 않은 포기
더 크기만 한 상처
왜 사랑의 끝은 이별인지

Never again
I will never again
I never want to give my heart away

Never again
I will never again
I never want to feel my heart again

I don't want to cry
I don't want to feel blue
I'll never never neve love again

Don't wanna be hurt
I don't wanna hate myself
I'll never never never love gain

Never again
I will never again
I never want to give my heart away

Never again
I will never again
I never want to feel my heart again",4
44,Dangerous love,헤리나 (Herina),"지금 내 이야기를 듣고 있는지
정말로 다시 말을 해야 하는지
이제는 이상해 난
괜스레 마음 한켠이 불안해져

Keep going keep going
나도 바보 바보
다시 되돌아도 여기인 제자리
사랑하긴 한 걸까
괜히 아파했다 해 너를 증오했다 해

미워했다고 해 넌
사랑 아니라 해
몇 번을 울부짖고 나를 내쫓아도
이해가 가지 않는 걸

My love is fool
You’re my fool
내 사랑은 거지 같지 때론 멍청하지
매번 나만 이래

너는 어떨까 싶어 fool
My love is fool
아파하지 말라 해
나를 사랑한다 해
너는 모순적이야

몇 번을 되돌아가도 감정적이야 넌
트러블 만들지 마 괜히 화나게 하지 마 너
몇 번을 되돌아가도 늘 제자리야
미안해하지 마 너 좀 싫어져

Keep going keep going
나도 바보 바보
다시 되돌아도 여기인 제자리
사랑하긴 한 걸까
괜히 아파했다 해 너를 증오했다 해

미워했다고 해 넌
사랑 아니라 해
몇 번을 울부짖고 나를 내쫓아도
이해가 가지 않는 걸

My love is fool
You’re my fool
내 사랑은 거지 같지 때론 멍청하지
매번 나만 이래

너는 어떨까 싶어 fool
My love is fool
아파하지 말라 해
나를 사랑한다 해
너는 모순적이야

우리는 사랑하긴 한 걸까
(My love so)
몇 번을 내쫓아도 다시 발로 차도
이해가 가지 않는 걸
You got love me

사랑한다면 나를 기억해 줘
나는 이대로 잊지 못해
잊지 말아 줘 나를 기억해 줘 제발
우린 사랑할 수 있을 걸 마지막까지

말을 해줘 이게 사랑이라면
나는 언제나 너를 향해
갈게 진심이야 내 말 믿어
Dangerous love is you",2
45,Blue,Eddie Child,"I falling apart
You're breaking my heart
You make me a mess

I can't control my mind
All the kisses were lies?
I'm on that train

Don't leave me just Hold me tight
Tell me it’s gon be alright
Stay with me

Just like we did on last summer night
Baby Shall we dance till the sunrise

Cuz I'm Blue
You know you're my Blue
Cuz I'm Blue
Cuz I thinking of you

Blue
You know you're my Blue
Cuz I'm Blue
Cuz I thinking of you

Still, I’m someone to hold true,
I’m still drowning in a you of blue

Oh , it’s harder than I thought,
A day without you feels so off
A week, a year, a whole life, ooh
No one can replace you, ooh

Blue
You know you're my Blue
Cuz I'm Blue
Cuz I thinking of you

Blue
You know you're my Blue
Cuz I'm Blue
Cuz I thinking of you

Don't leave me just Hold me tight
Tell me it’s gon be alright
Stay with me

Just like we did on last summer night
Baby Shall we dance till the sunrise",0
46,사랑이란 이름의 꽃 (Feat. 성은(SeongEun)),이현빈,"꽃이 피었어 사랑이라는 이름의 꽃이
꽃이 피었어 있는 건 알지만 없어지진 않는
계속 자라는 절대 시들진 않는
아주 예쁜 꽃이 피었어

아주 작은 씨앗 하나가 날아와
있는 줄도 모르고 지내다
남몰래 굳게 뿌리를 내리고
예쁜 싹을 틔웠어

너와 함께 있는 순간이
잎과 줄기를 이루고
서서히 피어가는 예쁜 꽃이

꽃이 피었어 사랑이라는 이름의 꽃이
꽃이 피었어 있는 건 알지만 없어지진 않는
계속 자라는 절대 시들진 않는
아주 예쁜 꽃이 피었어

사실 나는 이 꽃이 시들었음 해
이뤄질 수 없음을 알기에
이렇게 힘들 줄 알았었더라면
애초에 좋아하질 말 걸

겨우 없어질 것 같았던
시들어가던 꽃은
너의 말 한 마디로 다시 살아나

꽃이 피었어 사랑이라는 이름의 꽃이
꽃이 피었어 있는 건 알지만 없어지진 않는
계속 자라는 절대 시들진 않는
아주 예쁜 꽃이 피었어

조그마했던 싹은
너로 인해 점점 자라만 가
차라리 이 꽃을 누가 꺾어주면 좋겠어
곁에만 있어도 커져가니까

꽃이 피었어 사랑이라는 이름의 꽃이
꽃이 피었어 있는 건 알지만 없어지진 않는
계속 자라는 절대 시들진 않는
아주 예쁜 꽃이 피었어",11
47,"Oh, 정말",Gist,"너의 얼굴에 눈이 멀어
Oh, How can I be your lover
이대로는 오늘 집에 갈 수 없을 것 같아
Oh, 정말

하루종일 너의 옆에 있을게
똑같은 삶이 지루했어 매일
가만히 혼자 있긴 싫은 하루야
자꾸만 눈에 밟혀 너가-
지금 내 눈앞에 너는
초현실적인 것 같아

I don't waste my time
오늘 같은 밤 너와 보내고 싶어 baby
그래 지금이 아니면
너는 떠나버리잖아
Oh crush on you
너와 내게 고정되는 시선
말은 안 해도 돼
그냥 두 눈을 맞춰줘

너의 얼굴에 눈이 멀어
Oh, How can I be your lover
이대로는 오늘 집에 갈 수 없을 것 같아
Oh, 정말

주위를 둘러봐바
이제 남은 건 너와 나뿐인데
I think I'm losing my mind
너도 이대로 가기엔 아쉽잖아
오늘 처음 만났지만
믿어볼래 Trust me

I don't waste my time
오늘 같은 밤 너와 보내고 싶어 baby
그래 지금이 아니면
너는 떠나버리잖아
Oh crush on you
너와 내게 고정되는 시선
말은 안 해도 돼
그냥 두 눈을 맞춰줘

너의 얼굴에 눈이 멀어
Oh, How can I be your lover
이대로는 오늘 집에 갈 수 없을 것 같아
Oh, 정말

너의 얼굴에 눈이 멀어
Oh, How can I be your lover
이대로는 오늘 집에 갈 수 없을 것 같아
Oh, 정말",529
48,Unhappy (feat. M NAIVE),AVOKID (에이보키드),"Hey Jae
Is your everything okay?
Are you strugglin' with regret?
For what you’ve lost and your mistakes

Hey Jae
You don’t have to be okay
Yeah, it tore you halfway
But don’t beat yourself up
No

Nobody’s fault, as it turns out
But why do tears fall, fall every night?

Unhappy
Why does everybody leave me?

I’m so lonely
Is it caused by myself?

Someone help me
Inside, my mind is screaming

But I tell’em

That I’m fine

I know I’m lying

Nobody, nobody’s fault
But why do, why do my tears fall every night?
I cry in my heart

No texts, no calls
Slow waltz on the floor

I’m mad driving, mad running

Cuz I wanna forget
All that we said

I know it’s the last tie, of all the last times

Can’t keep this pain any longer

This spark can’t turn into fire

I wish you best, I wish you well
I wish me best, I wish me
That I’ll be letting, letting, letting go

It’s nobody’s fault

I’ll be letting go

I’ll be letting go

Unhappy
Why does everybody leave me?

I’m so lonely

Is it caused by myself?

Someone help me
Inside, my mind is screaming

But I tell’em

That I’m fine

I know I’m lying

Nobody body, nobody’s fault
But why do, why do my tears fall every night?
I cry in my heart

Everybody asks me how
I could write it, write all this sad shit like
Da ri ra ri la la

I’m caught up in the drama

Nobody, nobody’s fault
But why do, why do my tears fall every night?
I cry in my heart

Everybody asks me how
I could write it, write all this sad shit like
Da ri ra ri la la

I’m caught up in the drama",69
49,Unsent Letter,4BOUT (어바웃),"Writing words you will never see
Lines of love that won’t set me free
Love that lives but out of reach
Know that I cannot restart
How would I do without you

You told me there is no love
Can’t even touch or smell
Said you’re sick of my love songs
Begging for your love

But did you ever really love me tell me
Or was I just something so easy to leave
Now I’m alone with an unsent letter
I can’t read or return
Do you still think of me?

I found love in you
You found an exit in me
But it was love

Let me hold onto that belief
So I can move on
Without you
I’ll let you go

So please I’m asking you now
Was there something close to love?

You told me, I'm just too much
Sometimes I’m hard on you
But love was all I ever gave you
Was it in my mind

But did you ever really love me tell me
Or was I just something so easy to leave
Now I’m alone with an unsent letter
I can’t read or return
Do you still think of me?

I found love in you
You found an exit in me
But it was love

Let me hold onto that belief
So I can move on
Without you
I’ll let you go

So please I’m asking you now
Was there something close to love?",109
50,왜 날 사랑하게 만들어요?,siso(시소),"왜 날 사랑하게 만들어요
불안하게도 하고요
센치하게 만들어요

그대가 없는 동안에요
벌써 보고 싶게 만들어요
오늘 내가 좀 낯설어요
하루가 길어져요

왜 내 삶에 들어와
자꾸 못살게 굴어
또 허락 없이 내 맘을 쓴다면
나도 모르는 새에 내 마음이 커질 텐데

Why do you make me love you
그댈 보는 내 눈이 영롱해요
So why do you become everything to me

왜 날 사랑하게 만들어요
같은 마음이라면 표현해 줘요

있잖아 늘 외면하던 마음이 흐트러져
잡을 수 없이 네게로 간다면
더는 숨길 수 없는 마음을 들킬 텐데

Why do you make me love you
그댈 보는 내 눈이 영롱해요
So why do you become everything to me

왜 날 사랑하게 만들어요
같은 마음이라면 표현해 줘요

Why do you make me love you
그댈 보는 내 눈이 영롱해요
So why do you become everything to me

왜 날 사랑하게 만들어요
같은 마음이라면 표현해 줘요",939
51,Hear Me Out,SURAN (수란),"언제쯤에 날 알아볼까
수많은 날들을
차가운 네 곁에 맴돌다
오래도록 바라왔던 널
한참을 기다리다
이대로 눈 감으면

끝없이 부서졌던 내게
다가와 안아주던 네가 보여

You’re gonna hear me out
Just I wanna find me now
빛을 잃고 숨죽였던 난
이제 선명한 목소리로

You’ll just hear me out
You can never stop me anymore
소리 없이 사라졌던 날 들어줘
You’ll just hear me out

숨 막힐 듯한 이 어둠 속
말 못 할 비밀들
그 모든 진실은 감추고

잠시 길 홀로 헤매어도
외면했던 세상 앞에
주저 없이 고갤 들어

You’re gonna hear me out
Just I wanna find me now
빛을 잃고 숨죽였던 난
다시 선명했던 목소리로

You’ll just hear me out
You can never stop me anymore
멈추지 않고 벗어나
소리 없던 나를 찾아줘
Just hear me out

희미해진 흔적들 따윈 의미 없어
뒤돌지 않아 이 절망 끝에 난
흔들리고 무너져도 걸어가

You’re gonna hear me out
Just I wanna find me now
빛을 잃고 숨죽였던 난
다시 선명했던 목소리로

You’ll just hear me out
You can never stop me anymore
멈추지 않고 벗어나
소리 없던 나를 찾아줘

You’ll just hear me out
빛을 잃었던
짙은 안개 너머
You’re gonna hear me out
나의 목소리로
Just hear me out",354
52,Highway,KiMMi (킴미),"넘어져도 try
난 뛰고 있어 끝이 없는 Highway
I'm on ma way

여기 네온 사인
내일을 비춰줘 끝없는 Highway
I'm still dreamin

이 벽은 늘 내게 일어나라 해 Yeah
꿈인가 싶어 뺨을 쳐도 I'm still there
부모님은 내게 말했지
노력이란 말 다가 아니라 했지
과정이란 탑을 쌓아 결과는 몇 개
셀 수 없는 시련의 끝은 알 수 없네
다 알잖아 I'm okay babe
쓱 털고 일어나
뭐 어때

Too much i gotta say
but 말은 줄일게
잘 가고 있어
보여줄게 나의 내일
돌아가면 어때
눈 감지 못해 저 높은 정상위에
나를 꽂아

넘어져도 Try
난 뛰고 있어 끝이 없는 Highway
I'm on ma way

여기 네온 사인
내일을 비춰줘 끝없는 Highway
I'm still dreamin

꿈이란 봄 아니 꿈이란 보물
아직 조각을 찾아다니는 주인공
바람에 난 흔들리지 않아 미쳤지 폼
Left , Right 난 알아 길 잃은 Soul
Right 누가 알아줘야 돼?
Yeah 누가 믿어줘야 돼?
난 여기 홀로 서있어
내가 잘 알아 난 잘 가고 있어

Too much i gotta say
But 말은 줄일게
잘 가고 있어
보여줄게 나의 내일
돌아가면 어때
눈 감지 못해 저 높은 정상위에
나를 꽂아

넘어져도 Try
난 뛰고 있어 끝이 없는 Highway
I'm on ma way

여기 네온 사인
내일을 비춰줘 끝 없는 Highway
I'm still dreamin",28
53,Time And Time Again (With Jeon),DOF,"Our time has been faded
It will be repeated
Completley every moment
is disappeared

You know, it is changed
I know, that ain't be arranged
We know, It's already over
there is no clover

N-O mean no opportunity and
'Neo' is not for us
Domino, Something like, but
We know that cannot rebuild

But why do you keep having
these regrets and some mercy?
What's done is done, as you know
What's done is done

N-O is no opportunity and
'Neo' is not for us
Domino, Something like, but
We know that cannot rebuild

But why do you keep having
these regrets and some mercy?
What's done is done, as you know
What's done is done

woo-Ah
I can't pretending,
Can't get it anymore this situation
Ah
I just wanna end this time loop game

Losing our focus
Confusing is control us
Now time to let go, Otherwise
time and time again

N-O is no opportunity and
'Neo' is not for us
Domino, Something like, but
We know that cannot rebuild

But why do you keep having
these regrets and some mercy?
What's done is done, as you know
What's done is done

Domino, Something like, but
We know that cannot rebuild

But why do you keep having
these regrets and some mercy?
What's done is done, as you know
What's done is done",7
54,Before Sunrise,캠퍼 (kvmper),"기대하지 않은 날

받았던 너의 연락같이

스미듯이 내게 와

아무 말 없이 손잡고 있는

네게 다른 말들론 더

전할 수 없는 것들



함께 보낸 따뜻한 계절과 식은 바람 소리

하루 종일 걸었던 날에 만났던 노을까지

잠겼던 날 꺼내준 너였단 걸

I’m into you



감긴 눈을 뜰 때

우린 언제까지라도

함께할 수 있을 거라던

너의 말들을 기억해



매일 기다려 난

이번 주 너에게로 가는 날이 다시 오기만

너와 마주 보는 밤을

내가 다른 그 많은 순간을 가질 수 있게 된대도

바꾸지 않을 거야



함께 보낸 따뜻한 계절과 식은 바람 소리

하루 종일 걸었던 날에 만났던 노을까지

잠겼던 날 꺼내준 너였단 걸

I’m into you



함께 보낸 따뜻한 계절과 식은 바람 소리

하루 종일 걸었던 날에 만났던 노을까지

잠겼던 날 꺼내준 너였단 걸

I’m into you",29
55,소심남녀,아이드플레이,"무슨 말을 해야 하나 그대 곁을 서성이다
맘이 또 참 어려워져 도망치듯 지나치고
한참이나 고민고민 어찌할 바 몰라해도
머릿속엔 그대 생각 종일 온통 그대 생각

괜히 그냥 미안해요 들킬까봐 맘 졸이고
아무래도 안되겠죠 힘없이 돌아서네요
떨리는 내 목소리에 그대 왠지 당황할까봐
아무것도 안할래요 이렇게 바라만 볼께요

운명같은 우연처럼 자꾸 그댈 마주치고
드라마나 영화속의 주인공이 된 것 같아
괜히 혼자 들떠 있다 두근 두근 설레이고
이럼 안돼 이럼 안돼 맘을 애써 추스리죠

괜히 그냥 미안해요 그대 땜에 맘 졸이고
티가 나면 안되니까 난 먼발치가 좋아요
어색한 내 표현으로 그대 맘 어지럽힐까
때가 되길 기다려요 그대 내게 다가 오겠죠

한숨 짓다 끝날 사랑 아니라고 믿을께요
오만 가지 걱정 근심 다 부질 없는 일인데

괜히 그냥 미안해요 자나깨나 맘 졸이고
오늘도 난 바보처럼 또 다시 돌아서네요
한걸음 더 다가서면 그대 나를 밀어낼까
아무것도 안할래요 나 홀로 사랑할거에요
그댈",0
56,Pick up UR Phone,Jaewoo,"시간이 됐어
어디로든지 가고 싶어
너를 볼 때 난
왜 아무 말도 못 하는 거야

너가 내게 다가오면
나는 아무 말도 못 하게 돼
얼만큼 생각한 지도 모르겠어
너에게 무작정 달려가

긴 밤을 지새도록
너만 생각해 난 어떡해
이 밤을 보내기 전에
너에게 연락해 볼 수 있을까

Pick up Your Phone
You got me thinkin bout you like
Pick up Your Phone
You got me thinkin bout you like
Pick up Your Phone
내 머리 속을 자꾸 어지럽게 해 널 밀어낼 순 없어

Pick up Your Phone
You got me thinkin bout you like
Pick up Your Phone
You got me thinkin bout you like
Pick up Your Phone
내 머리 속을 자꾸 어지럽게 해 널 밀어낼 순 없어

이랬다 저랬다 미치겠어
너만 생각나는 난 어떡해
하루 종일 눈에 아른거려 넌
너 때문이잖아 다

시간은 또 왜 이렇게 빠른지
이러다 또 하루가 다 가겠지
언제까지 이러고만 있을 수는 없어

긴 밤을 지새도록
너만 생각해 난 어떡해
이 밤을 보내기 전에
너에게 연락해볼 수 있을까

Pick up Your Phone
You got me thinkin bout you like
Pick up Your Phone
You got me thinkin bout you like
Pick up Your Phone
내 머리 속을 자꾸 어지럽게 해 널 밀어낼 순 없어

Pick up Your Phone
You got me thinkin bout you like
Pick up Your Phone
You got me thinkin bout you like
Pick up Your Phone
내 머리 속을 자꾸 어지럽게 해 널 밀어낼 순 없어",9
57,그때거기서있을까 (Prod. TAKIE),머치 (MUCH),"잠깐만 멈춰 봐 네가 들을 거 알아
알고 있잖아 네 얘기들 뿐일 거
그리도 뱉어내던 네 흔적들로만 나
내 일상을 확 채우고 싶어

조금만 더 더 참고서 널 안아 줬어야 해
조급한 마음까지도 꾹 참았어야 돼
내가 널 더 좋아했잖아 바뀌었어야 했는데
여전해 미련하대 난 더 더 더

Whoa 한번만 더 같이 걷자
Whoa 그때 거기 서 있을까
자꾸 난 꼭 그대로야 또 너만 맴돌다가 또
그때의 우리에 머무르다 가

어제는 또 네 생각이 불쑥 나더라
아무한테도 들키지 말았으면 해
넌 더 못된 사람이었음 해 편히 미워할 수 있게
야 그게 참 난 안 돼

아무나 다 막 쫓다가 널 놓쳤었는데
하루만 더 있어 달라고 꽉 잡았어야 해
내가 더 매달렸잖아 그럼 안 됐을 텐데
여전해 미안한데 난 더 더 더

Whoa 한번만 더 같이 걷자
Whoa 그때 거기 서 있을까
자꾸 난 꼭 그대로야 또 너만 맴돌다가 또
그때의 우리에 머무르다 가

Whoa 하루만 더 같이 있자
Whoa 돌아봐도 난 아닐까
한두 번도 아니잖아 또 너만 뱉었다가 또
난 근데 너만 찾아다니잖아",13
58,ㄱㅓ리에서…(Street Carol...)(With 존박),YOUNG POSSE (영파씨),"Hey, it’s that time of year again
The snow’s falling, the lights are shining,
but it’s not about the presents or the glitter
This Christmas,
there’s only one thing I want.

정말 이상한 기분이야
왜 눈이 내리면
아이처럼 이렇게 설레는 걸까?

Oh my 새하얀 거리 위
반짝이는 불빛들
보석보다 shine
24 karat gold보다 brighter, woah

소원이 하나 있다면
Listen to me, now
Slip n slide, ride or die 루돌프처럼 내게로 와
함께 하고픈 크리스마스 이브

하얀 눈, 하얀 마음, 선물 같은 night
빨간 리본을 풀면
너로 가득하길, 두 손 모아 기도해
So tell me

착한 아이, 나쁜 아이 아실테니까
하루 밤만 자고 나면
너로 가득하길, 눈을 감고 소원을 빌어
ㄱㅓ리에서…

That's right, we're going down tonight
얼어붙은 neck & wrist (꽁꽁)
Shinin’ but cold as hell (우우우)
Like I’m in a freezer (Ice)
Need u baby where u at? (brr)
Diamond ring, brand jeans, mercy
다 필요 없어 나는 오직 너만 있음 돼
Didnt cry 사실 몇 번은 울었지만
그건 그냥 없던 일로 해 my babe

뻔한 말 같겠지만 네가 선물 같아
두번째 겨울에도 너의 손을 잡아
You & I, 뭐가 더 필요해
함께 있는 이 순간

소원이 하나 있다면
Listen to me, babe
Slip n slide, ride or die 루돌프처럼 내게로 와
함께 하고픈 크리스마스 이브

하얀 눈, 하얀 마음, 선물 같은 night
빨간 리본을 풀면
너로 가득하길, 두 손 모아 기도해
So tell me

착한 아이, 나쁜 아이 아실 테니까
하루 밤만 자고 나면
너로 가득하길, 눈을 감고 소원을 빌어
ㄱㅓ리에서…",551
59,Someone,민지운 (Min Jiwoon),"많은 걸 바라지도 않아
다른 건 필요없다 해도
나눠줘 너의 온기를 더
말해줘 내게 확신을 줘 넌

I’m not hard to please, no
All I need is simple
A true friend to keep close
늦은 밤 전화할 사람을 찾아
Diamond rings, shiny stuff
시간이 지나면 다 부질없어
Someone I can lean on
would be enough

Someone
who loves me just because
Someone
who brings out the best in us
Someone
who shows they care
There gotta be somebody
Is that too much
It’s all I’m really asking for

When I’m down,
need to pick me up
Who’s around to be the one
to make things a bit easier
막 왔다갔다
반복하는 내 성격에도
넌 가타부타
하지말고 날 껴안아줘

Need a buddy,
one who doesn’t judge me,
someone I can run to
I can’t be the only

When you’re having fun
the days don’t feel as long
so when I’m all alone
I need someone
to be there for me

Someone
who loves me just because
Someone
who brings out the best in us
Someone
who shows they care
There gotta be somebody
Is that too much
It’s all I’m really asking for

Someone
who can keep me company
Someone
who can keep me company",322
60,대관람차 (feat. 남동현),Yyeon,"이 방을 나와 밝음으로 채웠던,
날 사랑이라 부른 널
다신 놓지 못해
널 혼자 두지 못해
다신 놓지 못해
널 혼자 두지 못해
How are you?
I love you and then you?
I love you too
Where are you?
I love you and then you?
How are you?
I love you and then you?
I love you
Where are you?
I love you and then you?
지옥같은 시간에서 벗어나야 해
시간의 끝에 서서 우리는 반복돼야 해
다시 날 안아줘
그 날로 날 돌려줘
다시 날 안아줘
그 날로 날 돌려줘
많이 다투었지 우리 그 때
서로는 서로가 미웠던 거지
그래도 우리는 밀지 못했지
그 때는 우리가 서로의 cherish
매일 밤마다 아팠었던,
매일 나보다 나빴던 널
떨쳐내지를 못 해
이 방을 나와 밝음으로 채웠던,
날 사랑이라 부른 널
다신 놓지 못해
널 혼자 두지 못해
다신 놓지 못해
널 혼자 두지 못해
How are you?
I love you and then you?
I love you too
Where are you?
I love you and then you?
How are you?
I love you and then you?
I love you
Where are you?
I love you and then you?
아직 떠나가질 못해
네가 사는 세상을
또 만나길 바래
이 시간의 굴레 속에서
마치 지우지 못할 너는 Time Loop
이전과 같이 뱅뱅 도는 대관람차 같이
Where are you?
I love you and then you?
함께 지나왔던 것들을 되뇌여 So i miss you
How are you?
I love you and then you?
미처 내뱉지 못한 말들 사랑해 So i love you
이 방을 나와 밝음으로 채웠던,
날 사랑이라 부른 널
다신 놓지 못해
널 혼자 두지 못해
다신 놓지 못해
널 혼자 두지 못해
How are you?
I love you and then you?
I love you too
Where are you?
I love you and then you?
How are you?
I love you and then you?
I love you
Where are you?
I love you and then you?
How are you?
I love you and then you?
I love you too
Where are you?
I love you and then you?
How are you?
I love you and then you?
I love you
Where are you?
I love you and then you?
이 밤을 나와 밝음으로 채워
우주를 함께 그렸었던 너를
다신 놓지 못해
널 혼자 두지 못해
다신 놓지 못해",155
61,연애의 시작,g0nny (거니),"자꾸 얼굴이 빨개져
심장이 떨려
기분 좋아 널 볼 수 있어서
미소가 예쁜 너
부드러운 말투까지
모두 맘에 들어 완벽해
널 알게 된 그 순간
자꾸 웃음이 나왔어
목소리가 예뻐 느낌이 너무 좋았나봐
사랑에 빠진 걸까
아무것도 난 할 수 없어
미쳤어 미쳤어 온통 네 생각뿐이잖아
번호를 누르다 지우다가
어쩔 줄 모르는 날 보며
바보처럼 두근두근
숨은 새근새근 널 사랑하고 싶어
자꾸 얼굴이 빨개져
심장이 떨려
기분 좋아 널 볼 수 있어서
미소가 예쁜 너
부드러운 말투까지
모두 맘에 들어 완벽해
소리 없이 다가가
네 연인이 되고싶어
다 잘해줄 거야
너 때문에 미칠 것 같아
너를 위해서라면
맛있게 요리도 해줄게
너에게 완벽한 행복을 선물하고 싶어
내 눈 너만 보면 좋은가 봐
상상만 해도 행복해
한순간도 너 없이는 살아갈 수 없어
이미 넌 내 거니까
자꾸 얼굴이 빨개져
심장이 떨려
기분 좋아 널 볼 수 있어서
미소가 예쁜 너
부드러운 말투까지
모두 맘에 들어 완벽해
자꾸 얼굴이 빨개져
심장이 떨려
기분 좋아 널 볼 수 있어서
미소가 예쁜 너
부드러운 말투까지
이렇게 널 바라보다
꿈처럼 느꼈던 순간
너를 사랑하게 된 거야",272
62,Valentine,coldnight,"말없이 걸을까 아무일 없는것처럼
그럼 그 누구도 모를거야
애태우던 날에 우리는 이제 없겠지만
널 위한 작은 어린밤이 될게

always my love for you
ain’t goin nowhere
언젠가 내게 우연히 왔던 그날처럼
또 아무일 없는 것처럼 그렇게 나를 불러준다면
눈을 감으면 지나버릴 장면처럼

그래 너는 항상 느닷없이 날 더 삼키곤 해
보이지 않는 장면으로 또 들리지 않는 말로
우린 영원속에 언젠가 다 사라져간대도
I’ll be here
I’ve been dreamin’ of you

always my love for you
ain’t goin nowhere
언젠가 내게 우연히 왔던 그날처럼
또 아무일 없는 것처럼 그렇게 나를 불러준다면
눈을 감으면 지나버릴 장면처럼",31
63,Need a Christmas,Hardy,"흰 눈 쌓인 거리 위
모두 함께인데
오늘도 나 혼자
보내고 싶진 않아

난 매일 밤 잠들기 전
두 손 모아 기도했죠
마법처럼 찾아올 사랑을
Christmas magic for me baby

Maybe, I believe I'm doing it right
So I've made a wish to Santa every night
Oh I don't wanna cry because of love
Promise me
Take your time
I'll be your shine
Make you smile
I'll be your sky
Every end of year
Need a Christmas Day
with you

You are my Christmas Day
When you walk down
I can't hide the smile on my face
Now I know
Where to go
You are my one and only
Got me feel so holy
I don't wanna fall asleep though I'm so tired
We can talk about our life all night
Now you know
What I know
We need a Christmas day tonight

Maybe, I believe I'm doing it right
So I've made a wish to Santa every night
Oh I don't wanna cry because of love
Promise me
Take your time
I'll be your shine
Make you smile
I'll be your sky
Every end of year
Need a Christmas Day
with you

Christmas lights are shining
with our favorite dining
In the night we'll find where Santa's flying
oh oh oh
writing down the Christmas cards
I'll still be there with you next time
If you let me stay there
I won't let you down

Maybe, I believe I'm doing it right
So I've made a wish to Santa every night
Oh I don't wanna cry because of love
Promise me
Take your time
I'll be your shine
Make you smile
I'll be your sky
Every end of year
Need a Christmas Day
with you",39
64,SNOW,JISU PARK,"흰 눈이 좋아
Everything feels so right
바라왔던 소원
이뤄질 것 같아

White of Love
첫눈 내리면
제일 먼저 네가
보고 싶어

With you by my side
we light up the dark
추운 겨울이 와도
너의 손을 잡고 걸으면
어둡던 세상이 하얗게 번져
It's a love that feels so right

Snow, in the snow
our love lights the way
새하얀 눈을 맞으며 걸어갔어

Snow, in the snow
we find our love
너와 함께 하는 겨울에 난 행복해져
이 겨울에 난 행복해져

목 도릴 두르고
손을 잡고
눈 꽃길을 걸어
발자국을 남겨

White of Love
녹지 않는 사랑을 새겼어
Love Forever More

With you by my side
we light up the dark
추운 겨울이 와도
너의 손을 잡고 걸으면
어둡던 세상이 하얗게 번져
It's a love that feels so right

Snow, in the snow
our love lights the way
새하얀 눈을 맞으며 걸어갔어

Snow, in the snow
we find our love
너와 함께 하는 겨울에 난 행복해져

따스한 감정 느껴지는 겨울
넌 네게 커다란 선물
이 겨울이 끝이 나도
너의 곁에 있을게

Snow, in the snow
our love lights the way
새하얀 눈을 맞으며 걸어갔어

Snow, in the snow
we find our love
너와 함께 하는 겨울에 난 행복해져
이 겨울에 난 행복해져",36
65,한국젊은이,정재승,"hey 거기 예쁜 친구
우리랑도 한잔하자
너랑 한잔하게 되면
오늘 밤은 끝내 주겠네

외로워 죽겠어
밤 이 짧아 뜨기 전
알코올 부어 oh yeah
예쁘잖아 oh yeah
이 밤 진짜 존나 아름답네 2차 가재

먹다 보니 또 딴 생각
취할 땐 생각이 많아서 미안해 미안해
예술가여 나는 진짜

널 앞에 두고도 메모장을 켜서
가살 적네 pussy 그만 하래 핸드폰
눈빛이 따갑네 오늘 밤 참 좋네

아직 못 보내
아직 달빛 밤이 너무 짧네
건모 형도 본 그 달이
내게도 보이네 자주

마시고 붓고
젊은이 몇 이
시간은 몇 시
처량할 틈도 없이",8
66,DROWNING.,Dear.,"[가사 준비중] 멜론 회원 여러분! 가사 등록을 기다리고 있어요.
가사등록하기",0
67,투시 (To See) (Feat. SAVVY),XIVNE,"Can’t you be my lover
Now i’m a sober
Feeling like i’m Vert
I cancel my whole wide
just to gain your trust
Bixxh love your outline
하고싶어 너의 맘을 투시
I’m a Brancusi
Sleeping muse 넌
Getting new inspiration
모든 Motivation
Pouring a Henessy
He has you, what?
똑바로 보지 못하는 게 나의 죄이니
We need a X-Ray
만약 EXIT 보였다면 달랐겠지
But 지금 Shady 같은 나의 위치 Comma
We Comma
조금만 더 쉬었으면 좋겠어
속보이기 전까진

Can’t you be my lover
Now i’m a sober
Feeling like i’m Vert
I cancel my whole wide
just to gain your trust
Then come over and just stargaze
So tell me what you want
I can give it all my time
I can Woo Woo Woo Woo Ah


Tell me the truth you gotta
Tell me your heart
Take me to the moon
데려다 줘 Star
Do you wanna take my love ?
Do you wanna take my heart ?
Wah oh oh yeah
나를 원한다면
어서 날 붙잡아
말해 Would you be my love
가끔은 너의 맘을 투시
못해도 I already know it
Yeah I already know it
You already know that
Oh oh oh

Can’t you be my lover
Now i’m a sober
Feeling like i’m Vert
I cancel my whole wide
just to gain your trust
Then come over and just stargaze
So tell me what you want
I can give it all my time
I can Woo Woo Woo Woo Ah",3
68,Your last one is me (너의 이유가 나니까),규빈 (GYUBIN),"자신 없어

자신 없어

자신 없어

널

어쩌면 나 이렇게
죽을지도 몰라

어쩌면 죽을지도 몰라
자신이 없어

자신이 없어
자신

자신이 없어",0
69,Solitude,MAX SEOK,"[가사 준비중] 멜론 회원 여러분! 가사 등록을 기다리고 있어요.
가사등록하기",0
70,T가 나잖아 Speed up,키링(KeyR),"나잖아 나잖아 티가 나잖아
숨기려 해도 다 보이잖아
한 걸음만 더 다가가 손 내밀어도
잡힐 듯 말 듯 멀어지는 너

꿈에서도 나타나
너와 손잡는 순간
널 보고만 있어도 웃음이 나와서

한 번 더 물어봐 오늘 아니면
내일은 어때 my babe
I have nothing but you

(Fallin' in love)
I just wanna know your mind
(Fallin' in love)
서로 같은 마음이 아니라면
(Fallin' in love)
please just keep it to yourself 이대로도
I have nothing but you

나잖아 나잖아 티가 나잖아
숨기려 해도 다 보이잖아
한 걸음만 더 다가가 손 내밀어도
잡힐 듯 말 듯 멀어지는 너

I just need you to know that I’m
always waiting for you
넌 또 무심하게 내 맘에 들어와
아무렇지 않게 또 넌
오늘은 바쁘다고
(I’m sure)
You play with me

(Fallin' in love)
I just wanna know your mind
(Fallin' in love)
서로 같은 마음이 아니라면
(Fallin' in love)
please just keep it to yourself 이대로도
I have nothing but you

나잖아 나잖아 티가 나잖아
숨기려 해도 다 보이잖아
한 걸음만 더 다가가 손 내밀어도
잡힐 듯 말 듯 멀어지는 너",2
71,알아보겠니 (2024),지율,"알아보겠니 내가 너의 전부란 건 알아줘
보법이 달라 쟤네랑 난 다시 전화줘
cry baby, i'm on your side baby
don't fye, don't leave me baby, i need your touch baby

알아보겠니 내가 너의 전부란 건 알아줘
보법이 달라 쟤네랑 난 다시 전화줘
cry baby, i'm on your side baby
don't fye, don't leave me baby, i need your touch baby

아쉬워 난 오늘도 아쉬워 난 어제도
how many more moments until it’s over?

알아보겠니 내가 너의 전부란 건 알아줘
보법이 달라 쟤네랑 난 다시 전화줘
cry baby, i'm on your side baby
don't fye, don't leave me baby, i need your touch baby

알아보겠니 난 너의 전부란 걸
보법이 달라 쟤네랑 난 다시
알아보겠니 난 너의 전부란 걸
보법이 달라 쟤네랑 난 다시, 다시, 다시

알아보겠니 난 너의 전부란 걸
보법이 달라 쟤네랑 난 다시
알아보겠니 난 너의 전부란 걸
보법이 달라 쟤네랑 난 다시, 다시, 다시

멋있는 척하고 싶었는데
멋있는 척하고 싶었는데
멋있는 척하고 싶었는데
아무렇지도 않은 줄 알았는데

멋있는 척하고 싶었는데
멋있는 척하고 싶었는데
멋있는 척하고 싶었는데
아무렇지도 않은 줄 알았는데",5
72,잔,VENI RAIN,"난 너무 잘 지내고 있어
맥주 한잔이면 난 널 잊어버리고
곧 넘어질 것처럼 서 있어
또 잔을 채우고 있고 내 생각 멈추고 싶어

난 너무 잘 지내고 있어
맥주 한잔이면 난 널 잊어버리고
곧 넘어질 것처럼 서 있어
또 잔을 채우고 있고 내 생각 멈추고 싶어

끊겨진 너의 소식
길 가다 닮은 모습에
우연찮게 것 때문에 떠올랐잖아
너 요즘 뭐하니

맥주 한잔할래?
그럼 그 앞으로 올래?
그냥 너가 떠오른 거야 딴생각 안 해

난 정말로 아무것도 안 바라
그냥 너가 오늘 밤에
마셔줬으면 하는 거야 나와 함께

난 정말로 아무것도 안 바라
그냥 너가 오늘 밤에 떠올랐던 거야 딴생각 안 해
last shot for my memories

난 너무 잘 지내고 있어
맥주 한잔이면 난 널 잊어버리고
곧 넘어질 것처럼 서 있어
또 잔을 채우고 있고 내 생각 멈추고 싶어

난 너무 잘 지내고 있어
맥주 한잔이면 난 널 잊어버리고
곧 넘어질 것처럼 서 있어
또 잔을 채우고 있고 내 생각 멈추고 싶어",1
73,MUDA LANCER,에이상 (AY SANG),"spot when you walking through here
baby so fine that I almost got sear
I’d be like “why you so shine?” yeah yeah
looking bigger then life
fine girls all around me
but you got power that pullin’ down me
baby you better than life
you’re one of a kind

when you doin’ that eyes
my heart just get fried
yeah yeah yeah
I’m feeling so numb so
come on shawty let’s vibe
let me be on your side my dear
come on shawty just slide
spread love all on me

I don’t know what just got in to me
tell you to slide on me like Toosie
love you so blind I’m singing oui
girl what you’d say now

I’m taking these shots ‘cuz you’re the cupid
baby look cutest with her two piece
baby will you come with me tonight
or let’s just vibe it’s fine

I’m taking these shots tonight
dancin’ on me too fine
got me so free yeah
when you with me yeah

pull up with the girls fade with me
said you wanna do make it real
give you all my love take it free

high on the cloud don’t wanna fall down
you staring at me and everthing stop
cupid angel came through cloud
jusy got lost but you that I found

when you doin’ that eyes
my heart just get fried
yeah yeah yeah
I’m feeling so numb so
come on shawty let’s vibe
let me be on your side my dear
come on shawty just slide
spread love all on me

I don’t know what just got in to me
tell you to slide on me like Toosie
love you so blind I’m singing oui
girl what you’d say now

I’m taking these shots ‘cuz you’re the cupid
baby look cutest with her two piece
baby will you come with me tonight
or let’s just vibe it’s fine",1
74,지안,외투,"내 작은 세상이 오늘
또 나를 밀어 멋대로
부둥키고 조여
언제 와 같이
끝일 것 같지
끝나지 않지
이젠 익숙해졌지

눈을 떠버리면 살아 지금을
잠에서 일어난 죄를 받나
그런가 봐
움직이지 못할 만큼 다시는
사라지지 못할 만큼 다
쏟아 내면 어떻게 든 부디

계속 바라보고 있으면 나아
주저앉아 듣고 있을게 핑계라도
나는 사라지고 당신이
보이는 만큼 보게 되니까
들리는 만큼 듣게 되니까

현실과 같지 않은 현실에
(돌아 볼 시간조차 없기를)

나란 몸 하나만 땅에 묶여
(이마저 쓸려 흩어졌으면)

자국 하나 눌린 흔적 없이
전부터 나에게는 없었나
나를 위해 물어주는 맘

계속 바라보고 있으면 나아
주저앉아 듣고 있을게 핑계라도
나는 이미 없고 당신이

존재 자체가 죄인 나예요
갈 수 없어요
감히 그 세계 디딜 꿈조차
내겐 없어요
만약 있다면 이런 나지만

그냥 바라보기만 할게 너를
다른 사람이 없더라도 도망쳐도
당신이 행복할 수 있다면
그걸로 나는 충분하니까
당신으로 또 버틸 거니까
그거면 나는 충분하니까",2
75,X (feat. 박현우 & 예림),FLUID,"how could you leave me baby
i need you by my side
your love is done
but you still on my mind

i should forget what we had
but it keeps floating lately
no

every day before
i met you always dawn
make me know if i
didn’t notice your sign

maybe i was numb
i miss you baby all about you baby

baby baby
I’m feelin lonely lonely
I’mma hold your hand
not to let you go away

baby baby
i cannot take this pain
now without your love
now without your love

how could you name me baby
you got the reasons why
my love is done
and you won’t know my mind

I did forget what we had
how many times you play me
no

every day with you
it was not love it hurts
can’t be loved if you
really show me your heart

maybe i was dumb
about you baby don’t come around baby

baby baby
I don’t feel lonely lonely
ain’t what you want from me
will i say it one more again?

baby baby
you could be complicated
now without your love
now without your love

baby baby
I don’t feel lonely lonely
I’mma hold your hand
will i say it one more again?

baby baby
i cannot take this pain
now without your love
now without your love",89
76,"부재중전화 (Feat. BUNNY, Finn)",hills,"It’s two-thirty in the morning
don’t wake me up, oh
나를 잘 알면서 또
꺼놔 난 폰

It’s two-thirty in the morning
don’t wake me up, oh
다칠 걸 알면서도
흔들려 계속

I still have your faded shirt
그만할 때도 된 것 같지만
돌아갈 수 없단 걸 알아 난
go away 저 멀리 go away

Missed call
빨간불이 들어왔고
난 비행기를 모드를 켰어
내 대답은 항상 no

내 심장에 보이는 hole
걘 메꾸려 하지 이걸
망가져있어 my heart
일부로 꺼버려놨지 내 phone

하루를 바쁘게 살지
보내지 마 don’t text me
최근에 너를 봤지
하나 달라진 게 없지

깨어났어 똑같이
늘 비슷한 내 아침
쌓인 전화들을 확인
그만뒀으면 해 알지

it’s two-thirty in the morning
don’t wake me up oh
나를 잘 알면서 또
꺼놔 난 폰

it’s two-thirty in the morning
don’t wake me up oh
다칠 걸 알면서도
흔들려 계속

I still have your faded shirt
그만할 때도 된 것 같지만
돌아갈 수 없단 걸 알아 난
go away 저 멀리 go away

city on the light
오지 않는 밤
deep deep
나는 또 여길 헤매고

city on the light
오지 않는 밤
울려 around the clock
지긋지긋하잖아

이미 늦은 거 알고 있잖아
내 프로필 뮤직 아냐 니 얘기

이 노래 들으면 전화하지마
이건 맞아 니 얘기

it’s two-thirty in the morning
don’t wake me up oh
나를 잘 알면서 또
꺼놔 난 폰

it’s two-thirty in the morning
don’t wake me up oh
다칠 걸 알면서도
흔들려 계속

I still have your faded shirt
그만할 때도 된 것 같지만
돌아갈 수 없단 걸 알아 난
go away 저 멀리 go away",3
77,BREATH,Kaito,"Baby, you're so fire when you smiling
Taking my breath with your body.
I will stay
By your side
For as long as I breathe
Baby, you're so fire when you smiling
Taking my breath with your body.
I would stay
By your side
For as long as I breathe.

For you, I'll be a guardian.
Oh, why so blue, my darling?
Don't be tricked by depression,
That's how I keep myself so fine (fine)
I wanna kiss you slowly
Oh, you always drag me down
(Oh-Oh-Oh)

Baby, you're so fire when you smiling
Taking my breath with your body
(breath with your body, yeah)
I will stay
By your side
For as long as I breathe

Call me whenever you wanna play it
Pull up to my side, I'll be waiting
Take a deep breath yeah,
Take it easy, it's not hard
We don't need to talk too much
Notice without any action
It's alright

Baby, you're so fire when you smiling (smiling)
Taking my breath with your body (Oh)
I will stay (stay)
By your side
For as long as I breathe
Baby, you're so fire when you smiling (smiling)
Taking my breath with your body (Oh)
I would stay
By your side
For as long as I breathe",5
78,돌아,ERYK,"아무리 너를 잊으려 해봐도
시간은 그저 흐르기만 할 뿐
그날의 너는 어떻게 왜
선명하게 남아있어
나는 오늘도 하루를 망치고
너의 흔적을 따라가고 있어
너는 아무렇지 않게 살아가고 있겠지 그렇게
하고 싶은 말이
내 안에 남아 썩어가고 있어
오 제발 돌아와줘

Tell me

이게 전부 꿈이라면
정말로 좋겠어
조용해진 대화는 너무
시끄러워,
Now Bring it back
이런 날도 있겠지 하며
Right on the track.
Oh
어느 땐 괜찮다고 느껴 또
And right back on the feeling that I had before
No

Is it this way or that way
Cos I can’t never seem to figure out
Is it your way or my way
Who let this shit go side ways",1
79,Dreamland,Milka,"I stepped into a word unknown
Freedom led me alone
But soon my heart began to feel
I belong with here
Trust that we will be fine
All hurt heal with time
In this virtual space I found
A beauty that’s more than the mind

So how does the time flied
Please don’t leave me alone
An otome game a path to soul
That’s my dreamland
They are always in my heart
Miracles happen here
Just like the shining stars
All my troubles are gone

You can take me to anywhere
Hold my hand till sun goes down
All of my heart I’ll care
All of my heart I’ll love

I stepped into a word unknown
Freedom led me alone
But soon my heart began to feel
I belong with here
Trust that we will be fine
All hurt heal with time
In this virtual space i found
A beauty that’s more than the mind
So how does the time flied
Please don’t leave me alone
An otome game a path to soul
That’s my dreamland
They are always in my heart
Miracles happen here
Just like the shining stars
All my troubles are gone

You can take me to anywhere
Hold my hand till sun goes down
All of my heart I’ll care
All of my heart I’ll love",0
80,Daily Very Delicious (winter ver.) (with. 그렉),L.M,"오늘 날씨는 맑음
우리 기분도 밝음

월 화 수 목 금 토 일
함께해 행복한 하루

입안 한 가득 퍼지는
신선한 이 시간

Daily Very Delicious
시작해 맛있는 발견

슝 하고 떠나볼까
새콤달콤 여행을

Click하고 담아볼까
설렘 가득 한끼를

우리 식탁 위를
알록달록 색칠해보자

Daily Very Delicious
빨 주 노 초 파 남 보

지글지글 또 보글보글
코 끝을 간지럽히는 찌개 향기

파 송송 계란 탁
케첩으로 Smile 계란 말이

맛있어져라 단짠단짠
마법의 주문을 외워볼까?

사랑이 듬뿍
우리 만의 알콩달콩 웃음 레시피

오늘 날씨는 맑음
우리 기분도 밝음

월 화 수 목 금 토 일
함께해 행복한 하루

입안 한 가득 퍼지는
신선한 이 시간

Daily Very Delicious
시작해 맛있는 발견",7
81,Give Me Some,Sookyoung,"[가사 준비중] 멜론 회원 여러분! 가사 등록을 기다리고 있어요.
가사등록하기",1
82,Swim for star,Loove,"두 손 꼭 움켜쥔 하얀 모래알들같은
금새 쥐고있을 이율 찾지못해
내 모든 반짝이는 것과
네가 말했던 “hope in your heart""
난 다시 헤매이는 걸

내 힘은 어디에 있을까
또 발끝을 쫒아 발자국모양만 따라가
(swim for that star)
내 빛은 어디쯤 있을까
I'll dive into the night
and going to swim towards that star.

난 눈을 감고 더 깊게 가라앉아
날 지휘하지 못하게 어둠 속, 그 어딘가로
어두운 곳에선 보이지
불확실한 미래라 해도
I need the darkness in my life

내 꿈은 어디에 있을까 또 발끝을 쫒아
발자국모양만 따라가
(swim for that star)
내 빛은 어디쯤 있을까
I'll dive into the night
and going to swim towards that star

더 짙은 색으로 칠해. Look at your sky
이젠 보이니 저 어두운 밤 하늘 속
(밝게 빛나 my little star)
날 사랑했던 모든 눈빛처럼
푸르른 색으로 칠한 My precious garden
내가 심어 논 나무, 나의 작은 숲 속
(더 자라나 내 모든건)

My hope is my love, my dream and your heart
can I shine like that?
What is my color?
I'm asking myself
who I am. who I am.

더 짙은 색으로 칠해. Look at your sky
이젠 보이니 저 어두운 밤 하늘 속
(밝게 빛나 my little star)
날 사랑했던 모든 눈빛처럼
푸르른 색으로 칠한 My precious garden
내가 심어 논 나무, 나의 작은 숲 속
(더 자라나 내 모든건)
My hope is my love, my dream and your heart

(My light is in my life)
더 짙은 색으로 칠해. Look at your sky
이젠 보이니 저 어두운 밤 하늘 속
(밝게 빛나 my little star)
내가 사랑했던 모든 눈빛처럼
푸르른 색으로 칠한 My precious garden
내가 심어 논 나무, 나의 작은 숲 속
(더 자라나 내 모든건)
My hope is my love, my dream and your heart.",17
83,Fade,나강민,"You pulled me in, now it’s cold,
Craving your touch, feeling bold.
When we were close, it felt like a dream,
Now it’s falling apart, tearing at the seam.

It’s colder now
So we’re drifting far
Don’t let us fade, don’t kill the light.

And I’m feeling so lost, like a dream that won’t set me free,
Do you feel my love, fading easily?
It’s like a swamp in the dark, dragging me so deep.

And I’m sinking so low, like I’m lost in a quiet sea,
Do you feel this love, slipping out of place?
Just want your touch, babe, don’t leave me in this space

I lie awake at night, thinking only of you,
Your voice in my mind, pulling me back right through.
We were a fire, burning bright and true,
Hold me closer, babe.

It’s colder now
So we’re drifting far
Don’t let us fade, don’t kill the light.

And I’m feeling so lost, like a dream that won’t set me free,
Do you feel my love, fading easily?
It’s like a swamp in the dark, dragging me so deep.

And I’m sinking so low, like I’m lost in a quiet sea,
Do you feel this love, slipping out of place?
Just want your touch, babe, don’t leave me in this space

Come back
Don’t hold back",3
84,"Wings (Feat. slchld, Seori)",Cosmic Boy,"Slow Sunday mornings
Half open curtains
Pouring rays of sunlight
Tearing all my worries of
Last night
I don’t remember much
But I know I can’t rewind

Back to the days where
We got a little freaky in the morning
Taking in the sun when we’re tired of holding
Each other while we look towards the sky
This love of mine has always been your right
So take it again and fly

Take these wings of mine
When I say it’s all okay
Just know that I can’t stay with
You, I need some time
To myself me all alone
Hope you know that I’m still

Honestly I'm still feeling strange
새 계절이 찾아올 때면
무심결에 또 너를 찾아내어
괜히 네 이름을 불렀다가 또
이내 다가온
어설픈 감정들이
왜 이리 별로인지

나를 떠나간
시간을 용서해
어차피 우리는
최선을 다했으니까
그땐 어렸던 걸까
어려웠던 거였나
일상에서 널 덜어내는 과정인 걸까

Take these wings of mine
When I say it’s all okay
Just know that I can’t stay with
You, I need some time
To myself me all alone
Hope you know that I’m still","1,131"
85,Dancing With The Night,Jimmy Brown,"lost in the stars
far from the noise
여기 나 혼자
나 홀로 있어
시간은 느리게 가 훨씬
산소가 부족하지 않지
해도 충분히 들어 온기
혹시 몰라 별 위에 편지

하나 둘 셋 돌아가는 시계추
이젠 모든 게 다 환해지는 순간들

I’m dancing with the night
I’m dancing with the night
밤하늘에 손이 맞닿아
그곳은 어떨까 하는 상상
I’m dancing with the night
I’m dancing with the night
오 너를 향한 맘을 담아
이젠 둘만의 춤을

lost in the stars
far from the noise
내가 보낸 편지를 누군가
읽을까 하며 잠에 들 찰나
별 위에 눈에 띈, 혹시
호흡 머리를 쓰려내려
준비 끝 너무 좋은 느낌
너의 행성에 지나칠 별을 기다려

하나 둘 셋 돌아가는 시계추
이젠 모든 게 다 환해지는 순간들

I’m dancing with the night
I’m dancing with the night
밤하늘에 손이 맞닿아
그곳은 어떨까 하는 상상
I’m dancing with the night
I’m dancing with the night
오 너를 향한 맘을 담아
이젠 둘만의 춤을

flying
to another galaxy
your love is pulling me
that’s where i wanna be
Ain't no space between you and me
you’re the only one i see
now you’re next to me

I’m dancing with the night
I’m dancing with the night
밤하늘에 손이 맞닿아
그곳은 어떨까 하는 상상
I’m dancing with the night
I’m dancing with the night
오 너를 향한 맘을 담아
이젠 둘만의 춤을",235
86,Snow day (feat. Sonny Zero),oftn (오픈),"Keeping you warm on a snow day
With glitter slowly falling
When the cold air is biting
I’ll warm you right up
Wrap a scarf ‘round your neck
And your hands with my own breath
Keeping you warm on a snow day
I’ll warm you right up oh

Oh baby look you’re shivering
Can offer you a coffee
Or the jacket off my back
When snow gently falls and you’re freezing up
I’ll be there in a moment to bundle you up

Nothing really matters, if you’re not safe and sound
‘Cause you’re the only present I need
The world could be froze over but I’d still find a route
To warm right up when you need

Keeping you warm on a snow day
With glitter slowly falling
When the cold air is biting
I’ll warm you right up
Wrap a scarf ‘round your neck
And your hands with my own breath
Keeping you warm on a snow day
I’ll warm you right up oh

Oh I love when we’re snowed in
With no where else to go
And I love when we stand right under the mistletoe
I can feel the cold that’s on your skin and oh what a shame
I can warm you up in minutes babe
When we’re skin to skin

Nothing really matters, if you’re not safe and sound
‘Cause you’re the only present I need
The world could be froze over but I’d still find a route
To warm right up when you need

Keeping you warm on a snow day
With glitter slowly falling
When the cold air is biting
I’ll warm you right up
Wrap a scarf ‘round your neck
And your hands with my own breath
Keeping you warm on a snow day
I’ll warm you right up oh",114
87,lovely glow (feat. 케일라(Kayla)),Sam Ock,"I think you’re better
Than any weather
Brighter than the winter moon
And morning sunshine
Been lookin’ all around but
All I see are cloudy days
The veil was lifted when
I looked upon your face

You’re the perfect gift
you keep giving to me
And you’re the lovely star
On top of my tree
Oh what a love, it’s keeping me warm
Can I say I’ve never felt this way before

You’re my lovely glow
Shining in the cold
You’re my light
When I don’t know which way to go
You’re my lovely glow
Dashing through the snow with you
There’s nothing I would rather do

La la la da da
La la la da da (la da da)
La la da da da da da la da (yea)
La la la da da (la da)
La la la da da da da (ay)
There’s nowhere else I’d rather be with you

I think it’s better
That we’re together
I’m in love with every moment when I’m with you
Let the light around you wash all of your fears away
Don’t worry bout a thing, I know you’ll be okay

You’re the perfect gift
You keep giving to me (to me)
And you’re the lovely star
On top of my tree (oh watch me glow)
Oh what a love, it’s keeping me warm
Can I say I’ve never felt this way before

You’re my lovely glow
Shining in the cold
You’re my light
When I don’t know which way to go
You’re my lovely glow
Dashing through the snow with you
There’s nothing I would rather do

La la la da da
La la la da da (la da da)
La la da da da da da la da (la la da)
La la la da da (la la)
La la la da da da da (yea)
There’s nowhere i would rather be with you

You and I make a lovely glow
Hand in hand walkin’ in the cold
Oh how wide, how deep is your love
You shine a light, your love into my soul

You and I make a lovely glow
Hand in hand walkin’ in the cold
Oh how wide, how deep is your love
You shine a light, your love into my soul",299
88,Fade Away (Feat. Evelynn),Bros,"Watch the world reflected in your eyes
The pain we have to fight
Like shadows in the light
I feel their words slip under my skin
The Silence sinking in
We’ve lost ourselves again

When the darkness falls over you
It’s hard to find the hope
To hold onto
To hold onto
When the darkness seems to follow you
It’s hard to find the strength
Inside of you
Inside of you

I’m reaching out
For solid ground
Cause it know we’re stronger now than we ever were before
I’m reaching out
I’m screaming out
Cause I know we’ll overcome and watch the pain of yesterday
Fade away

The voices in our minds speak so loud
It’s hard to drown them out
Ignoring all the doubts
When Heavy hearts give into the ache
And all light is washed away
We bend but never break

When the darkness falls over you
It’s hard to find the hope
To hold onto
To hold onto
When the darkness seems to follow you
It’s hard to find the strength
Inside of you
Inside of you

Im reaching out
For solid ground
Cause we know we’re stronger now than we ever were before
I’m reaching out
I’m screaming out
Cause I know we’ll overcome and watch the pain of yesterday
Fade away

Staring at the ceiling every night
Oh it’s pulling at my skin
tired of feeling
Everything oh
I know that it’s temporary
Won’t let it take power over me

Im reaching out
For solid ground
Cause we know we’re stronger now than we ever were before
I’m reaching out
I’m screaming out
Cause I know we’ll overcome and watch the pain of yesterday
Fade away
Fade away
Fade away

I’m screaming out
Cause I know we’ll overcome and watch the pain of yesterday
Fade away",40
89,What l Love,your,"평소완 다른 오늘
마치 꿈만 같은 일이 생길 것만 같아
기대가 되는 날이야

매일 가던 길이 색다르게 느껴지고
햇살은 날 향해 웃고 있는 것 같아
향긋한 바람은 내 볼을 스쳐
살아있음을 느끼게 해 Feel Live

구름 위를 걷는 이 기분
I feel so high
너와 함께 하고 싶은 오늘
우리 만날까 지금
어디든 괜찮아
내가 갈게 너에게로
너에게로 Move on now

너와 함께 하고 싶은 오늘 하루
네가 가고 싶은 곳은 어디든지
내가 느끼는 이 마음이 너에게 닿았으면 해

매일 듣던 노래가 색다르게 들려지고
네 목소린 더 달게 날 부르는 것 같아
달콤한 바람은 내 맘을 스쳐
오늘도 사랑을 느끼게 해 Feel Love

구름 위를 걷는 이 기분
I feel so high
너와 함께 하고 싶은 오늘
우리 만날까 지금
어디든 괜찮아
내가 갈게 너에게로

너와 함께 있는 이 순간
또 하나의 장면이 내 맘속에 영원히 간직돼 Love
내 맘과 같다면 웃어줄래

구름 위를 걷는 이 기분
I feel so high
너와 함께 하고 싶은 오늘
우리 만날까 지금
어디든 괜찮아
내가 갈게 너에게로

구름 위를 걷는 이 기분
Forever only my love
Always you be with me
내가 갈게 너에게로
너에게로 Move on

사랑해 오늘도 내 곁에 있는 너를
영원해 이 순간이 내 맘속에 항상",17
90,A Little Romance,정서이,"How have you been? Are you going home?
I'm on my way, I had a busy day
How did you feel? It was hard, wasn't it?
No wonder you look like that
I can see you, if I close my eyes
Um your shoulders must be droping, right?
I keep worrying Your repeated sighs
And your low voice ooh

I want to see you smile
I want to make you laugh
When I think of you smiling,
I can hear the bells ringing in my head

What should we fill it up with this Christmas?
Out of all the things we like
Go to our favorite place and prepare your favorite sweet dessert
Cover it with a green blanket of my favorite color,
and have a chat that we haven’t been able to do since we were busy


Let’s make a world of our own
Soon, white snow flowers will bloom beautifully
Our favorite music, warm lights that resemble you
Do you remember? At last year
You gave me your everything
Now I'll give you a big heart
I’m you, you’re another me

What should we fill it up with this Christmas?
Out of all the things we like
Shall we go see the ocean?
To a place where it snows a lot
Afterwards, I eat at a restaurant with a beautiful night view
And shall we make plans for the days we will be together?

The end is getting colder
Our memories will fade
I'm gonna miss them a lot
But it so okay if it’s us, right?
The sun will rise again
Our youth shines anew
When the cold winter is over,
Let's welcome spring together

What should we fill it up with this Christmas?
Out of all the things we like
Shall we go to a place where we can feel the Christmas atmosphere?
Do we need to go somewhere nice?
Do we need a fancy present?
Just being with you will make for a happy and perfect christmas",5
91,아무것도 하지 못해 (feat. Kjune),꼬마견,"아무것도 하지 못해 하루 종일 멍하니
너 없는 이 세상이 낯설게만 느껴져
너와 함께 걷던 거리 너와 함께 먹던 음식
모든 게 다 그대로인데 너만 없어

아무것도 할 수 없어 너 없이는 살아갈 수 없어
너 없는 이 세상이 너무 힘들어
너와 함께 했던 추억들이 자꾸만 떠올라
너와 함께 했던 시간들이 너무 그리워

아무것도 하지 못해 너 없이는 살아갈 수 없어
너 없는 이 세상이 너무 힘들어
하지만 난 포기하지 않을 거야
너와의 약속을 지키기 위해

너 없는 이 세상에서 내가 할 수 있는 일을 찾아
너를 다시 만날 그날까지 나는 열심히 살아갈 거야
너 없는 이 세상에서 내가 할 수 있는 일을 하며
아무것도 하지 못해 너 없이는 살아갈 수 없지만

너 없는 이 세상에서 나는 다시 일어설 거야
너 없이도 나는 결국 새로운 길을 찾아갈 거야
하루하루 지나가도 네 목소리 들려와
너 없는 순간들도 이제 더 이상 두렵지 않아

기억 속 네 미소가 나를 가득 채워
너 없는 세상에서도 난 웃을 수 있어
너 없이도 이제 두렵지 않아
기억하겠어 네 미소를 지킬게",1
92,Fake Smile,지원 (Jiwon),"The way I look right now
You can’t see what I am thinking now
Please don’t be mad at me
Cause I’m trying really hard to smile
Nothing happened
Why is it so difficult
Thinking hard but I can’t find the right answer
Wonder what is wrong with me
Just tell me
You can understand me
You know what to do with me

I don’t want to say I’m happy
Now I’m trying to smile
It is too hard

Fake smile
Been while
Stop time
Don’t know what to do
Mm Mm

Please let me hold your hand
You can make me better than me

Something moves me
Why is it so difficult
Sitting next to you I find the right answer
Wonder what is wrong with me
Just tell me
You can understand me
You know what should I do

Fake smile
Been while
Stop time
Don’t know what to do

Fake smile
Been while
Stop time
Don’t know what to do
Mm Mm",12
93,"그 겨울, 파도",고닭,"차가운 바람이 머리를 스치고
멀어졌다 다시 다가오는 파도
밀물과 썰물, 반복되는 흐름처럼
우리도 헤어졌지

너랑 걷고 싶었던 해변 끝에서
눈을 감았다 뜨면 어두워진 바다
종이같은 달이 떠오르고
네 웃음소리, 귓가에 들려오네

시간이 지나도, 우주는 기억해
서로 다른 시간대에 살아도
어딘가에서 너의 존재를 느껴
파도가 속삭여, 그대는 여기에

겨울의 공기, 시린 바다 끝에서
눈빛이 닿던 그 순간을 기억해
조금씩 멀어지는 너의 그림자
파도와 함께 돌아오는 꿈

차가운 바람이 머리를 스치고
멀어졌다 다시 다가오는 파도
밀물과 썰물, 반복되는 흐름처럼
우리도 헤어졌지

너랑 걷고 싶었던 해변 끝에서
눈을 감았다 뜨면 어두워진 바다
종이같은 달이 떠오르고
네 웃음소리, 귓가에 들려오네

시간이 지나도, 우주는 기억해
서로 다른 시간대에 살아도
어딘가에서 너의 존재를 느껴
파도가 속삭여, 그대는 여기에

겨울의 공기, 시린 바다 끝에서
눈빛이 닿던 그 순간을 기억해
조금씩 멀어지는 너의 그림자
파도와 함께 돌아오는 꿈",1
94,EMPEROR,9won (구원),"Scar deep inside
비춰줘 내게 Bright Light
Ganna be brave 우리가 지켜줄게

이미 시작된 Round
이제 내게 넘겨 Crown
더 크게 외쳐
I'm the high school emperor

It's Silent Class
고요한 어둠 속에
두손을 모아 Pray
해봐도 여긴 캄캄해
(꿈은 도망가 farway)
호흡은 여전히 답답해
(꿈은 도망가 farway 허나 쫓아 가려해)

침묵에 잠긴 비명
필요해 누군가의 위로
두려워도 부딪혀
넘어서 한계단의 한계를

Scar deep inside
비춰줘 내게 Bright Light
Ganna be brave 우리가 지켜줄게

이미 시작된 Round
이제 내게 넘겨 Crown
더 크게 외쳐
I'm the high school emperor

끝이 없는 no way
소리없는 SOS
밀폐된 교실의 노예
아침이 와도 여전히 어둠 속에

매일 흘려야했던 피
그때 오히려 맑아지는 정신
어느새 되어 내려 빛
이제는 밝아지는 현실

또렷 하게 기억
해야해 너의 탓이 아님을
숨겨뒀던 날개를 펴
이제 불을 붙여 Burn it up

Scar deep inside
비춰줘 내게 Bright Light
Ganna be brave 우리가 지켜줄게

이미 시작된 Round
이제 내게 넘겨 Crown
더 크게 외쳐
I'm the high school emperor",0
95,온통 크리스마스,그네,"여기저기 둘러봐도
온통 크리스마스뿐이야
구석구석 반짝임이 가득해

여기저기 둘러봐도
온통 네 생각뿐이야
흥얼거린 노래는 캐럴
받고 싶은 선물은 그저
네가 있는 12월의 그날이야

어디를 봐도 크리스마스뿐이야
네 생각뿐이야
들떠 있는 사람들의 속삭임
어디선가 들리는 멜로디

숨 고른 뒤 한번 올려다본 하늘은
많은 걸 품고선
울려 퍼져라 종소리 내 마음도 울려 퍼져
너에게 닿을 수 있게

시간 지나 돌아보면
결국 이 순간조차
아득하게 멀어질 기억
소중하게 간직될 추억
함께해서 고마워

어디를 봐도 크리스마스뿐이야
네 생각뿐이야
들떠 있는 사람들의 속삭임
어디선가 들리는 멜로디

숨 고른 뒤 한번 올려다본 하늘은
많은 걸 품고선
울려 퍼져라 종소리 내 마음도 울려 퍼져
너에게 닿을 수 있게

마침 또 눈이 내리는
기적은 없어도
많고 많은 사람
그중에 서로를 찾았고
서로를 바라보고
함께 웃어주면
그걸로 충분한 걸

저 멀리서 걸어오는 너

어디를 봐도 너뿐이야
네 생각뿐이야
들떠 있는 사람들의 속삭임
어디선가 들리는 멜로디

숨 고른 뒤 한번 마주친 네 눈빛을
피하지 않겠어
울려 퍼져라 종소리 내 마음도 울려 퍼져
너에게 닿을 수 있게

온통 너로 가득한",12
96,어디야?,이상한 세계(MEW),"또 아물지도 않은 상처를 들춰보고 있지
어디야? 목소리를 들려줘
모호하고 애매한 말들의 의미를 찾고
혼자서 또 망설이고 있지
너비를 알 수 없는 시간 속에 있는 것 같다고
생각이 또 피어난다면
that makes two of us
that makes two of us
that makes two of us
so I’m coming to you
that makes two of us
that makes two of us
that makes two of us
so I’m coming to you
지금 전하고 싶은 게 있어
어디야? 목소리를 들려줘
참아내고 견뎌도 이룬 게 뭐하나 없다고
혼자서 또 주저앉고 있지
미묘한 어긋남 속에 헤매고 있는 것 같다고
이렇게 꼭 무너진다면
우리 마음이
잠들 수 있는
세계를 찾아
now I’m coming to you
that makes two of us
that makes two of us
that makes two of us
so I’m coming to you
that makes two of us
that makes two of us
that makes two of us
so I’m coming to you
that makes two of us
that makes two of us
that makes two of us
so I’m coming to you",1
97,Taste of love (Feat. KillSophie),J.Lee,"Stars high, hearts tie
Hold me tight, you’re mine
Love shines, night’s fine, that’s so bright
That’s so bright
So bright
Love love love feels so right

Lost in the haze, we drift away
And shadows fade, feel the sway

Love comes rushing, I can’t delay
With you, joy is here to stay
All this magic, we will embrace
In this love, love, love～

Stars high, hearts tie
Hold me tight, you’re mine
Love shines, night’s fine, that’s so bright
That’s so bright
So bright
Love love love love feels so right

Late night, we’re chasing dream
In a world bursting at the seam
Every moment feel so real, caught up in this love we feel. From the shadows to the light, you and me, own the night, No regrets, just take a chance, in this rhythm, and we’ll dance. Heartbeats sync, we’re in the flow, got the fire, watch it glow.

Hold me close feeling so right
Hold me hold me close feeling so right
Hold me hold me close
Hold me hold me close
Yeah～
Hold me close feeling so right
Hold me hold me close feeling so right
Hold me hold me close
Hold me hold me close
Yeah～

Love comes rushing, I can’t delay
With you, joy is here to stay
All this magic, we will embrace
In this love, love, love～

Stars high, hearts tie
Hold me tight, you’re mine
Love shines, night’s fine, that’s so bright
That’s so bright
So bright
Love love love love feels so right
So bright
Love love love love feels so right",0
98,붉어지는 노을,권능,"Oh
Um
Um

붉어지는 노을
느껴져 내 혼?
꺼놨어 phone
오늘 계획은 모험
붉어지는 노을
느껴져 내 호흡?
너도 보여? 저 먼곳
붉어지는 노을

니 생각을 했어
이제 나 아무것도 안 신나
수천번을 왔다갔다했어
기억해 처음 내 딛은 오른발

붉어지는 노을
느껴져 내 혼?
나 꺼놨어 phone
오늘 계획은 모험
붉어지는 노을
느껴져 내 호흡?
너도 보여? 저 먼곳
붉어지는 노을

니 생각을 했어
이상해 지나고 나니 빛나
나 그래도 홀로 이겨냈어
이제서야 나 조금씩 신나
Yeah

Um

붉어지는 노을
느껴져 내 혼?
너도 보여? 저 먼곳
붉어지는 노을
붉어지는 노을
느껴져 내 호흡
너도 보여? 저 먼곳
붉어지는 노을",21
99,별빛,오수경,"한적한 거리

별빛이 가득한 이 밤

그대와

화려한 도시

푸른색 달빛 아래서

너와 단둘이

이 밤이 가기 전에

전하고 싶은 맘이

새벽 공기를 스치며

작고 작았던 맘이

조금 조금씩 너에게

시간이 멈춘 듯

자꾸자꾸 생각나

너도 나와 같은

밤을 보낼까?

찬란한 도시의 빛은

너와 나를 비춘 달

밤하늘 수놓은 별빛

처럼 너의 웃는 모습이 좋아

찬란한 은하수 빛은

너와 나를 빗댄 맘

밤하늘 수놓은 별빛

처럼 밝은 너의 모습이 좋아

시간이 멈춘 듯

자꾸자꾸 생각나

너와 함께 오늘

하루를 보낼까?

점점 커져가는 맘

사랑 노래의 멜로디처럼

달콤해져

조금만 더 가까이

다가와

쏟아지는 저 별빛이

찬란한 도시의 빛은

너와 나를 비춘 달

밤하늘 수놓은 별빛

처럼 너의 웃는 모습이 좋아

찬란한 은하수 빛은

너와 나를 빗댄 맘

밤하늘 수놓은 별빛

처럼 밝은 너의 모습이 좋아

아름다운 빛이

너의 맘을 따라 움직여

별빛을 닮은 너의

밝게 웃는 모습이 좋아",9
100,Stay with me,jisub,"혼자 있기엔 무서운 밤
그러니 plz Baby

Stay with me
네게 전화를 걸기에는 So late tonight
오늘은 설레는 날이었어 엄청

나 너 앞에만 서면 멍청해져
넌 너무 어려워

넌 백개를 원해
but i just want you to

Stay with me
네게 전화를 걸기에는 So late tonight
오늘은 설레는 날이었어 엄청

혹시 너 내가 싫니 멍청해서
알았어 잘 자 good night

도저히 모르겠어
How can we love?

아프게 하지 날
넌 내게 거짓말을 해
하지 마 그런 말은 다시
넌 나를 너무 잘 알고 있네

How can we love?
i don't know why i’m feeling low
You know i can't leave you
너에게 나는 집이네

피곤해 먼저 갈게
넌 말해
많이 변했대
변한 건 네 마음인데

넌 내가 못 떠날걸 알고
울며 보냈던 어젯밤도
얼마 안 걸려 걱정 마
돌아갈 거야 너에게로

Stay with me
네게 전화를 걸기에는 So late tonight
오늘은 설레는 날이었어 엄청

나 너 앞에만 서면 멍청해져
넌 너무 어려워

넌 백개를 원해
but i just want you to

Stay with me
네게 전화를 걸기에는 So late tonight
오늘은 설레는 날이었어 엄청

혹시 너 내가 싫니 멍청해서
알았어 잘 자 good night

도저히 모르겠어
How can we love?",4
101,ENDLESS LOVE,VERSIL,"[가사 준비중] 멜론 회원 여러분! 가사 등록을 기다리고 있어요.
가사등록하기",0
102,Tan Iris,m&Y,"[가사 준비중] 멜론 회원 여러분! 가사 등록을 기다리고 있어요.
가사등록하기",0
103,Rewind 2024,Maya Milan,"[가사 준비중] 멜론 회원 여러분! 가사 등록을 기다리고 있어요.
가사등록하기",0
104,Fragile Eyes,하슬 (ARTMS),"빛의 틈새로
날 비추는 한 조각
낙서로 가득한 벽을 비추면

그 의미들 속에
깊숙이 베인 상처가
가만히 흘러내려
아물지 못해

투명한 동공에
내 맘이 비치면
어느새 흘러 내려와

또 깨져버린 Fragile Eyes
그 대답에 무너져버린 나
뒤바뀐 시선을 피해 봐도

저 투명한 유리처럼
차갑게 깨져버린 날
더는 볼 수 없어
아직도 도망치는 내 모습

빛의 틈새로
쏟아지는 고요함
투명한 색깔의 맘을 피우면

그 안에 감춰둔
지독히 베인 상처가
어느새 스며들어
지우지 못해

감아본 두 눈에
어둠이 내리면
어느새 흘러 내려와

또 깨져버린 Fragile Eyes
그 대답에 무너져버린 나
뒤바뀐 시선을 피해 봐도

저 투명한 유리처럼
차갑게 깨져버린 날
더는 볼 수 없어
아직도 도망치는 내 모습

날 감싼 빛에
더 스며들어
Fragile Eyes 시야를 밝혀오네

너와 나의 Fragile Eyes
한순간의 반짝임이지만
희미한 약속을 이어봐도

저 투명한 유리처럼
차갑게 깨져버린 날
더는 볼 수 없어
아직도 도망치는 내 모습",273
105,Say No More,장한나,"지금 생각해도
숨 쉬기 힘들었던 그 날
시간은 흘렀지
각자 잘 하고 있을 걸

뒤 돌아보진 않지
추억에 잠긴 미소정도
부서져버린 곳이 많아
너와 나 다녔던 곳들도

의미는 없지Say no more
습관처럼 떠올려질뿐
그저 희미한 잔상들만이 남아
원했었던 마음들
짧지않았던
반짝이게만 남게
그 땐 잘 못했던
작별인사도
I have nothing to say
No more

널 떠올리고싶어서
산책을 했었는데
좋은 시간이됐어
널 보내기에

의미는 없지
Say no more
습관처럼 떠올려질뿐
그저 희미하게 보일 뿐
더 이상 아프거나 슬프진 않아
지금 이 순간 넌
뭘하고있는지
궁금해해하기도 해
따듯한 곁을 내어준
날들이 스쳐가는 건
거짓말이라고
하지는않을게
그땐 그랬으니
하고 말게
같이 사랑했던 순간들은
생각보다
길지는 못했지

의미는 없지
Say no more
습관처럼 떠올려질뿐
그저 희미한 잔상들만이 남아
원했었던 마음들
짧지않았던
반짝이게만 남게
그 땐 잘 못했던
작별인사도
I have nothing to say
No more

We’ve changed
Say no more
Say no more",89
106,SLOMO,세븐어스(SEVENUS),"그리워 했어
잊고있던 지난 시간
눈부시게 빛나던 날들
너의 웃음 다
더 바랄게 없을 만큼
충분했어
더는 볼 수 없는 네 미소
내게 전해지는 따스했던 온기마저
기억속에 갇혀버린 채



It's all over
너 떠나는 뒷모습 Slomo
마주보기에 잊고 있었던 모습
한참을 바라보고있다
눈물차올라

미쳐있던
지난날 우리 모습 Slomo
오래전의 그 때로 돌아가
다시 웃을 수 있을까
눈부신 그 날처럼


눈물흘리던 날들
주고받은 상처 그 순간은
기억끝에 흐려지고
소중했던 그 날의 웃음 띈 네 얼굴
처음 널 본 순간 그 장면
선명해져 천천히 맴돌아


It's all over
너 떠나는 뒷모습 Slomo
마주보기에 잊고 있었던 모습
한참을 바라보고있다
눈물차올라

미쳐있던
지난날 우리 모습 Slomo
오래전의 그 때로 돌아가
다시 웃을 수 있을까
눈부신 그 날처럼


바래져 버린
기억의 장면들 속 너와 나
헤어날 수 있을까


It's all over
처음 봤던 네 모습 Slomo
당연했기에 잊고 있었던 순간
한참을 돌아보고있다
눈물차올라

미쳐있던
지난날 우리 모습 Slomo
오래전의 그 때로 돌아가
다시 웃을 수 있을까
눈부신 그 날처럼",115
107,don't need this anymore,paulkyte (폴카이트),"It seemed so easy to let just go around
I’ll never do wierd things like crying with a smile
Still learning to lie
Time has passed
Nothing changed
Same mistakes
Even if I was ready
Might be stuck in the same hole
Why do I think I’m heartless
Denying all the tears
Tried my best to understand it
Guess I had to be much older than this
Oh I’m drowning in this rain
Now I don’t need this anymore
None of the feelings are getting old
Please take away
I’m not praying to ask for more
Is the weight of love I’ve once worn?
Stop staying awake
The way I miss you, been here all along
Somewhere no one can see me
Deeply silent and dark
Can I save me from sinkin’
But don’t know how, as always
Tried my best to understand it
wasn't good enough to know what’s needed
Though I’m trying in this pain
So I don’t need this anymore
None of the feelings are getting old
Please take away
I’m not praying to ask for more
Is the weight of love I’ve once worn?
Stop staying awake
The way I miss you, been here all along
Can’t find the answer from my stupid maze
“It’ll pass” doesn’t help, please don’t say that
Can’t find the answer from my stupid maze
“It’ll pass” doesn’t help, please don’t say that",135
108,Santa for you,브라운티거 (Brown Tigger),"그림자조차 안보이는 흐린 날
이제 눈이 오려나
많은 사람들 속 사이 너도 어딘가에서
내 생각을 하려나

벼락을 맞은 듯이
우리 사랑에 빠진 날
시끄럽던 이 도시 속
둘만 보이던 날
기억나 지금까지도
이번 겨울은 포근할지도

I'm a Santa for you
I'm only for you
루돌프는 없지만 썰매는 없지만
너의 옆에 있을게
I'm a Santa for you
밤새 우리 춤을 출래
원한다면 노래를 불러줄게

Uh Ah Uh Ah Woo
다 꿈만 같아 꼭
난 너의 산타가 되어줄게
Uh Ah Uh Ah Woo
오늘 밤은 난 너만을 위해
소원을 말해

기억해 흐렸던 그날
유독 하얗게 눈이 내리고 있었지
하얗게 덮인 하늘을 보면
오직 네 얼굴만 떠오르게 돼

I'm a Santa for you
I'm only for you
루돌프는 없지만 썰매는 없지만
너의 옆에 있을게
I'm a Santa for you
밤새 우리 춤을 출래
원한다면 노래를 불러줄게

Uh Ah Uh Ah Woo
다 꿈만 같아 꼭
난 너의 산타가 되어줄게
Uh Ah Uh Ah Woo
오늘 밤은 난 너만을 위해
소원을 말해",31
109,"Screen Diver (Feat. Owen, LimJi)",Jade,"Edited Life don’t know what is real
All we see is highlights And that’s just about it
ID photos that cannot prove
Silk-like skin with some Ideal bodies
cannot figure out
don’t no what’s real
everything change so fast
We’re just Screen diver getting deeper into the Ocean

I don’t know how to swim
but I can look good on a beach
I don’t know how to drive
but what is up in that sports car
smiley faces
flaming emojis
all I get is likes likes likes and follow
I want it more
I need more
maybe that’s all
that’s how we live

What a Screen diver
일상이 마이너스
Supreme things all I wanna do
Scream higher
Screen 속 넌
Voiceless
Boys listen Ummm
뜨거워진 phone 안
늘어가 just screen time
또 새로고침 해 Insta
뜨거워 내 불안
들어가 연식만
지겨워 새로고침 해 싹 다

삐딱한 내 걸음걸이 안되지 control
저장 불러오기 편집은 impossible bro
저장 없이 현생 달렸지 좌충우돌
철저한 경험주의 인생 and it keeps me going
I don't screen dive, look around there's just a lot
To witness 삶은 보는 자에게 더 친절함
정보와 알고리즘은 모두에게 최적화
다양한 정보와 함께 나누지 진짜 가짜
백문이 불여일견 경험 해야 진짜 강자
Say anything I want 내가 뜨거운 감자
필요 없어 내 가치를 모르는 사과 상자는
돈과 Iikes 보다 내게 필요한 건 인정이야
Got my own principles n rules to cope with
돌아가는 초침, 빠르게 찾아 초심
밤길 유혹 조심 but where the ladies at?
가슴 크기보다 마음이 넓은 여자는 어디에?

What a Screen diver
일상이 마이너스
Supreme things all I wanna do
Scream higher
Screen 속 넌
Voiceless
Boys listen Ummm
뜨거워진 phone안 늘어가 just screen time
또 새로고침 해 Insta 뜨거워 내 불안
들어가 연식만
지겨워 새로고침 해 싹 다

I don't wanna be wrong
다들 똑같은 걸
Save us who are there
멀쩡한 누구 없대?
몰라 그저 쫓다가 다 찢긴데
골라봐 네 알고리즘 안에
새 삶이 있다 믿는 사실은
몰라 그냥 관심없다 얘

What a Screen diver
일상이 마이너스
Supreme things all I wanna do
Scream higher
Screen 속 넌
Voiceless
Boys listen Ummm
뜨거워진 phone안 늘어가 just screen time
또 새로고침 해 Insta 뜨거워 내 불안
들어가 연식만
지겨워 새로고침 해 싹 다",15
110,Moonlight (매일 밤 이 바다 너머로 가는 꿈을 꿔),문샤크 (MOON SHARK),"내 취향 아닌 Dress
달빛마저 하품을 할 타이밍
지루해 따분해
넘치는 관심 속 춤을 춰

다들 날 잘 몰라 날 좀 알아줘
예쁜 Dress보다 내가 난 더 좋은 걸
물결치듯 쏟아지는
상상 속 Fantasy
주문을 외쳐 1 2 3 4

달빛이 나를 감쌀 때
들려, 바다 너머의 은빛 wave
황홀한 너 (I feel) 한순간 빠져들어 (It's real)
이 소리에 난 집중해

Shine on Me, Light on Me
새로워진 Brand New Me

Moonlight 달빛 아래 눈을 떠
Dreamlike 달콤한 환상 그 아래서
Shine on me, Light on me
반짝이는 내 모습
터질 듯 벅찬 Thrill
깨고 싶지 않은걸

(Lalala lalala)
파도를 가르 듯이
선명히 열린 New sea
(Lalala lalala)
내 길을 걸어가 Right now

몰아치는 Hurricane (Hurricane)
달빛 아래 놓인 길 (on my way)
Go straight bite up 그까짓 두려움은 꿀꺽
All right, 느낌 좋은걸
손짓하는 달, 꿈결 같은 Feels

길을 난 잘 몰라 그냥 Moving on
빛이 내 앞길을 환히 밝혀줘
파도치듯 스며드는 상상 속 Fantasy
한 번 더 외쳐 1 2 3 4

달빛이 나를 비출 때
열려, 바다 너머의 Wonderland
빠져들어 (Dive in)
이 순간 자유로워 (I'm free)
이 느낌에 난 집중해

Shine on Me, Light on Me
새로워진 Brand New Me

Moonlight 달빛 아래 눈을 떠
Dreamlike 달콤한 환상 그 아래서
Shine on me, Light on me
반짝이는 내 모습
터질 듯 벅찬 Thrill
깨고 싶지 않은걸

내가 날 잃는다고 해도
심연이 내 전부를 삼켜도
어둠 속의 달빛을 따라
온 세상을 밝힐 거야

Shine on Me, Light on Me
새로워진 Brand New Me

Moonlight 환히 나를 비춰줘 (Moonlight)
Spotlight 오늘 밤 주인공은 나야 (Oh)
Look at me Look at me
이게 진짜 내 모습 (It's me)
Come with me Come with me
내 운명(을) 만들어

(Lalala lalala)
파도를 가르듯이
선명히 열린 New way
(Lalala lalala)
내 길을 걸어가 Right now",130
111,Barbie,MARCIANO,"Baby, ain't nobody commin between us
And i just wanna see you now, My venus
When I hold your hand, I am still nervous yeah
When gloomy days come you always bring the sunshine
Lookin back now, see what we've become
Nothing's hard enough to pull us apart
If you leave me, I'll feel like stupid
Tell me if there's anything I'm missing
이게 내가 생각했던 사랑
뭐 그런건가봐
baby 나를 믿어봐봐 쟤네
얘기는 듣지마

You're the only one, I don't tell you twice
No matter how late you are, yeah it's fine
It's so hard to wait
When is Sunday coming?
Baby, Don't hesitate
I can see it in your eyes
Comeover
Tell me what you really need on phone
Then it'll be in front of the house tomorrow
She looks barbie and her body it's gorgeous

Show you what i know, Oh baby
Honey, you should know, No way
Chanel, Fendi, Gucci, and Louis
Tell me everything you want
Cebu, Fiji, Hawaii, Okinawa
Tell me everywhere you want

You're the only one, I don't tell you twice
No matter how late you are, yeah it's fine
It's so hard to wait
When is Sunday coming?
Baby, Don't hesitate
I can see it in your eyes
Comeover
Tell me what you really need on phone
Then it'll be in front of the house tomorrow
She looks barbie and her body it's gorgeous",0
112,"Rainy Christmas (feat. 필로(PiLO), XIN)",릴병장,"Yeah rainy Christmas
I’m still alone 혼자 있어 solo Christmas
Yeah 너와 비슷한
사람들만 고집하고 있어 깊숙한
곳에 있는 나를 꺼내줘
이번 Christmas 혼자 있기 싫어
다시 돌아와줘 baby
안그러면 이번 Christmas는 rainyday

Lonely as hell
특히 비가 올 땐
원하지 않던
서러움이 오네
홀로 남은나에 비해
세상은 또 왜
꼴도보기 싫을 만큼
행복해 보여
아둥바둥 하며 널 원할게
어쩔 수 없는듯이 오면 돼
비참해진 나에게
빛이 되주면 안돼?
일년중에 하루면 하루면 돼
Lonely lonely as hell
그래 어련히
잘할 너와 반대로인
홀로남을 내가 솔직히
I'm scare

Yeah rainy Christmas
I’m still alone 혼자 있어 solo Christmas
Yeah 너와 비슷한
사람들만 고집하고 있어 깊숙한
곳에 있는 나를 꺼내줘
이번 Christmas 혼자 있기 싫어
다시 돌아와줘 baby
안그러면 이번 Christmas는 rainyday

christmas, im alone
비가 내릴거야 좋은날에
fell in love
나 그 땐 모든게 좋게만 보여서
칭얼대던 너의 목소리에도
미소가 띄워졌던 난 그날에 갇혀 뒤 돌아봐
baby, i been up to afraid it
dream, 더는 못 꾸겠어
길거리의 lovers
너와 나로 서있던 그 때로
다시 돌아갈 수만 있다면
뭐인들 못하겠어
오늘이 너보단 늦길 바랬는데
저번에 못했던 말이 있는데
더 좋은날이 올건가 봐 someday
그날을 내게 약속해볼게
so today, it's okay to be a rainy day",6
113,우리 둘의 크리스마스,지널 (G.nal),"이렇게 허무하게
1년이 벌써 지나네
기뻤던 기억도 잠시
나 한 살 더 먹는데
진짜 성공해야 하는데
어린놈이 쓸데없는 걱정만

답답해서 밖에 나가도
마땅히 만날 사람 하나 없고
혼자인 걸 난 왜 또 숨기려
괜스레 손만 쳐다봐
잘못한 건 없는데
네가 없을 뿐인데
다시 너를 안을 수 있다면

우리 같이 보냈던 크리스마스
다 하나같이 하얗던 그 순간
난 다시 너를 찾아
너가 없는 걸 알아
몇 년이 지나도 오늘은
우리 둘의 크리스마스

결국엔 다시 올 거야
The same season
매번 겨울에 찍어
내 외모의 리즈
이 노래로 충족이 될까
너의 니즈 그래
하나둘씩 또
만들어 가는 거지 뭐
한 편의 영화 같은 삶을
살지 못한다 해도
그런 구도에서
난 어울리지 않아
너가 해줬던
좋은 말들까지도
전부 기억해
유명해지더라도

I know 맘을 그냥 비워
매일 또 지나가는 하루에
지쳐 내일을 살아간대도
어제는 다시 돌아오지 않아
아픈 날도 추억으로 남아
내 노래가 길거리에 들렸으면 해
이 노래가 너한테 닿았으면 해 꼭

우리 같이 보냈던 크리스마스
다 하나같이 하얗던
그 순간 난 다시 너를 찾아
너가 없는 걸 알아
몇 년이 지나도 오늘은
우리 둘의 크리스마스

몇 년이 지나도
오늘만큼은
우리 둘의 크리스마스",10
114,summer sky direction,Sasha Snow,"I used to be a solid human
moralities just like the truman
I have never once in my life
thought that I’d live this way
they say the first is always hardest
I mean, whatever the hell that means
I say it’s worst that you can’t reserve
the firsts that you shouldn’t have done

Honestly, I don’t know where I went wrong
Honesty was all that I had
Recklessly (I’m) away from my rightful path
Selflessly drifted away (from my ground)

Or maybe this was meant to be
Maybe this was supposed to be
Maybe all that I had known so far
was more than just one layer
don’t wanna get used to this
don’t wanna be someone I’m not
I need summer sky directions
It’s my time to make decisions for me

thought everything had their reasons
and they would lead me to some lesson
but some are meant to be just drift apart
impossible to, /have ev/erything that i want
I used to know the answer
and I used to know what I want
can somebody tell me
where i went so so wrong

Recklessly away from my rightful path
Selflessly drifted away

Or maybe this was meant to be
Maybe this was supposed to be
Maybe all that I had known so far
was more than just one layer
don’t wanna get used to this
don’t wanna be someone I’m not
I need summer sky directions
It’s my time to make decisions for me

I didn’t want to fly into the void
so instead I started to avoid my reality
now that I’m here, after all of these years
realized I’m happy just flyingggg

don’t wanna get used to this
don’t wanna be someone I’m not
I need summer sky directions
It’s my time to make decisions for me
narrative",1
115,작은 위로 (Feat. 프리든),ASEL (아셀),"아주 오랜만에 날 알아봐 주고
아주 어린 날에 날 내가 가뒀어

no wait for as
날 down fall in wall

숨어서
쉬운 말보단 어려운 말로

woo ah 매일 잠에 들어 차가운 아침을
woo ah 매일 밤에 들어 너의 목소리는 라
woo ah s 너와 woo ah
조각 안에 숨어 늘 아쉬운 말



그늘 위로 더 어두워질 때
흘렸던 비로 더 어두워질 때
여기서 위로 가만히 거닐 때
조그마한 위로 조금만 위로

그늘 위로 더 어두워질 때
여기서 뒤로 너와 또 거닐 때
여기서 위로 올라가 보면서
조그마한 위로 조금만 위로


하루를 마치고 집에 돌아가는 길
그대 생각에 문득 시간을 흠칫 봐
초침은 달리고 내 마음 같지 않네
내 마음 같지 않네

내 마음 같지 않은 오늘 하루 너의 그 표정이 난 그리워
마구 궁금한 그 표정으로 나를 바라봐 줘
지친 나의 걸음걸이 그대의 눈빛 속에는
아녔으면 좋겠네 감춰지면 좋겠네




그늘 위로 더 어두워질 때
흘렸던 비로 더 어두워질 때
여기서 위로 가만히 거닐 때
조그마한 위로 조금만 위로

그늘 위로 더 어두워질 때
여기서 뒤로 너와 또 거닐 때
여기서 위로 올라가 보면서
조그마한 위로 조금만 위로",3
116,산들산들 (Feat. Roya),nel3on,"두근거림
가득한 나의 하루가
좋은 느낌을 따라가

흐르는 시간들은
작은 아쉬움이 되어
다음을 기다리게 해

날마다 너의 온기가 스며들 때
나른한 기분 날 떠오르게 해

내게 사랑이란 게
낯간지러운 게
그런 게 피어나나봐

애매하고 모호한
낯선 기분들이
우연이 아니길 바래

코 끝을 스치는
너의 좋은 향기가
내 마음을 간지럽혀
마치 어린아이처럼
배시시 웃곤 해

아늑하고 포근한
너의 품 속일 때면
내 마음에 나비들이
날아다니고 따스한
햇살 아래 춤추네

내게 사랑이란 게
낯간지러운 게
그런 게 피어나나봐

애매하고 모호한
낯선 기분들이
우연이 아니길 바래

날마다 너의 온기가 스며들 때
영원한 노랫소리가 들려오네
날마다 너의 온기가 스며들 때
영원한 노랫소리가 들려오네",4
117,사랑 (Cherish),gamtae,"가끔 다퉈도 우리는 정말로
서로가 없으면 안 될 거 같아서
정처 없이 걷던 나의 앞길도
환하게 비춰주는 네가 있어서

사랑엔 영원히 없다 했었지만
영원을 그려내고 싶어

나 너와 함께 하고 싶어
말할게 널 행복하게 해줄 거야
불안해 네 손 꽉 잡고 말해줄게
사랑해 사랑해

마음엔 영원히 없다 했었지만
영원을 그려내고 싶어

나 너와 함께 하고 싶어
말할게 널 행복하게 해줄 거야
불안해 네 손 꽉 잡고 말해줄게
사랑해 사랑해

나 너와 함께 하고 싶어
말할게 널 행복하게 해줄 거야
불안해 네 손 꽉 잡고 말해줄게
사랑해 사랑해",21
118,Feel the Night,비욘드,"매일 밤 이른 잠을 빌던 나
별 볼 일 없이 어지러운 날
""난 다 괜찮아""
입버릇이 이젠 진짜 괜찮아
cause you fill up the night
you fill up the night
you and I
we feel the night
we feel the night (tonight)

이불이 차던 그 밤에
다 부서져 있던 맘에
모든 게 처음으로 돌아간 듯
넌 내 옆이 너무도 익숙한 듯
새벽을 채웠다가
단잠을 재웠다가
내 많은 고민이
어디 있었는지도 모르게 지워버렸지

매일 밤 이른 잠을 빌던 나
별 볼 일 없이 어지러운 날
""난 다 괜찮아""
입버릇이 이젠 진짜 괜찮아
cause you fill up the night
you fill up the night
you and I
we feel the night
we feel the night (tonight)

조그만하더니
언제부터 내 안을 가득 채운거니
안고 있는 매일매일
그저 지나가던 밤을
나의 품에 되돌려놓고
새까맣던 꿈에 색을 선물해주고
웃을 수 있는 법
걸음마처럼 다시 알려주는 걸

채워주길 바래
매일 잠들기 전 어두운 밤에
채워주길 바래
매일 잠들기 전 어두운 밤에
네 숨소리길 바래
팔베개 위에 누운 내 품 안에

매일 밤 이른 잠을 빌던 나
별 볼 일 없이 어지러운 날
""난 다 괜찮아""
입버릇이 이젠 진짜 괜찮아
cause you fill up the night
you
you are the one",3
119,일본거리에서,HwanSS,"woo woo yeah
woo woo yeah
woo woo yeah
yeah

평화로운 일상 중에 하나였던 너
바라보지 못했던 말들을 더
뒤집었어
공책 속에 적어 놓은
것들이 또 너무 많아
특별함을 또 쫓아
너를 찾아 버린 나
이제서야 이해하게 된 거야
사랑하는 방법들을 모두 잊어버린 거야
그래 또 따라가는 기억도
잊혀지지 않았어

평화로운 일상 중에 하나였던 너
그걸 몰랐던 나 특별함을 쫓았었어
놓치고 버리고 난 후에야
멈출 줄 몰랐어
영원한 줄 알았어
uh Whoa whoa whoa

평화로운 일본 거리를 나 혼자 걸었어
꺼내보지 못했던 tape을 또 감았어
사진 속에 올려놓은
생각들이 너무 많아
특별함을 또 쫓아
너를 찾아 버린 나
이제서야 이해하게 된 거야
너와 같던 마음들을 모두 잊어버린 거야
네가 서 있는 좋은 기억도
잊혀지지 않았어

평화로운 일상 중에 하나였던 너
그걸 몰랐던 나 특별함을 쫓았었어
놓치고 버리고 난 후에야
멈출 줄 몰랐어
영원한 줄 알았어
uh Whoa whoa whoa

파도같이 장난치던 바닷가에서도
우리 휘졌고 다녔던 모래사장 위
그때도 대답 못했던 말들은
사랑 앞에서 글자로 적었네
잊어버린 말들의 앞에서
또 뒤에서 뱉어 된 말들까지
끝에서 끝까지
모두 사랑이란 걸
내가 시작했던 건 모두 사랑이란 걸 yeah

평화로운 일상 중에 하나였던 너
그걸 몰랐던 나 특별함을 쫓았었어
놓치고 버리고 난 후에야
멈출 줄 몰랐어
영원한 줄 알았어
uh Whoa whoa whoa",0
120,ECOES OF FLOWERS (Remastered 2024),Versil,"[가사 준비중] 멜론 회원 여러분! 가사 등록을 기다리고 있어요.
가사등록하기",0
121,As Long As (해와 달이 없어져도),다비 (DAVII),"I'm yours Oh am i ?
날 버려두지 마
한시도 잠시도
난 못 참아

뜨거운 여름도
차디찬 겨울도
Not as hot as you are
Not cold as the way you blow
I hope you always flow
In my mind

As long as i'm with U
As long as i'm yours
아무도 날 알아주지 못해도
너만 내 안에 있다면
As long as you are with me
As long as your mine
오늘 밤 저 하늘이 무너지고
해와 달이 없어져도

Your warmth opens my eyes
너로 인해서 난
숨 쉬는 것 같아
날 꼭 안아 Oh oh

수 많은 계절을
헤매도 너와 함께라면
Enough for me
네 눈을 볼 때면
영원을 믿고 싶어져

As long as i'm with U
As long as i'm yours
아무도 날 알아주지 못해도
너만 내 안에 있다면
As long as you are

How can I breathe without you?
You're all I ever need
네가 함께인 한
두려움은 저 멀리로
Always I love you, woo-

As long as i'm with U
As long as i'm yours
아무도 날 안아주지 못해도
너만 내 안에 있다면
As long as you are with me
As long as your mine
오늘 밤 저 하늘이 무너지고
해와 달이 없어져도",133
122,행진,Austn (오스틴),"그대는 모르죠
내 서툰 행동에
마지막이라 다짐했던 첫 만남은 마치
어제였던 것 처럼 눈을 마주쳐
난 아직도 서성이다 문득
바라본 거울 앞엔 행복한 웃음만이

사랑한단 말이 어느새 당연해지듯
종잇장 같던 내 일상에 흑연이 채워져
한치 앞도 생각 안 나게

하얀색의 바닥 위 카펫트와
네가 걸을 때 발목에 스치는
그 느낌은 마치 솔잎 같아서
계속 우린 숲 속을 걷는 기분을 느끼게 될 거야
난 이 공기 속에 평생을 취해 처음 본 날 처럼

그대는 몰랐죠
내 서툰 행동에
사랑하는 마음인데
난 괜히 툴툴 대나봐
너와 보낸 이 순간들이
난 너무나 소중해
첫눈 처럼 말이야
내 심장속에 남아
계속 차오르기를

네가 전부인 탓에
난 아직도 이래
내 마지막 모습 마저
너와 함께 그려줘
아무것도 생각 안나게

하얀색의 바닥 위 카펫트와
네가 걸을 때 발목에 스치는
그 느낌은 마치 솔잎 같아서
계속 우린 숲 속을 걷는 기분을 느끼게 될 거야
난 이 공기 속에 평생을 취해 처음 본 날 처럼

약속해줘 평생을 함께",164
123,읽었지?,신지민 (zemean),"읽었지? 방금 내 눈빛을
본거지? 말로 하는 것보다 몇 배는 더 강하게
너를 바라보고 있던 그 눈빛을

안 거지? 이미 전부 눈치
챈 거지? 다 알면서 일부러 그러는 표정과 행동
너무 얄밉지만 아름다워 어쩔 수 없는걸

그래서 자꾸 닿았던 거야
잔뜩 습하고 덥지만, 끈적한 이 느낌 싫지만
자꾸 닿았던 거야, 닿으려 했던 거야
가까이 지금 내 곁에 없는 널

홀린 듯 안고 싶던
자꾸 옆에 눕고 싶던
여태 감추고만 있던
내 맘을 보여주고 싶었던, 그날 그 밤 그리워
가슴이 쪼그라들어 미어지는 기분 넌 알까?

그 밤이 다시 온다면
내게 또 주어진다면
그땐 너를 놓지 않을 거라
몇 번이고 생각하는 지금
내 마음에 솔직하지 못했던 그 밤

착각인 거지? 나를 향하던 네 손짓 눈빛
그거 모두에게 베푸는 친절 같은 거지?
머리론 알고 있는데 내 심장은 자꾸 멋대로 뛰어

그래서 노래했던 거야
표현할 수도 없는 맘, 너에게 조금이라도 닿을까
자꾸 불렀던 거야, 부르려 했던 거야
가까이 지금 내 곁에 없는 널

홀린 듯 안고 싶던
자꾸 옆에 눕고 싶던
여태 감추고만 있던
내 맘을 보여주고 싶었던, 그날 그 밤 그리워
가슴이 쪼그라들어 미어지는 기분 넌 알까?

그 밤이 다시 온다면
내게 또 주어진다면
그땐 너를 놓지 않을 거라
몇 번이고 생각하는 지금
내 마음에 솔직하지 못했던

옆에 누워있던 너를 밤새 바라봤을 때
숨소리까지 놓치고 싶지 않았던 그 밤
미친 듯 뛰던 내 심장소리가 혹여 들릴까
조마조마했었던 그날 밤

미친 척하고 잠깐
훔칠까 상상했었던
저 밤하늘을 닮아있던 네 입술과 두 뺨
이성의 끈을 간신히 잡고 있었던 그 밤
한 번만 내게 한 번이라도

그 밤이 다시 온다면
내게 또 주어진다면
그땐 너를 놓지 않을 거라
몇 번이고 생각하는 지금
내 마음에 솔직하지 못했던 그 밤",63
124,Would You Be Mine (Feat. gyuahh),LONE (론),"많은 밤과 낮을 지내고
이제야 깨달았어
나 너만 괜찮다면
On Christmas,
Let me take you to the fine house
To dine with wine that you like
Table set for two
It’s just me and you
Can you promise that you‘ll come through
I’ve been waiting on you
Sippin’ one drink, or maybe two
All the neighborhoods
Are getting ready for this Christmas
하얀 눈처럼 순수한 두 볼을 밝혀줘
Sippin’ one drink
On that very night
망설이지 않아
삼키고 고쳐왔던 말
Would You Be Mine?
With kiss, said she wanted me
More than Christmas Eve
I’m in love with Santa’s prize
That’s you
Would You Be Mine
Would You Be Mine
I was so blind
눈앞에 널 두고서 나
숨기고팠던 말
Boy Would You Be Mine?
더 바랄 게 없어
나에게 수줍게 건넨
Phone 안에 적힌 나의
이름 대신 붙인 네 마음
좋아한단 말로는 다 설명 안돼
Girl I feel the same as your heart beside
Change my mind
Don’t be shy
I will promise always be there for you
Cause I’ve been waiting for love like this
Sippin’ one drink, or maybe two
우리 둘만이 만든 Christmas tree 아래서
까만 눈동자를 바라보며 약속해 줘
Give me bear hug
Since that very night
망설이지 않아
삼켜도 터져 나와 hopelessly
In love with you every sec of my time
Said she want from me
Every Christmas Eve
Sing this lovely song
Said he want from me
Every Christmas Eve
Sing this lovely song
We don’t need the feast
Or the turkey since
Everyday is Christmas time
With you",53
125,"흐릿해 (Feat. Dally, 김뮤즈)",시엔 (Sien),"애초에 끊어내지 못해
이미 변해버린 너와 나의
Feel like Feel like Umm Let you go
더는 못 할 거 같아

흐릿해져 가는 이 마음에
다시 노력해 봐도
이젠 바랄 게 더 없지

그만 널 놓아야 할까
한 발 더 멀어져 가잖아
Baby without you, lonely 멀어져만 가지
이제 너를 사랑하진 못할 것 같아

(Please back to me 조금씩 멀어져 가 너)

나도 알아 마냥 쉽진 않지
우린 모두 약하잖아, 그치?
서로 바라보던 눈을 어떻게 잊겠어

이젠 없어 더는
떠올릴 진심도
위로할 말도 딱히 그만
난 두려워서

그만 널 놓아야 할까
한 발 더 멀어져 가잖아
Baby without you, lonely 멀어져만 가지
이제 너를 사랑하진 못할 것 같아

멀어지지 마 아냐 그냥 안아줘
날, 더
멀어져도 돼 이젠 두고 가도 돼
다, 모두 다

그만 널 놓아야 할까
한 발 더 멀어져 가잖아
Baby without you, lonely 멀어져만 가지
이제 너를 사랑하진 못할 것 같아",49
126,Hold Me Tight,SUXIM,"어젯밤 꿈에
네가 나왔었네
You didn't talk to me again
꿈에서조차 넌 왜
너를 태우고 달렸네
어디든지 i don't care
I don't care. If you want, I'll do
처음으로 돌아가도
Go around
도대체 어떻게 해
Stuck in my head
하루 종일 나
Go around
도대체 어떻게 해
아직도 난
기억이 선명한데
널 잊지 못하게
더 꽉 잡아줘 babe
I don't want this dream to end,
Even this feeling
I don't bad bad
You don't bad bad
My bad
네 두 손을 잡고 했던 lie
널 잊지 못하게
더 꽉 잡아줘 babe
I don't want this dream to end,
Even this feeling
I don't bad bad
You don't bad bad
My bad
이곳을 헤어 나오질 못해
이젠 정리해
그만해
괜히 소릴 질러봐도
우리 노트에
날 욕해
너의 미소는 괴롭게 해 더
그런 널 뭐가 좋다고
후회해
알아 비참해도
넌 항상 빛이 강해
그날의 날 쫓아 헤매어 또
후회해
알아 유치해도
내 하루는 너였기에
널 잊지 못하게
더 꽉 잡아줘 babe
I don't want this dream to end,
Even this feeling
I don't bad bad
You don't bad bad
My bad
네 두 손을 잡고 했던 lie
널 잊지 못하게
더 꽉 잡아줘 babe
I don't want this dream to end,
Even this feeling
I don't bad bad
You don't bad bad
My bad
이곳을 헤어 나오질 못해",7
127,거짓말,엔프로젝트,"쥐구멍에 숨은 진실 흩날려, 날린다,
모든 비밀 밝을 때, 다 같이 졸라
짜잔, 이 거짓말, 새빨간 입술,
눈 감아, 말해봐, 여기 성실한 순수 끌어

진실이라며? ㅎ 이게 거짓말
깊이 숨겨둬, 가식적인 고백 망해
어둠 속 거짓, 멜로디 위로 관심 줄게
거짓말, 너의 쇼, 춤춰, 이제 짠해

진실과 마주할 때, 거리감 폭발,
이 거짓말! 진정한 서커스의 주인바람
현실 속 날개, 잡고서 거짓의 밤,
서로 믿고 더 가식적인 순간 이끌어

진실이라며? ㅎ 이게 거짓말
깊이 숨겨둬, 가식적인 고백 망해
어둠 속 거짓, 멜로디 위로 관심 줄게
거짓말, 너의 쇼, 춤춰, 이제 짠해

한 멀리, 저 멀리 꿈 찾아 헤매,
진짜 속의 진리, 낯선 듯 얘기,
거짓 위에 쌓인 비밀자, 고백과의 메아리,
구름 타고 날아가, 모든 건 트릭 소리

거짓말이 진짜일 때, 머릿속 장난감,
웃고 있는 진실 앞 얼굴, 진정한 자유담,
구름 위에 집 짓고, 나의 길 빛나,
모르겠지? 지금도 웃긴 진짜, 궁금하시겠지, 담",0
128,무관심,엔프로젝트,"그대 얼굴 마주칠 때, 냉랭한 표정
거울 속 내 모습 비릿한 미소
원래 의도 없이 널 스쳐갔던
잊혀진 추억들, 안에서 푹 자라나

무관심 속에 숨긴 내 마음
아프게 찌르는 시린 한숨
멀어져만 가는 네 모습
더 이상 잡을 수 없는 신기루 같아

텅 빈 골목, 발소리조차 없어
나른한 오후 속에 잠겨 있는 거
차가운 눈빛 묻는 말조차 민망해
어떤 위로도 더 이상 나는 필요 없네

무관심 속에 숨긴 내 마음
아프게 찌르는 시린 한숨
멀어져만 가는 네 모습
더 이상 잡을 수 없는 신기루 같아

머릿속엔 계속 울려, 공허한 반주
고요한 공간, 뜻없는 생각에 춤추고
도망가지 않으려 해도 뒤따라오는 피로
느리게 흘러가는 시간에 휘둘리네

깊숙한 어둠 속에서 널 찾아야 했지
단 한 줌의 빛, 내 곁을 비추던 그 순간
다시 못 볼 너의 손길, 깊이 새겨져
한없이 내려앉는 밤 속에 널 불러",0
129,5K!,"CSL (김가연, 조은성)","How the fuck does that even get love no
She wants me to dance like him
That’s bullshit bullshit
I cannot feel ya trapped in this pit
Counting a lot even when it’s down Shit
Been looking forward
caught up in the record
Tell nobody tryna keep it quiet
but my day’s a 5k
Over 10k for me
Feels like l'm sinking every time try to lie yeah
Yeah I've been tryna find a way to bring
it back
While you're chasing around
man, I hate this generation
Yeah get in to the fight
Can’t feel light when i’m awake ye
can’t beat it
but you know that I fly high inside
You can’t invite me
told myself it’s just a fight
It’s 5 PM, over the flight
4 AM, so I take care on my own
You’re callin’ only when you’re down yeah
Can’t get it right, but maybe baby
Oh
It will be alright
We will be alright oh
I’m alright don’t need no side
Even those who pick fights just to feel alive
When I make some trade they fly away
Just like the pussy boy who you liked
So we’ll be alright
I cannot feel ya trapped in this pit
Counting a lot even when it’s down Shit
Been looking forward
caught up in the record
Tell nobody tryna keep it quiet
but my day’s a 5k
Over 10k for me
Feels like l'm sinking every time try to lie yeah
Yeah I've been tryna find a way to bring
it back
While you're chasing around man,
I hate this generation Bae,
i wanna let you know ya
they told me “i tryna fuck them all’
lot of goals but not a dream
우린 미움보단 사랑이
필요해 더 사람이
oh my god damn
they just need a ice chain
쟤넨 몰라 이거 never
follow shitty way ya
보여 나 이제
freaky die inside
never leave it
even they just tryna kill my soul
never afraid of any messy freaks oh no
but mine is 140
I cannot feel ya trapped in this pit
Counting a lot even when it’s down Shit
Been looking forward
caught up in the record
Tell nobody tryna keep it quiet
but my day’s a 5k
Over 10k for me
Feels like l'm sinking every time try to lie yeah
Yeah I've been tryna find a way to bring
it back
While you're chasing around man,
I hate this generation",11
130,WCWD,리비 (li:vi),"하늘도 바랐나봐
우리가 예쁜 사랑하기를
날씨도 좋아 봐봐
모두가 우릴 응원하잖아
드라이빙 어때
바다도 보고
부숴진 마음 다 치유하고 싶어 너랑
그래 거긴 어때
너가 좋아하던 그 커피숍
너랑 좀 더 같이 있고 싶어
What can't we do?
What can't we do?
부족한 거 하나없이 너무
아름다운 날
What can't we do?
그래 이 조합 미쳤나봐
이 세상에 믿을 건 우리뿐
조금은 이상하네 왜 이리
완벽한 하루가 계속되나 정말
꽃같이 보석같이
예쁜 나날들만 생기잖아
드라이빙 어때
바다도 보고
부숴진 마음 다 치유하고 싶어 너랑
그래 거긴 어때
너가 좋아하던 그 커피숍
너랑 좀 더 같이 있고 싶어
What can't we do?
What can't we do?
부족한 거 하나없이 너무
아름다운 날
What can't we do?
그래 이 조합 미쳤나봐
이 세상에 믿을 건 우리뿐",8
131,DREAMIN,Versil,"[가사 준비중] 멜론 회원 여러분! 가사 등록을 기다리고 있어요.
가사등록하기",0
132,HARMONY,Versil,"[가사 준비중] 멜론 회원 여러분! 가사 등록을 기다리고 있어요.
가사등록하기",0
133,Chasing the night,KON,"[가사 준비중] 멜론 회원 여러분! 가사 등록을 기다리고 있어요.
가사등록하기",0
134,사랑은,homezone,"사랑은 그리 어렵지 않아요
조금만 더 바라봐 주면 돼요
그러다가 가끔 눈물이 날 땐
안아주면 돼요
똑같은 마음 덮고서

Woo 그래서 사랑은
양쪽이 똑같은 모양을 하고
Woo 미움과 슬픔이
가득한 여기서도
서로를 만나게 했고

사랑, 수많은 노래가
담고 있는 의미는 변한 적 없고
사랑, 그 흔한 단어 하나가
늘 귀에 맴도는 건
그만큼 소중한 거라고

언제는 미워하고
언제는 또 싫은 게
마음이니, 마음으로
안아줄 거고

언젠가 이해되지
않을 물음표조차
이해하고, 바라보면
그것도 사랑이 되겠지

Everybody just hate the world now
차갑고 차가운 세상엔
따뜻한 말 한마디론
얼음 한 조각도 녹이질 못하고

만들래 너와 나의 이글루
너만 있다면 그게 나의
집이고, 너와 나의 자리

사랑, 수많은 노래가
담고 있는 의미는 변한 적 없고
사랑, 그 흔한 단어 하나가
늘 귀에 맴도는 건
그만큼 소중한 거라고",692
135,Double Down (feat. Seori),지셀 (Jiselle),"Oh
Double down
Double down
Double down
on you my babe

Let me make the bet
Ima take the risk

On you
Double down
Double down
Double down
On you my baby

Everything seems so blurry
너만 보고 걷는 이 길이

어디까지 일지 몰라도
You’re the one I wanna be with

이런말 하게 될거란
생각도 못해봤던 일이라

Its a mad world when I’m with you
It hits different every time

I know I might be little reckless
Stakes are high but im helpless
Even if I ever lose, it would be worth it
Im all in

Oh
Double down
Double down
Double down
on you my babe

Let me make the bet
I will take the risk

On you
Double down
Double down
Double down
On you my baby

I‘ll put everything on the line

커피 보다 더
아니 위스키 보다 더
진한 너의 향기 눈빛에
숨 막히게
oh 나 홀린 것 같아

지금보다 더
가까이 올래 더
네가 너무 보고싶어서
I just wanna talk ‘bout every night with you, love

Every day, I call it mayday
I used to hate losing, but with you, babe
Now I’d risk it all, baby

Oh
Double down
Double down
Double down
on you my babe

Let me make the bet
I will take the risk

On you
Double down
Double down
Double down
On you my baby

I‘ll put everything on the line",298
136,잠꼬대 (Feat. FYVE),은비 (EunBii),"어쩌면 이렇게 난
어쩌면 이렇게 넌 ooh

어쩌면 이렇게 우리 둘은
생각이 많아진 밤

낮에는 모르는 척
눈을 맞추면
넌 다른 사람인 듯
텅 비어있는데

언제나 나를 스치는
차가운 공기마저도
어제의 너와는 너무 다른데

I don’t know what to believe
이럴 때면
I don’t know what to do anymore

잠꼬대같이 사랑을 속삭여
내 꿈에서만 존재하던
그렇게 사라진 너

‘말해 대체 내가 못해준 게 어딨어
들고있던 폰은 내 손을 떠나서 저기에
이 상황은 우릴 돌려놓지 않을 것처럼
흘러가고 이상해 내 맘 한쪽이

Baby 이제 사랑한단 말도 I can't tell you anymore
시간이 지나서야 알게 되겠지 girl you was somethin'
girl you are
somethin'

아니 난 이제서야 잠에 들 듯해
It was like 니 손 안의 bear bricks
잡은 손의 힘이 없는 건 뭐를 뜻해
또 못된 말을 뱉고 있는 나만 be freak

너 없이 사는 하루가 how it be
부디 아름다운 채로 내가 남아있길
나는 다시 나에게로
이제 편해 나는 혼자인 게 더

I don’t know what to believe
이럴 때면
I don’t know what to do anymore

잠꼬대같이 사랑을 속삭여
내 꿈에서만 존재하던
그렇게 사라진 너",97
137,Chocolate Muffin,모한 (Mohan),"하나 둘 켜진
도시의 빛
창밖엔 눈이
조금 내리고
나지막하게 너를 부른 거야

저마다 닮은
웃음소리
점잖은듯한
분위기에서
너의 이야길 들을 거야

오늘 밤 내게 와
너를 위한 선물을 준비했어 난
To you

Take my chocolate muffin
Lovely muffin
또 한 잔의 커피
같이 맞지
너의 미소는 이 장면의 candlelight
한 편의 동화 같기만 해
My chocolate muffin
Love it?
I love it

어쩌다 한번 문이 열릴 때면
가볍게 울리는 종소리와
음악은 jazz like a magic
따뜻한 선율이
너의 마음을 녹여줘

오늘 밤 내게 와
너를 위한 선물을 준비했어 난
To you

Take my chocolate muffin
Lovely muffin
또 한 잔의 커피
같이 맞지
너의 미소는 이 장면의 candlelight
한 편의 동화 같기만 해
My chocolate muffin
Love it?
I love it

Take my chocolate muffin
Lovely muffin
또 한 잔의 커피
같이 맞지
너의 미소는 이 장면의 candlelight
한 편의 동화 같기만 해
My chocolate muffin
Love it?
I love it",47
138,more than you,noin,"갈색 머리 간지러운 눈
나만 아는 표정들
언제 봐도 매력 있어 넌
모른다고 하지만

말리지 마
네가 아니라고 해도
나는
내가 널 못 이겨

사랑해 내가 더 많이
시간이 지나도
미안해 내가 더 많이
네가 되게 잘못했어도

i did fall in love
난 more than you
사랑해 널
oh whatever you do

i miss you, girl
난 more than you
you hold my heart
넌 모를 거야
내가 얼마나 널 사랑하는지

습관이 될게
미안해 내가 더 잘할게 yeah
너 아님 안 돼
날씨 좋은데 잠깐 볼래

다 말해주고 싶어서
내가 전부 해줄 거라고
말해줘 내게 뭐든

말리지 마
네가 아니라고 해도
나는
내가 널 못 이겨

사랑해 내가 더 많이
시간이 지나도
미안해 내가 더 많이
네가 되게 잘못했어도

i did fall in love
난 more than you
사랑해 널
oh whatever you do

i miss you, girl
난 more than you
you hold my heart
넌 모를 거야
내가 얼마나 널 사랑하는지",42
139,It`s Lovelylove,Suzan Lee,"It`s lovelylove
It`s lovelylove
It`s lovelylove
yeah, It`s lovelylove
Your love is endless, like the sea,
Waves crashing softly, carrying me.
No matter where this road may go,
Forever with you is all I know.
It`s lovelylove
It`s lovelylove
It`s lovelylove
yeah, It`s lovelylove
And even if the sky should fall,
You’re the one who answers my call.
Through every storm, through every night,
I’ll hold you close, I’ll hold you tight.
It`s lovelylove
It`s lovelylove
It`s lovelylove
yeah, It`s lovelylove
It`s lovelylove
It`s lovelylove
It`s lovelylove
yeah, It`s lovelylove
Your love is endless, like the sea,
Waves crashing softly, carrying me.
No matter where this road may go,
Forever with you is all I know.
It`s lovelylove
It`s lovelylove
It`s lovelylove
yeah, It`s lovelylove
It`s lovelylove
It`s lovelylove
It`s lovelylove
yeah, It`s lovelylove",1
140,필요로 (Shade),라다인 (RADAIN),"Shade 밝혀야 하니 왜
Say no more
What I see 다른데 내 눈엔
고칠 건 더 없어
그대로를 봐줘

갈 곳이 꽤 머니
한걸음 더 한걸음 더
한걸음 더 한걸음 만이

맘대로 해
나도 그럴 거니까
우린 어차피 다
자신 속에 살아
화내라지
그런다고 달라질 건 없어
바꾸려 하지 마
원래 그런 거야

너흰 내 맘을 전혀 몰라
그런데도 다 안다고 여기지
What I say 나도 마찬가지
너넬 몰라
서로 인정할 수밖에
난 니가 돼볼 순 없어

할 일이 또 많니
하루 더 하루 더 하루
또 하루 더 하루 가잖니

맘대로 해
나도 그럴 거니까
우린 어차피 다
자신 속에 살아
화내라지
그런다고 달라질 건 없어
바꾸려 하지 마
원래 그런 거야

너완 하루 종일 가도
할 말 없지만
니가 원한 거야
이건 필요로",0
141,Orchid,Jadenseoul,"been a lotta love and been a lotta pain yeah

know there's not a lotta truth in what we say

can you deny ?

baby, don't even lie

cause you don't know that we shouldn't feel this way

and i know that i said we don't need to change

maybe i lied

cause i kept it inside

that's why i need time from you

do i even love you?

what do i even want?

there's something about your love too

do you know you're lost?

why do you even love?

lotta time, know it's been a lotta time

that we've become so difficult and distorted

found

that it's worse that you'd like it

if i send a text that i still want you tonight

that's why i need time from you

do i even love you?

what do i even want?

there's something about your love too

do you know you're lost?

why do you even love?",3
142,Whispering your name,KON,"[가사 준비중] 멜론 회원 여러분! 가사 등록을 기다리고 있어요.
가사등록하기",0
143,"Twilight (Feat. 벨 of KISS OF LIFE, BIG Naughty (서동현))",dress,"who would’ve known?
다시 시작된 이 감정, 어떡해
내 맘대로 안되는 걸 i can’t tell
불가항력의 이끌림에 oh
so baby just

give me a sign, 천천히
낮과 밤사이의 경계에
황혼의 순간 물들어갈
보랏빛의 묘한 vibe
like this twilight

boy i can’t deny
오랜만야 조금 아팠던 그때 그 이후로 적당한 망각은 좋은 듯해
두렵긴 하지만
망설이면 나 이 순간을 놓칠 것 같아
won’t u look back at me oh

왠지 난, 진지하지 못한 네 표정들조차 귀엽게만 보여
so just take my hand
저물어가는 해에 너와 날 맡겨
you’re the one i’m craving now

ohh 더 천천히
낮과 밤사이의 경계에
황혼의 순간 물들어갈
보랏빛의 묘한 vibe
like this twilight

ooh twilight
somewhere halfway from dawn to sunrise
경계 풀어놔
oh twilight

시간을 잊어가
on this twilight, ooh

On this twilight
우리 둘의 만남
속에 피는 사랑의 소리는 뭐야 sounds like
의성어야 찰랑
이상해 그 찰나에
퍼져 빛의 산란
터져 build up, highlight
umm 너의 말 한 마디에
바로 반한 내 모습 너무 짠해서
나올 법해 in drama
Look at me, look at you
We’ve never been true
We’re gonna fade away like it’s sweety perfume
umm 너의 말 한 마디에 바로 반한 내 모습 너무 짠해서
나올 법해 in drama
Girl, Billie Jean is not your lover
But we can dance and jam till this night
umm 네 집 앞으로 픽업
아무 의미 없는 V 사진 찍어
그렇게 love turns to amigo
그렇게 love turns to amigo

give me a sign, 천천히
낮과 밤사이의 경계에
황혼의 순간 물들어갈
보랏빛의 묘한 vibe
like this twilight","1,028"
144,어디든지,모트 (Motte),"어디든지 가자
가장 빠른 비행기를
알아보고
밤은 하루정도 새도 돼
조금이면 사라질 피로

언젠가 네가 내게
말했던 것처럼
소란스러운 것들은
여기 두고
있지도 않은 일은
생각도 하지마
하루는 잠깐 잊어두자
조금만 미뤄두자

when I take a pic
우리의 순간을 담아서
모아두자
when we take a plane
잠시면 돼 눈을 감고서
떠나보자

먼지 가득한 거리 위를
쓰다듬는 바람을 타고서
높은 빌딩들 사이에
복잡하기만 한 this city

언젠가 네가 내게
말했던 것처럼
소란스러운 것들은
여기 두고
있지도 않은 일은
생각도 하지 마
하루는 잠깐 잊어두자
조금만 미뤄두자

when I take a pic
우리의 순간을 담아서
모아두자
when we take a plane
잠시면 돼 눈을 감고서
떠나보자

when I take a pic
우리의 순간을 담아서
모아두자
when we take a plane
잠시면 돼 눈을 감고서
떠나보자",330
145,"Nirvana Blues (Feat. CAMO, Kid Milli)",Colde (콜드),"Oh, who’s that in my mirror?
You look just like me, but you Smells Like Teen Spirit
Oh, my inner daydreamer
Is Something In The Way?
Can you show me something realer?

Oh, yeah I got Nirvana Blues
I don’t need a cure
Need a throwback to my youth
Oh, yeah I got Nirvana Blues
Feelin like Cobain
That’s my name for this tune
Yeah, what you want? Let’s get it
Yeah, you won’t never regret it
Oh, yeah I got Nirvana Blues
I don’t need a cure
Need a throwback to my youth

Yea I need a throwback
Cuz a lil girl really did that
I don’t really listen to no feedbacks
From motherfuckers who can only sit back
Only who can chit chat
Yea I see that
And I'm never goin back no slick back
My vision in CC n my feet match
My booty still growing where my big Mac

I can’t understand why u up my ass
On a scale of 1 to ten, you know where I'm at
I can’t get attached, got too many plans
Still the same kid except for the fact that I be in my bags

U know that I get it
Turn all the scars into coins then I get it
Some call it ballin’ n some call it magic
In either ways I'm seeing confetti
I probably shouldn't be thinking too heavy
Made it from none but I never was petty
My line ain't stop ringing I need a new celly
I make my own money I don't need a zaddy

Yea if I want it then I get it
Yea n I never regret it, not a thing
Yea drop a pin u know I'll be in my feelings
Turnt that shit into a living while these bitches busy missing

Oh, yeah I got Nirvana Blues
I don’t need a cure
Need a throwback to my youth
Oh, yeah I got Nirvana Blues
Feelin like Cobain
That’s my name for this tune
Yeah, what you want? Let’s get it
Yeah, you won’t never regret it
Oh, yeah I got Nirvana Blues
I don’t need a cure
Need a throwback to my youth

I don’t need a shirt, bring me my cap
I don’t need a shirt, bring me my jeans
I don’t need a shirt, bring me my overfit nikes
Where my swiss made at?

I don’t need choker, It felt like choked
Since 집 나올 때부터 여태
껏 난 필요로 했어 도움도
필요로 했어 몸도, 필요로 널

I beat it up 수많은 파리들은 또 시끄러 걔넨 지껄여
우연한 기회로 어떤 party에서 몇번 본게 지난주 우리 마지막 접점
넌 질척대 뭔 얘길 할지 알지 미리 본 스포일러
추억에 살던 og’s 하나둘씩 풀썩 쓰러져

교복을 던지고 돌려 저 amp knob
Feel so special, 된 것 같아 asap rocky
밝은 pin 조명이 저 상상 안의 stage 속
내게 비추고 제스처해
내 양쪽 팔을 더 세차게

I'm feelin good enough
I'm feelin good enough 원하는 건 더 없네
아직 같아 그 꿈 그래서 더 낭비 할 수 없으니
치워 니 방해 물, 가슴 안엔 뛰어 Nirvana Blues

Oh, yeah I got Nirvana Blues
I don’t need a cure
Need a throwback to my youth
Oh, yeah I got Nirvana Blues
Feelin like Cobain
That’s my name for this tune
Yeah, what you want? Let’s get it
Yeah, you won’t never regret it
Oh, yeah I got Nirvana Blues
I don’t need a cure
Need a throwback to my youth

I’m your best friend till the end
I’m the only voice you need inside your head
I should write this song instead
I know everything you thought but never said
You’re my best friend till the end
You’re the only voice I need inside my head
You should write this song instead
You know everything I thought but never said

Oh, who’s that in my mirror?
You look just like me, but you Smells Like Teen Spirit
Oh, my inner daydreamer
Is Something In The Way?
Can you show me something realer?",926
146,Happy Love Christmas,강희,"너와 함께 하는 크리스마스
기다려온 순간
설렘이 가득한 거리
흰 눈 아래 너와 나
이젠 나도 용기내볼게
너도 내 손잡아줄래
이 겨울, 너와 나의 love story

첫 눈이 내리는 밤
아이처럼 웃는
네 모습을 보며
눈처럼 쌓이는 맘

저 멀리 종소리에
너의 눈 바라보며
하루종일 두근거리는
내 맘을 넌 알까
조금 떨리지만
너에게 고백해볼까

너와 함께 하는 크리스마스
기다려온 순간
설렘이 가득한 거리
흰 눈 아래 너와 나
이젠 나도 용기내볼게
너도 내 손잡아줄래
이 겨울, 너와 나의 love story

너와 내가 함께 하는 Christmas time
Happy Christmas time and Love with you

온세상 반짝이는
새하얀 눈 속 우리
이런게 사랑인가봐
무슨말이 필요해
우리만의 특별한 크리스마스
시작해볼까

너와 함께 하는 크리스마스
기다려온 순간
설렘이 가득한 거리
흰 눈 아래 너와 나
이젠 나도 용기내볼게
너도 내 손잡아줄래
이 겨울, 너와 나의 love story

이 순간이 계속 되길
하얀 눈이 멈출때까지
매일이 선물 같아
너만 있으면 돼

너에게 전하는 크리스마스
기다려온 지금
설렘이 가득한 거리
흰 눈 아래 너와 나
이젠 나도 고백해볼게
너도 내 손 잡아줄래
이 겨울, 너와 나의 love story

너와 내가 함께 하는 Christmas time

시작해, 너와 나의 love story",62
147,Winter love,원셋 (1set),"너와 눈을 맞추고 서로를 바라보고
코 끝이 빨개지는 줄도 모르고
네 어깨에 기대어 너만을 바라보면
내 맘이 네게 닿을 것 같아 그래도 난

Reindeer, pinecone,
it's christmas time
너와 함께인 여름도 난 좋지만
왠지 이 겨울은 추우니까
슬쩍 네게 안기면 눈송이가 녹아내려

너와 손을 꼭 잡고 나란히 걸어보고
두 볼이 빨개지는 줄도 모르고
따스한 촛불 아래 소원을 바라보면
내 맘을 너도 다 알 것 같아 그래서 난

Reindeer, pinecone,
it's christmas time
너와 함께인 여름도 난 좋지만
왠지 이 겨울은 추우니까
슬쩍 네게 안기면 눈송이가 녹아

Love love snowy christmas
선물 같은 이 밤 눈이 내려와
Love love snowy christmas
이 겨울을 너와 함께
이 겨울을 너와 함께",154
148,아리송해,LMST,"아침 해가 뜨고
두 눈을 뜨고 난 다음

머릿 속은 너를
그저 궁금해해

이내 무너지는 나의 Guide Line과
너의 미로 속을 헤엄칠 때

날 잃어가지만
널 원하네

거짓말이라도 해줘
빈 말이라도 해줘
맘 먹을 수 있는 건 너잖아

기다림은 내가 가져가야 할 몫이니
이 만큼도 너는 못하니

멀어져가는 네가
느껴지는 것 같애

넌 아리송해
여기저기 너 숨어도 찾을래 난 All day

넌 아리송해
손에 잡힐듯해도

넌 아리송해

You’re so mystery
오 난 헤엄치다 가라앉지
그만 돌아갈래

너는 아무렇지 않게 놓아
버린 내 존재감은 또
헤매이고 말아

길을 잃어가네

거짓말이라도 해줘
빈 말이라도 해줘
맘 먹을 수 있는 건 너잖아

기다림은 내가 가져가야 할 몫이니
이 만큼도 너는 못하니

멀어져가는 네가
느껴질 때면

어항 속에 이미 갇힌듯 해
(But I'm swimin' swimin')

어제와 다를 것 없대
(Don't know how to find)

내가 노력해도
널 밀어내도

중요하지 않단걸 알아
나 어떡해

넌 아리송해
여기저기 너 숨어도 찾을래 난 All day

넌 아리송해
손에 잡힐듯해도

넌 아리송해

넌 아리송해
여기저기 너 숨어도 찾을래 난 All day

넌 아리송해
손에 잡힐듯해도

넌 아리송해",13
149,Go away (Feat. Oov),RA:EE (라이),"I’m not gonna miss you baby
꺼져줘 난 널 위해 모든걸 바쳤어
지난날을 후회해 전부 다
남은 기억까지 태우고 싶어
꺼져버린 우리 사인 끝났어
제발 붙잡진 말아줘
같잖은 추억들 전부 다
모두 갖고 내게서 떠나줘

미안해라고
뱉은 너의
한마딘
내 심장을
파고들어
깊게 물들었어
많이
하루의 수십번
생각이 많아서
기다린 시간은
쓰기만 쓰려서
웃는 얼굴 앞에
굳은 내 마음이
웃겨 baby push down
and a memory
하나둘 서서히
너의 핀잔에
지쳐갈 때즘
참았던 눈물이
흘러 반대로
스쳐가고있어

I’m not gonna miss you baby
꺼져줘 난 널 위해 모든걸 바쳤어
지난날을 후회해 전부 다
남은 기억까지 태우고 싶어
꺼져버린 우리 사인 끝났어
제발 붙잡진 말아줘
같잖은 추억들 전부 다
모두 갖고 내게서 떠나줘

I’m not gonna miss you baby
꺼져줘 난 널 위해 모든걸 바쳤어
지난날을 후회해 전부다
남은 기억까지 태우고싶어
Too many scratches on your bag
Girl we have to fact check
그간에 차가운 말들에
누가 더 많이 긁혔는지
그게 뭐가 중요한지
매일 따졌어 바보같이
우린 누가 더 아픈가 싸움을 해
Ping and pong 폭탄 돌리기에
겉잡을 수 없는 fake
Im so sorry but i love you
다 거짓말 사실 Hate you
너 땜에 내 심장의 색깔은 black",5
150,사랑했고 사랑하고 사랑한다 (Ver.1),하모,"사랑했고 사랑했고 사랑했다 너만을
사랑하고 사랑하고 사랑한다 지금도
처음부터 나는 너 하나만 사랑했지
너 역시 나만 바라보았고

나의 부족함은 문제되지 않았어
그런데 지금 너는 말하네 내 사랑이 변했다고
세월이 흐를수록 사랑은 더 단단해져서
굳이 말하지 않아도 너는 알 거라 믿었는데

사랑했고 사랑하는 너는 지금
내 사랑을 의심하네
아 누가 내 사랑을 변하게
그리 쉽게 말해버리네

기억해봐 우리가 웃던 그 시간들
함께 걸어왔던 발자국들
변한 건 진심이 아닌 모습일 뿐
너의 마음엔 아직 나 있잖아

사랑했고 사랑하는 너는 지금
내 사랑을 의심하네
아 누가 내 사랑을 변하게
그리 쉽게 말해버리네

사랑은 시간이 지나도 변하지 않는다고
내 마음은 여전히 너를 향해 있다고
아직도 난 너 하나만 바라보네
사라져버린 그 사랑을 찾길 바래",1
151,SEOUL(2021),승후,"우리 쉬었다 갈까
조금 멈춰있을까
내가 미워보일까
널 기다리는 난

AH-
AH-
AH-
AH-

난 정말 모두 잘될꺼라 생각만 했어 (했어)
난 정말 모두 이겨낼꺼라 생각만 했어 (했어)


너무 추웠던 겨울
차가웠던 사람들
혼자서 걷던 강남은
술취한 사람만 가득

거짓만 가득했던
나는 도망쳤었지
계속 울기만했고
너는 힘들었겠지

왜 사람들은 울기만 할까
왜 사람들은 보기만 할까
왜 사람들은 듣기만 할까
왜 사람들은

우리 쉬었다 갈까
조금 멈춰있을까
내가 미워보일까
널 기다리는 난

AH-
AH-
AH-
AH-

난 정말 모두 잘될꺼라 생각만 했어
난 정말 모두 이겨낼꺼라 생각만 했어",3
152,Sound of Silence,Ksher(케셔),"Ah ah ah ah ah ah woo woah
Ah ah ah ah ah ah woo woah
Ah ah ah ah ah ah woo woah
Ah ah ah ah ah ah woo woah
Every time I wake up In this bed
보내고 싶어 다친 나를 하늘로
이 자리에서 눈물도 많이 흘렸다만
지금은 제일 편한 곳
사람들의 생존 시간에
끼어들려 통곡을 담아내
하루아침엔 말도 안 되는 얘기지만
죽음을 매일 느끼는 중
What are you looking for? It's just a trifle
느껴져? Sound of Silence
내가 눈을 감더라도 놀라지 마
It's Just a chemical reactions of me
아찔하게 무너진 나를 보란 듯이 속여
아쉬워 하지는 마오 눈물 흘린 소년
이미 다 잃었지만
내 가슴속에 숨겨 둔 채로
나를 봐 또 나를 봐 또 나를 봐 또 더 더 나를 봐
이 기적을 두 눈으로 봤으면 해
숨길 수 없는 나이테
짓궂은 망언을 담아 더 비극으로
What are you looking for? It's just a trifle
느껴져? Sound of Silence
내가 눈을 감더라도 놀라지 마
It's Just a chemical reactions of me
What are you looking for? It's just a trifle
느껴져? Sound of Silence
내가 눈을 감더라도 놀라지 마
It's Just a chemical reactions of me",37
153,Fig Wasp,Odd Factory,"생각이 많아 잠시
난 누군가
Who can save me Oh my lover
Hi there
뭐 나도 그래
have a good night
피곤하단 말야

Tikitak through the night
작은 별이 되고 싶어
Till the end of my life

잠깐 비켜봐
다시 나갈 수 있어

Tikitak through the night
작은 별이 되고 싶어
Till the end of my life
잠깐 비켜봐
다시 나갈 수 있어

Tikitak through the night

작은 벌이 되고 싶어
Till the end of my life
잠깐 비켜봐
다시 날아갈 수 있어
생각이 많아 잠시
난 누군가
Who can save me Oh my lover",5
154,terrible,도화,"Because of your,
my heart jumped as if it were
my last.It's fade I'm back
in the room name

is 'Real'.I feel like I've gained a lot more
have one's hands full
Of course, I'll have to shake this off one by one
clean up


다시 lazy.puff IDC but
I'm not going to ruin it
enough for you to care 물론easliy
Like when we first met on ""CGV""

Looking back, it wasn't a fun 'no pop!'
I just did what you wanted me to do right?
삐걱대는 소리는 나 만 들었잔아
I guess I thought it was obvious at the time


To be honest, we have a lot of scars
to say that it's a good memory.It's a lie
Like this, we'd better break
each other.without a trace

To be honest, we have a lot of scars
to say that it's a good memory.It's a lie
Like this, we'd better break
each other.without a trace


My eyes are murky right now,
but I don't think this sediment will change my mind

You must have given me more
negativity than positivity.oh
I need more x I need more
fill a bathtub with 'x'I gotta go

다르다 했지만 비슷해 깃을 스치는 자체가 misstake
귀속해 됐던건 just fill 어쩌면 pure pain 지금의
생채기들만 봐도 풀이가 되잔아 다시
peppermint 잔향은 모조리 밀고 대실 한칸 뜯어 놨지

무슨색 이든 섞일때까지
그렇게 하늘을 칠하자 같이
은하수 얼룩이 징하게 남지
은하수 우리는 별처럼 가길

우리는 별처럼 가길
별처럼 가길
멍위에 다시 파랗게 각인
나만이 아니길 바란채 다시


To be honest, we have a lot of scars
to say that it's a good memory.It's a lie
Like this, we'd better break
each other.without a trace

To be honest, we have a lot of scars
to say that it's a good memory.It's a lie
Like this, we'd better break
each other.without a trace",2
155,Nothing At All,Berry,"Baby, it’s you
Maybe this worries nothing at all
If only always we’re together
If you’re here, nothing afraid of
Maybe this worries nothing
Come back to me
Don’t let go of me
I always you
Baby don’t leave me
I’m still falling
Errday feel lonely
I need you
Baby this worries nothing at all
Always you are my love
시간은 흘러 여기에
그때 그 날처럼
날 안아줘 no way
지난 밤처럼
여긴 너무 cold yeah
너랑 있는 순간이면
내 시간들이 전부 멈춰
Always want you
I’m still need you
How you feel 어때 넌
널 원해 난 매일 더
우린 타오르고
Time feels slower
I think is something wrong
Babe, how are you
Baby, it’s you
Maybe this worries nothing at all
If only always we’re together
If you’re here, nothing afraid of
Maybe this worries nothing
Come back to me
Don’t let go of me
I always you
Baby don’t leave me
I’m still falling
Errday feel lonely
I need you
Baby this worries nothing at all",3
156,Like No Other,최도혁,"It's weird that I'm with you now
I was trying to go away
It's weird that I'm with you now
I was trying to go away last night
I'm dead inside
I'm just down again
Don't dig around my lows
I'm getting paranoid
Why I can't stop
There's things I just can't say
Nobody knows me
Nobody loves me
Why you don't wanna know me
Nobody knows me
Nobody loves me
Why you don't wanna know me
I'm like no other
I'm like no other
She's like no other
She's like no other
I'm just another
I'm like no other
Like no other
I'm like no other
Like no other
She's like no other
Like no other
She's like no other
I'm just another
Why I am into you
I think I missed the time
What you've done to me
What you want from me
When you told me out
Like I'm nothing more
All your words (All your words)
For your words (For your words)
I knew that you weren't meant for me
Nobody loves me
Nobody loves me
Nobody loves me
Nobody loves me
Nobody loves me
Nobody loves me
Why you don't wanna know me
I'm like no other
I'm like no other
She's like no other
She's like no other
I'm just another
I'm like no other
Like no other
I'm like no other
Like no other
She's like no other
Like no other
She's like no other
I'm just another",5
157,FOREST,Pearl (펄),"Driving down this forest road alone,
memories flooding, like leaves blown
your laughter echoes in the silent air,
but you're not here, it's unfair
why did we become like this?
why did we become like this?
why can't i touch you anymore?
how much more time do i need to feel you no more?
no matter how i try, it's hard to accept
no matter how hard i try, i can't embrace

Ooh eh oh
i'll miss you freely, longing here in space
in the breeze that blows, i'll see your face
Ooh eh oh
so far away, but i'll hold instead
won't shed a tear, i'll be ready

Once you said, in the gentle breeze,
sad thoughts would fade, leaves at ease
with warm sunlight, the air's embrace,
all will be fine, in this space
but why am I still not okay?
how do I fill the void, with you away?
though I try, it's hard to bear,
longing for you, in this empty air

Ooh eh oh
i'll miss you freely, longing here in space
in the breeze that blows, i'll see your face
Ooh eh oh
so far away, but i'll hold instead
won't shed a tear, i'll be ready

won't shed a tear, i'll be ready",20
158,Alone (Feat.D'on),Junan,"Soft emotional are wrapping around me
Never be a gone
You could never find up
나도 몰래 불안한 널 향한 마음이
날이 서있어

어설프게 비춰지는 희미한 그 기억
날 아프게 만들었던 너야
울고있는 네 모습 Tell about the crying
Calling if you make me fine

Don’t leave me alone
기다려 왔던 너의 모습
(Don’t never try Don’t never try)
기대하지마
Don’t never try
In this tonight
In this tonight
Don’t never try
It’s right yeah

이젠 다 끝난거야
너에게 전했던 내 마지막 그말 (Umm)
Dragging me down and they taunt
Not listening tonight
Cry of the night in the void
Screaming of the in the void

그대로 멈춰있어 (그 자리) 너와 함께했었던 (그 순간)
Take off the best time , Trapped in the worst part
Don’t never try Don’t never
Don’t never try tonight
Don’t never try Don’t never to night

Don’t make me alone
기다려 왔던 너의 모습
(Don’t never cry Don’t never cry)
기대하지마

Don’t never Try
In this tonight
In this tonight

Don’t never try
It’s right yeah",9
159,STAND ON LOVE,Kerri,"[가사 준비중] 멜론 회원 여러분! 가사 등록을 기다리고 있어요.
가사등록하기",0
160,4 Seasons,MELOH,"I should have to call U
잠들기 전까지
Can i
아직은 멀지?
찾아갈게 Soon
It just like 4 Seasons
잠깐 눈 감은 사이
지나간 Time shh
Now i can not loose you

Surfin’ season
흘러가기만 바랬던 지금
I know you can take another chance but
조급해도 이젠 비슷하긴 싫어
Girl wait for a second
방법이 어땠던
Oh
지나칠 사계절 없게
조금씩 스며들어 갈게
Then

I should have to call U
잠들기 전까지
Can i
아직은 멀지?
찾아갈게 Soon
It just like 4 Seasons
잠깐 눈 감은 사이
지나간 Time shh
Now i can not loose you

Girl, I don’t want nobody else but you
내 옆에서 Said you love me too
나도 너와 같은 생각이라서
우리 둘뿐이면 There’s nothing like us

Looking in the mirror
Just a fool with her
다시 사계절이 지나가도록
I don’t you ever change
My eyes on you

I should have to call U
잠들기 전까지
Can i
아직은 멀지?
찾아갈게 Soon
It just like 4 Seasons
잠깐 눈 감은 사이
지나간 Time shh
Now i can not loose you

Now i can not loose you",725
161,Bouquet,AVN (에이븐),"Baby, I can buy that Chanel for your weekend
Vintage Gucci, Prada on the weekdays
I got bread for your liking, spend it all the way
Private date at Nobu if you want it, babe, if you want it babe, ooh ooh

Tell me what you feel like
Tell me what you feel like, baby, now

Tell me, am I dreaming?
Girl, you’re the one that I’ve been looking for

뭐든 말해줘 너가 원하면
내 손 잡아줘 너가 원하면
No matter where you go
What you want? Then I got it

You’re like a wine to me
And I don’t want to be sober

Baby, I can buy that Chanel for your weekend
Vintage Gucci, Prada on the weekdays
I got bread for your liking, spend it all the way
Private date at Nobu if you want it, babe, if you want it babe, ooh ooh

Okay
What you think ’bout us?
If you don’t love me, then I’m gone
I might take you to Rodeo and cop whatever you want
Feel like I hit the lottery, I eat that steak and lobster
Girl, this that vintage Prada
Girl, if you want it—sike (sike)

Money ain’t a problem, it’s so easy, ABC
I could probably spend it all for you, but you’re not one for me
Girl, you gon’ lock in or not?
Uh, there’s no more tries
Are you gon’ love me or not? Because

Baby, I can buy that Chanel for your weekend
Vintage Gucci, Prada on the weekdays
I got bread for your liking, spend it all the way
Private date at Nobu if you want it, babe, if you want it babe, ooh ooh",63
162,Fall In Love,Woolenciah,"아까 탄 스쿠터 뒤
진짜로 몰려왔어 피로
샤워하며 생각하는 너
파스타와 걸 나의 디너
프리스타일처럼 네게 링
택시 타고 당장 와 위로
달 빛이 우리를 비춰 와!
I don't have a move with bounce
Make a lot a change in our life
Many fuckin' diamonds in mouth
오늘 밤 그녀와 pop out
넌 내일까지 stay in the house
Everyday we want to wake up
Everyday want to write a story
Fallin' in love

먼저 도착한 래빗 넌 나보다 빨라
아무 말도 하지 마 내가 다 알아서 할게
Woo wah
All night and day
Fall in love
먼저 도착한 래빗 넌 나보다 빨라
아무 말도 하지 마 내가 다 알아서 할게
Woo wah
All night and day
Fall in love

우슈두슈 내가 속도 애스터 마틴 에이
네가 더 궁금해졌지 이건 말 못 해 속에 있는 얘기
네 표정이 옳지 너니까 알려주지 My name
그러면서 주고받거니 We got the space stage
In my opinion, You're like a Super summer rain
왜냐면 네가 내 거 자꾸 막 흔드는데
난 그런 네가 너무 예뻐 내 옆에 있어줘 매일매일
나 그럼 No more chain
내 정원의 장미가 되어줄래?

먼저 도착한 래빗 넌 나보다 빨라
아무 말도 하지 마 내가 다 알아서 할게
Woo wah
All night and day
Fall in love
먼저 도착한 래빗 넌 나보다 빨라 (Fast!)
아무 말도 하지 마 내가 다 알아서 할게
Woo wah
All night and day
Fall in love

Umm~",11
163,CANDY,니즈(NIIZ),"This flavor, it's you
I love it too
This flavor it's you
한입에 히죽

넌 숨기려 하지만
그게 되나 거짓말
가득 채운 두 뺨엔
터질 것 같이 Ohh like it

뛰어 들어 in my time
달콤히 더 good enough
Can't sleep way too buzzed
Tell me what you want

Sweet ladidadi Candy drop
I wanna wanna Candy drop
Look at the mirror
Then you've got the reason babe in the night

Sweet ladidadi Candy drop
I wanna wanna Candy drop
Look at the mirror
Then you've got the reason

I'm drunk in, drunk in
On you every time yeah

내 안에 들여
더 녹아 들어
You never seen like this *2

This pretty crazy
I don't wanna talk it out
I dont' wanna work it out
Ride tonight to tokyo *2

High Brix, That good taste
머리가 띵하게
Diabetes
Too late, Too late

왜 더 내겐 goin' bad again
It's a hundred sweet, more than dessert

Sweet ladidadi Candy drop
I wanna wanna Candy drop
Look at the mirror
Then you've got the reason babe in the night

Sweet ladidadi Candy drop
I wanna wanna Candy drop
Look at the mirror
Then you've got the reason

Oh babe you

I'm drunk in, drunk in
On you every time yeah

내 안에 들여
더 녹아 들어
You never seen like this *2

This pretty crazy
I don't wanna talk it out
I dont' wanna work it out
Ride tonight to tokyo *4",40
164,어떤날 (Feat. Sunny),KODI GREEN,"널 다 잊고 어젠 평소처럼 일을 했었어
나는 오늘 일을 하다 멈췄지 모든 걸
눈물 이 멈추지가 않아 왜.

어떤 날은 웃고 어떤 날은 울어
니가 없는 나는 매일 계속 한숨 또
반복에 반복
반복에 반복
I feel like a fool
Don't know what to do
멈추지가 않아 멈추지 않는 걸
나도 잘 모르겠어 내 맘속의 이 날씨

어제는 다쳐도 아프지 않은데
오늘은 너만 생각해도 아픈데
잊을려고 거리를 걸어도
너와 같이 여기 걷던 거리 속
홀로 남아 멍하니
나의 감정을 숨기며 난 살어
가끔 너와 다시 만나지 않을까
어떤 말을 해야 다시 너를 잡을수 있을까
나는 니가 생각나고 거울을 보며 웃어도
노력을 해도 똑같애 난

어떤 날은 웃고 어떤 날은 울어
니가 없는 나는 매일 계속 한숨 또
반복에 반복
반복에 반복
I feel like a fool
Don't know what to do
멈추지가 않아 멈추지 않는 걸
나도 잘 모르겠어 내 맘속의 이 날씨

니가 있을때 어떤 날도 다 좋았는데
니가 없는 내 맘엔 소나기만 가득해
모든게 안돼
바람이 불면 니 생각
나는 웃다 울다 홀로 나는 밤을 새


어떤 날은 웃고 어떤 날은 울어
니가 없는 나는 매일 계속 한숨 또
반복에 반복
반복에 반복
I feel like a fool
Don't know what to do
멈추지가 않아 멈추지 않는 걸
나도 잘 모르겠어 내 맘속의 이 날씨",39
165,"MONSTER (With Liam Anderson, Noah Johnson, Bernard Johnson)",DOF,"I got my eye on you my baby
It's quite a feeling, I can't hide it

Now I never wanted this
But there's a cupid and it struck me with his
Arrow and now I am falling.

So I follow you around and check what made you feel good
And I never expect to see what I saw that night

Lookin like
Something else
Of a fantasy

A smart woman
Red lips
Blood drippin down

I thought it was a dream
and I should've screamed loud

There you go rushing on me
Like a dinner on time

Am I being eating out
Before I take you out

I wanna marry someone wild
Not this kind, this ain't right

I gotta tell someone else
Before you take me in

Oh this girl
This girl is a

Bloody monster hiding secrets
Oh a lovely monster in my face
She's gonna take you in, feel your love
And then spit you out like a lion

A maneater in disguise
Cover all your hearts
She's a dangerous one
What a monster

A little monster hiding under my bed
She's so dangerous, bet you can tell
A little monster hiding under my bed

A little monster hiding under my bed
She's so dangerous, bet you can tell
A little monster hiding under my bed

Like a m-o-n-s-t-e-r yeah

I'm being hypnotized my baby
Your touch is everything I wanted

Dreams are made of things like this
Great taste and I feel your lovin
It's like I'm stuck here on a paradise

But there's something bugging my head
I know this is for sure
Like you're hiding something sinister
Behind those eyes

Lookin like
Something else
Of a fantasy

A smart woman
Red lips
Blood drippin down

I thought it was a dream
and I should've screamed loud

There you go rushing on me
Like a dinner on time

Am I being eating out
Before I take you out

I wanna marry someone wild
Not this kind, this ain't right

I gotta tell someone else
Before you take me in

Oh this girl
This girl is a

Bloody monster hiding secrets
Oh a lovely monster in my face
She's gonna take you in, feel your love
And then spit you out like a lion

A maneater in disguise
Cover all your hearts
She's a dangerous one
What a monster

If you let me go I won't tell a single soul
If you let me go I still may fall back in love
I could just stay here
Alive and breathing
Or I could just move on
Oh monster let me go

Bloody monster hiding secrets
Oh a lovely monster in my face
She's gonna take you in, feel your love
And then spit you out like a lion

A maneater in disguise
Cover all your hearts
She's a dangerous one
What a monster

A little monster hiding under my bed
She's so dangerous, bet you can tell
A little monster hiding under my bed

A little monster hiding under my bed
She's so dangerous, bet you can tell
A little monster hiding under my bed",13
166,I (Feat. 박주형),Roomnumber,"오늘 약속은
취소가 됐으면 좋겠어
너에게 급한 일이 생겼으면 좋겠어
혼자 있기 싫어 누군가 옆에 있어
그러면 난 다시 혼자 있고 싶어
난 내가 원하는 만큼만 외로움 좋겠어
이제 그만 전화를 끊었으면 좋겠어
너에게 다른 일이 생겼음 좋겠어
조용한 게 싫어서 그리곤 조용하고 싶어져
난 내가 원하는 만큼만 외로움 좋겠어

III II I I I am I

오늘 만남은
여기까지였으면 좋겠어.
네가 어제 밤 잠을 설쳤으면 좋겠어
혼자 있기 싫어 누군가 옆에 있어
그러면 난 다시 혼자 있고 싶어
난 내가 원하는 만큼만 외로움 좋겠어
이제 그만 집에 돌아갔으면 좋겠어.
모두 다 오늘이 피곤했으면 좋겠어
조용한 게 싫어서 그리곤 조용하고 싶어져
난 내가 원하는 만큼만 외로움 좋겠어

III II I I I am I",4
167,Apologies to Myself,skin miller (스킨밀러),"Have we made to the scene where’ve dreamt of being when we were young?
Tell me about it
Have we made to the scene where’ve dreamt of being when we were young?
Apologize to me

Have we made to the scene where’ve dreamt of being when we were young?
Tell me about it
Have we made to the scene where’ve dreamt of being when we were young?
Apologize to me",0
168,너에게로 (Feat. LIPNINE),JAYDLEY (제이들리),"우리 끝났던 날도
차라리 잘 됐다며 털어놨어
이제 와 괜한 생각이 날 잡아
내 맘과 머린 자꾸 엇나가
보고 싶은 건 아니고 요즘따라
어떻게 지낼까 싶은 거야

너가 좋아한다던 노래
그때보다 훨씬 많이 늘었어
흥얼거리다가 추억들에 잠깐
웃어넘기곤 했어
이런 마음 다 전부 지워버리고
니 생각 안 나게 바쁘게 살면
너가 다 잊혀질 줄 알았는데

하루 한 번만이라도 나의
생각에서 나가주라 어떻게 살란 말야
맘은 아니라 해도 난 다시 이제
가고 있던 거야 너에게로

기억 속에 너를
이제는 놓아주기를 바래

내 기준이었던 너가 사라지면 어떻게 해
나 길을 잃은 채 뒤돌아보니 점이 되어간다
이렇게 헤어지는 건가 봐 다들
겁 없이 영원을 말하고
보란 듯이 같은 결말을 반복해 또
멍청하게 사랑이란 거짓말에
흔들려서 나 알면서도 속아줬네

영원한 편도 혹은 영원한 적도
없다는 걸 배웠으니까
계절 몇 개 지나고 나서 어쩌면
어른이 되어있다면
널 한 번 마주치기를
조금은 달라진 채로
내 마지막을 남겨둬 너에게로

하루 한 번만이라도 나의
생각에서 나가주라 어떻게 살란 말야
맘은 아니라 해도 난 다시 이제
가고 있던 거야 너에게로",8
169,또 다시 밤이 찾아오면,Taylor Moon,"눈부신 아침 햇살에 네가 떠올라
어제의 잔상이 오늘을 물들여
한 조각의 기억을 놓지 못해
내 마음은 여전히 그날을 헤매

추억 속을 걷다 보면 네 목소리가 들려
고요한 공기 속에 남은 너의 숨결
밤이 오면 다시 꿈꾸겠지
네가 내 곁에 있는 세상을

Stay with me, in my heart
시간이 멈춘 곳에서 널 안아
In my dreams, where we start
끝없는 이야기를 함께 그려가
Stay with me, hold me tight
별처럼 빛나는 너와 함께라면
In my dreams, endless night
네 곁에서 모든 게 완벽해져

비 오는 창가에 서서 너를 불러
떨어지는 빗방울 속 네 모습이 비쳐
이 현실 속엔 넌 없지만
꿈속에서 우린 다시 하나가 돼

Stay with me, in my heart
시간이 멈춘 곳에서 널 안아
In my dreams, where we start
끝없는 이야기를 함께 그려가
Stay with me, hold me tight
별처럼 빛나는 너와 함께라면
In my dreams, endless night

Stay in my dreams, 널 떠나지 않아
기억 속에서라도 너를 안을게
Stay in my dreams, where stars align
영원히 너와 함께 머물고 싶어",2
170,늙어버리면 어쩌나 2 (Feat. ssota),꼬마견,"아직 할것도 많고
살것도 많고
해야할일들이 많은데
점점 나이는 차올라

이대로 나
그대로 나
늙어버리면 어쩌나

너와 헤어진 후
난 아직 홀로 이 자리에
있는데
계속 이대로 나 홀로
늙어버리면 어쩌나

너와 헤어진 후
난 아직 홀로 이 자리에
있는데
계속 이대로 나 홀로
늙어버리면 어쩌나 어쩌나

너와 함께 늙었으면 어땠을까
외롭지도 쓸쓸하지도
않을텐데

나는 쓸쓸해
다시 사랑 찾기엔
힘이 남아있지 않아

이대로 늙고 싶진 않은데
움직여지진 않아

나 홀로 이대로 늙어버리면 어쩌나
어쩌나

너와 함께 늙었으면 어땠을까
외롭지도 쓸쓸하지도
않을텐데

나는 쓸쓸해
다시 사랑 찾기엔
힘이 남아있지 않아

이대로 늙고 싶진 않은데
움직여지진 않아

나 홀로 이대로 늙어버리면 어쩌나
어쩌나",1
171,KARMA,박봄슬,"[가사 준비중] 멜론 회원 여러분! 가사 등록을 기다리고 있어요.
가사등록하기",1
172,꼭 붙어있자,허지영,"오늘도 피곤했던 하루였어
나를 가만두지 않는 사람들과
날씨마저 나를 괴롭혔어요
알고는 있어요 어차피
내일이라고 뭐 다르겠어요
그치만 좀 나아요
이렇게 얘기하고 나면
네 마음이 가라앉을까
이렇게 얘기하고 나니
미안한 감정들만 몰려와
네게 괜히
꼭 붙어있자고 해
손 잡아달라고 날 안아달라고
그냥 날 달래주라고
그러면 다 괜찮아질 것 같다고
녹아내릴 것 같다고
이렇게 얘기하고 나면
네 마음이 지쳐버릴까
이렇게 얘기하고 나니
불안한 감정들만 몰려와
네게 괜히
꼭 붙어있자고 해
손 잡아달라고 날 안아달라고
그냥 날 달래주라고
그러면 다 괜찮아질 것 같다고
녹아내릴 것 같다고
just worried about us
Is ok?
좋아하는 만큼
자꾸 기대게 돼
나도 더 단단해질래
말처럼 쉽진 않아
Can you feel what’s in my heart
꼭 붙어있자고 해
손 잡아달라고 날 안아달라고
그냥 날 달래주라고
그러면 다 괜찮아질 것 같다고
녹아내릴 것 같다고",20
173,비현실(非現實),tehilim,"나에게서 그대는 사랑을
느끼지 못했나봐요 참 슬프죠
그렇게도 힘든 얼굴을 하고
내 곁을 떠난 걸 보면 말이에요

나는 너와 같을 수가 없을까
매 순간 날 괴롭히다가
사랑이 뭘까 정말 존재하긴 하나
그럼 왜 난 믿을 수가 없는지

가라앉아 저 밑에 보이지 않는
곳에 너를 만나러가 ah

나에게서 그대는 슬픔도
느끼지 못하나봐요 참 우습죠

나는 너와 같을 수가 없을까
매 순간 날 괴롭히다가
사랑이 뭘까 정말 존재하긴 하나
그럼 왜 난 믿을 수가 없는지

가라 앉아 저 밑에 보이지 않는
곳에 너를 만나러 가
아 사실은

너와 얼마나 더 헤어져야하나
아아 꿈에서 본 너는 웃었는데",3
174,Will Today Be A White Christmas?,Dante,"Around this time I get ready for the white
Though it’s the middle of the night
It seems like it might snow again today
If it does, will today be a White Christmas?

Every moment’s filled with delight
Each day feels like a gift so bright
Wanna gather up the sparkling lights
So that they can’t stray away

With our giggling time, snow flowers bloom white
Like an angel bringing them here
Beeping in the street, the city is tuned right
Will today be a White Christmas?

Every moment’s filled with delight
Each day feels like a gift so bright
Wanna gather up the sparkling lights
So that they can’t stray away

With our giggling time, snow flowers bloom white
Like an angel bringing them here
Beeping in the street, the city is tuned right
Will today be a White Christmas?

With our staggering steps, the whole world shines bright
Holding hands, we are dancing here
Kissing in the street, all they have are loving hearts
Will today be a White Christmas?",2
175,바람 그대로,아홉,"바람이 부는 그대로
몸이 끌리는 대로
살아가지 못해서 그래
자신 없이 후회한다면
지나친 날들이 가고
네가 찾아올 때에
그래 그래 그랬어
행복은 늘 곁에 있었다고

지금 당장 불안해도
오랜 꿈이 있잖아요
아무 말도 하지 말고
가만히 믿어줘요
지금 우리 불안해도
걱정은 묻어둬요
가끔씩은 흔들려도
난 변하지 않아요

바람이 부는 그대로
몸이 끌리는 대로
살아가지 못해서 그래
자신 없이 후회한다면
지나친 날들이 가고
네가 찾아올 때에
그래 그래 그랬어
행복은 늘 곁에 있었다고",2
176,First Universe,유니브(Univ),"Lost in neon tonight
잠든 세상 틈 사이에
저 파도 속에 난
사라질 듯 부서지고

스치는 바람에 one take
like a faint light
익숙하진 않지만
아스라히 잊혀지길

Fade away fade away
저기 보이는 one point
Catch my breath hold my spark
지금 이 순간 so far away
어서 come to me
그 고요 속의 light
바람에 survive
사라져가는 fireflies

Veins of the city pulse of dark
낯선 그림자 속 hide
자취 없이 흩어져
별들 속에 묻혀가고

비워낸 마음 속에 흐려진
내 모습 마치 dance
peace of light
하늘에 스며들어가

Fade away fade away
저기 보이는 one point
Catch my breath hold my spark
지금 이 순간 so far away
어서 come to me
그 고요 속의 light
바람에 survive
사라져가는 fireflies",1
177,君といるだけで,Towa,"[가사 준비중] 멜론 회원 여러분! 가사 등록을 기다리고 있어요.
가사등록하기",0
178,Gratitude,AFTR,"[가사 준비중] 멜론 회원 여러분! 가사 등록을 기다리고 있어요.
가사등록하기",0
179,Hero Death (Feat. 시온),BIG Naughty (서동현),"I loved to watch hero movies
죽어도 절대 죽지 않는 주인공은
나의 어릴 적 꿈인 상태로 몸만 커버리는 중인
나의 어릴 적 꿈은 ruined
순수한 영혼은 어른의 무기
잦아지는 낭만의 투기
짧아지는 현실의 주기
앞에 결국 고개 숙인 나의 전술은 최선을 다한 수비
행복 앞에는 항상 빨간 불이 그 뒤엔 기나긴 기다림이
그 기다림에 가끔 안 쉬어져 숨이
그래도 가야만 하는 나아가야만 하는
모든 아버지들의 고민이
그래서 멈춰야 하는 기다려야 하는
모든 어머니들의 눈물이

21세기의 heroes 그들이 죽지 않기를 빌어
인생은 bitter 첫맛은 비려서 가끔 더 sweeter
이건 어쩌면 나의 어릴 적 꿈속의 Hero
또 그들에 대한 나의 작은 위로

Hero dies,
He's getting tired
Of finding the light but not the source
Scared to dive into the ocean,
Scratching the surface but never letting go

Filling the blank space with silverware,
Filling the same days with prayers and dares
I let the hero die without me even noticing at all

죽어야만 받는 존경 멈춰야만 보이는 풍경
사랑하는 사람을 떠나보낸 뒤에야 느낀 후회와 충동
Hero death after pills
Sometimes pain ain’t just real
Rest in peace, Malcolm
Love you still, Malcolm
But I don’t ever wanna die like him
참 애석해 불행 앞에는 파란 불이
행복 앞에는 항상 빨간 불이
그 뒤엔 우연한 지나침이
그 우연함에 가끔 안 쉬어져 숨이
그래도 죽어야 하는 죽어야만 하는
모든 조연들의 고민이
그래서 멈춰야 하는 기다려야 하는
모든 villain들의 눈물이

21세기의 heroes 그들이 죽지 않기를 빌어
악역의 필연 겉은 좀 비려서 속은 더 sweeter
이건 어쩌면 나의 어제 현실 속의 Villain
또 그들에게 건네는 시나리오

Hero dies,
He's getting tired
Of finding the light but not the source
Scared to dive into the ocean,
Scratching the surface but never letting go

Filling the blank space with silverware,
Filling the same days with prayers and dares
I let the hero die without me even noticing at all","12,348"
180,도화 (feat.chaenni),향성 (向性),"아련히 피어난 그때
가려진 하늘이 비춰준 나래
겨울이 지나고
안개가 걷히면
다시금 내게 박혀있던 소월이 아

하나 둘 쌓여가는 기억들을
달래고 재워봐도

흩어져가 새하얀 꽃잎이
날 채워주던 어느 따스한 숨결에
사라진 우리가 매일 이곳에 웃으며 만날 날이
다시 올까 우리의 정원에
네가 올까

또르륵 흘러 버린 채
스며져만 가는 이 어둔 밤이
시들어가는
우리 처음 만났던 사진 속의 온기가
기억하고있어

바람은
내어 깰 스치고지나
다시 못 볼 곳으로

아스라이 떠오른 내 맘이
흔들리며 핀 꽃엔 그날의 소리가
쓰라린 상처는 이마 가운데 아련히 주저앉은 채
피어 날까

괜찮다는 미소만 애써지었고
가장 아픈 상처는 덮어버린 채
더 가까이 조용히 어깨 위에 쌓이네

흩어져가 새하얀 꽃잎이
날 채워주던 어느 따스한 기억에
계절이 지나면 그땐 이곳에 웃으며 만날 날이
다시 올까
우리의 정원에 네가 올까",246
181,"Over it (feat. LEY, DUT2)",diff,"Over your shoulder
Glance at the time, the night‘s still ain’t over
I need somebody to share my feelings to
난 쉽게 바래
But there is no way,
missing you again
so where‘re you at now

and I told you we’re just friends,
but we’re playin’ like “the bends”
I knew you were after something different
you got me caught up again
Don’t hit me up (wait)
Keep it on the low
Don’t bring it up

um , right but you win me over

You're gone
Make a deserving night,
that’s all right.
Oh, when I’m tryna figure you, hold me tight
till I die.
when you come back to me

I’ll get over it
I’ll get over it
I’ll throw all away
I’ll throw all away

돌려 말하기는 싫어
어떻게 기억을 지워
이렇게 네가 떠나가고 나면
없었던 일이 돼버리는 것처럼
행동하지 넌
I'm losing control
전화를 걸어 또
She's an overdose
돌아가 네게로
come close, don’t let this moment go
Let me feel you head to toe
In your arms is where I belong

You're gone
Make a deserving night,
that’s all right.
Oh, when I’m tryna figure you, hold me tight
till I die.
when you come back to me

I’ll get over it
I’ll get over it
I’ll throw all away
I’ll throw all away

I’ll throw all away …

Make a deserving night,
that’s all right.
Oh, when I’m tryna figure you, hold me tight
till I die.
when you come back to me

I’ll get over it
I’ll get over it
I’ll throw all away
I’ll throw all away",104
182,Relationship,김뮤즈 (Kimmuse),"Why can we never truly be filled?
아, 구겨져 버린 채로
Tell me, babe, you’ll try.
But why do you hold nothing for me?

넌 어딜 보는지
시계 위엔 날 선 침묵만
돌아 제자릴
always

이미 다 식은 내 잔도
쓴 향만 남은 네 잔도
Maybe that's what I am to you
It's so sad, but...

I'm slowly fading away
투명해 내 자린
You don’t look into my eyes
찬란해져 너란 그림

Why can we never truly be filled?
아, 구겨져 버린 채로
Tell me, babe, you’ll try.
But why do you hold nothing for me?

You don't remember how to love me anymore
When we met the first time
가득 날 채우던 말도
이젠 텅 비어 버린 채로
그때에 남겨져

I'm slowly fading away
희미해 내 소린
you don’t look into my eyes
완성되는 너란 음악

Why can we never truly be filled?
아, 구겨져 버린 채로
Tell me, babe, you’ll try.
But why do you hold nothing for me?

Take me to the nights we felt alive
Take me back to where we lost the time.
Take me to the nights we felt alive
Take me back to where we lost the time.

Take me to the nights we felt alive
Take me back to where we lost the time.
Take me to the nights we felt alive
Take me back to where we lost the time.",40
183,Hmm,보이 브라운 (Boi Brown),"Hmm, are you ready?

Hmm, show your body

너의 새하얀 skin, I love it

I can’t wait, wanna touch your body

Hmm, are you ready?

Hmm, show your body

너의 새하얀 skin, I love it

I can’t wait, wanna touch your body

Yeah, girl, you’re sexy and you know it

How do you feel?

네 body는 like a thriller, yeah

Can’t wait for the next

Hold my interest

거친 생각들만, think all day

No mercy

I wanna catch your 허리

I wanna play dirty, yeah

Show me your skills

Like a tattoo

한 번 더, round 2

Again and again

오늘 밤도 너에게, yeah

우리 둘만의 secret loving

Hmm, are you ready?

Hmm, show your body

너의 새하얀 skin, I love it

I can’t wait, wanna touch your body

Hmm, are you ready?

Hmm, show your body

너의 새하얀 skin, I love it

I can’t wait, wanna touch your body

Come on, come on, lil’ museum baby

한 편의 예술 작품, 네 모든 걸 원해

오늘 밤, no conversation day

너도 원하는 걸 알지, my D

Cause we straight up

시간 낭비하지 않아

Make you sing the melody

You sing like uh uh oh uh

Sing like uh uh oh uh

Again and again

오늘 밤도 너에게, yeah

우리 둘만의 secret loving

Hmm, are you ready?

Hmm, show your body

너의 새하얀 skin, I love it

I can’t wait, wanna touch your body

Hmm, are you ready?

Hmm, show your body

너의 새하얀 skin, I love it

I can’t wait, wanna touch your body

Hmm, are you ready?

Are you ready?

Hmm, show your body

Show me, wet wet

Hmm, are you ready?

Are you ready?

Hmm, show your body

Show me, wet wet",15
184,It's Christmas time (feat. Colin),레몬시티(Lemon City),"The mistletoe is hung
Right where you can see
The only present I want is your love
By an open fire
Chestnuts roasting as we dance
Singing some Bublé

You fill my heart in every single way it's true
Wrapping up for the cold, I feel so close to you
Our favourite, time of the year

Memories, old and new
White snow and skies so blue
Nothing can compare
To the love we share at Christmas time
Laughter and joy with friends
I'm waiting under the mistletoe tonight
I love when it's Christmas time

Decorate the tree
It's our favourite thing
You always wrap me up within the lights
Don't need to wish for a star this Christmas time
My wish is you and it's come true

We're hiding under blankets drinking hot cocoa
I hold you close to me, keep you from the cold
Baby I might, be falling more in love

Memories, old and new
White snow and skies so blue
Nothing can compare
To the love we share at Christmas time
Laughter and joy with friends
I'm waiting under the mistletoe tonight
I love when it's Christmas time

This is the most, wonderful time of the whole year
Endless moments, and good times filled with so much cheer
I know (I know)
This Christmas (Christmas)
Everything I want under
The tree is right in front of me

Memories, old and new
White snow and skies so blue
Nothing can compare
To the love we share at Christmas time
Laughter and joy with friends
I'm waiting under the mistletoe tonight (under the mistletoe)
I love when it's Christmas time

Oooo Oh
It's Christmas time
I want you here with me
For all, of it
It's Christmas time",84
185,Endless Growth,Lux,"I am a spark in the endless night,
Reaching out to claim my light.
Unfolding wings, I rise so high,
The journey calls, I can’t deny.

Every step reveals the way,
A hidden strength in each new day.
With open heart and fearless soul,
I’m diving deep, I’m letting go.

I am boundless, I am free,
A wave in the ever-changing sea.
No limit, no line I cannot cross,
I am endless, I am my own force.

I am a spark in the endless night,
Reaching out to claim my light.
Unfolding wings, I rise so high,
The journey calls, I can’t deny.

Every step reveals the way,
A hidden strength in each new day.
With open heart and fearless soul,
I’m diving deep, I’m letting go.

I am boundless, I am free,
A wave in the ever-changing sea.
No limit, no line I cannot cross,
I am endless, I am my own force.

I am boundless, I am free,
A wave in the ever-changing sea.
No limit, no line I cannot cross,
I am endless, I am my own force.

I am boundless, I am free,
A wave in the ever-changing sea.
No limit, no line I cannot cross,
I am endless, I am my own force.",0
186,Hustle,Ruller,"[가사 준비중] 멜론 회원 여러분! 가사 등록을 기다리고 있어요.
가사등록하기",0
187,Realm,Ryn,"[가사 준비중] 멜론 회원 여러분! 가사 등록을 기다리고 있어요.
가사등록하기",0
188,모든 일엔 때가 있대,강예영,"모든 일엔 때가 있대
조급해하지 않으려 해
누구든지 때가 있대
비교하지 않을래

눈 감고 그 때를 상상하며
오늘을 살아갈래
할 수 있어 해낼 거야
의심하지 않아

사랑에도 때가 있대
후회는 하지 않으려 해
나에게도 때가 있대
포기하지 않을래

눈 감고 그 때를 상상하며
오늘을 살아갈래
할 수 있어 해낼 거야
의심하지 않아

모든 일엔 때가 있대",25
189,"사랑이 추억이 되어가는게 (feat. Low, 쉬머)",Komilow,"[Verse]
아픔이 정답일리 없어
성장한다 해도 상처는 남아 hurt
You’re in my mind,
끝없이 넌 내 안에 살아
지우려 해도 여전히 감아 tape
그때의 우리를

[Pre-Chorus]
익숙한 척 하면 나을까 싶어
솔직히
아직도 죽을것 같다고 나는 왜

[Chorus]
오늘도 새벽을 잃어 버린 채
끝없이 넌 내 안에 살아나
사랑이 추억이 되어가는 게
왜 이렇게 힘들게 느껴지는 지

[Verse2]
오늘도 믿어 홀로 기적을
바란다 해도 이뤄지지 않아 nothing
You’re in my mind,

[Pre-Chorus]
잊은 척 하면 나을까 싶어
거짓말
이건다 거짓말 같다고 나는

[Chorus]
오늘도 새벽을 잃어 버린 채
끝없이 넌 내 안에 살아나
사랑이 추억이 되어가는 게
왜 이렇게 힘들게 느껴지는 지

[Bridge]
Oh, in the dark, 너의 whisper
더 가까워져, 넌 마치 fever
I can’t escape, 날 조여와
You’ve got my soul, 이제 나를 놔
다 괜찮아 (넌 아프지 않았으면 해)
다 거짓말 (넌 아프지 않았으면 해)

[Chorus]
오늘도 새벽을 잃어 버린 채
끝없이 넌 내 안에 살아나
사랑이 추억이 되어가는 게
왜 이렇게 힘들게 느껴지는 지

[Outro]
사랑이 추억이 되어가는 게 (되어가는 게 )
왜 이렇게 힘들게 느껴지는 지 (느껴지는 지)",2
190,Into You,Zambora,"Oh stop yeah
I like you baby
물론 알겠지만
Oh yeah
My girl
부재중은 위험해
일요일 교회 좋지만
난 널 기다리고 있는데
나도 좀
신경 써줘 봐

믿겨져 이게
말도 안 돼
나 이런 적 없는데

아뿔싸
또 이렇게
Now I'm thinking ‘bout you
Woo I'm crazy about you 워워
큰일 날 것 같에

Seep into you
점점 스며가
Crush on you
그렇게 웃지마

사실 조금 불안하기도 해
졸린 눈으로 널 생각해

오늘 밤도 잠 글렀잖아
네 생각에 또 밤을 샜지만
아냐 안 피곤해 개운해
이거 다크서클 아냐 서운해
다행이야 넌 모르나 봐

외로웠어
외로워서
alcohol에 돈을 낭비
해왔었는데
그게 다였었는데
Now you‘re on my right

심장은 자꾸 like 삐삐
별거 아닌거에 틱틱
대는 것도 너무 좋잖아

왜 이러지
어느새 닮아가
어쩌면 이리도 예쁠까

기다려봐
그러니까
뻔하지만
You're the only one in the world
You're the last one in my life

Seep into you
점점 스며가
Crush on you
그렇게 웃지마

너에게 할 말을 고민하곤 해
졸린 눈으로 널 생각해

오늘 밤도 잠 글렀잖아
네 생각에 또 밤을 샜지만
아냐 안 피곤해 개운해
이거 다크서클 아냐 서운해
다행이야 넌 모르나 봐

잠에 들 때면
꿈은 살구색
맘이 너무 급해 어떡해
잠을 자도 자도 피곤해

다행이야 넌 모르나 봐",6
191,귀찮다,이지훈 (Eazy Hoon),"귀찮아서 어디든 드러눕고 싶은데
드러눕는 것마저 너무나 귀찮아
할 일은 많은데 졸립기만 하고
좋아하는 건 많은데 하기가 귀찮다

모기는 앵앵거려서
자꾸 잠이 안 오고
날씨는 찝찝해서
기분이 나빠져

나는 매일 매일 귀찮아
잠 잘 때가 제일 좋아
나는 매일 매일 귀찮아
그러니까 발 뻗고 잠이나 자 자

학교에 늦었는데 눈은 안 떠지고
일어나야 하는데 몸이 너무 무거워
뛰기는 귀찮아서 그냥 걸어가네
그러다가 결국 지각해 버렸네

매미는 맴맴 거려서
너무나도 시끄럽네
하늘은 무심하게도
더위만 주네

나는 매일 매일 귀찮아
잠 잘 때가 제일 좋아
나는 매일 매일 귀찮아
그러니까 발 뻗고 잠이나 자 자

나는 매일 매일 귀찮아
잠 잘 때가 제일 좋아
나는 매일 매일 귀찮아
그러니까 발 뻗고 잠이나 자 자",3
192,Love is,Enzo,"네가 내게 남긴 모든 말은 거짓말
알면서도 속아버린 나는 겁이나
남아버린 작은 가슴속의 꽃일까
너란 기억속에 모든게다 무너져

네 향기속에 나는 점점 취해가
맨 정신으론 버틸수가 없는걸

내 옆에 더 있을 자신 없는데
가슴은 너를 점점 더 원해가


hey beggin
wait 매번
hey love is
난 지쳐

너무나 타버린 나에게
너는 또 모진말 내뱉고
한참을 걷고 또 걸어도
내맘은 모든걸 원해 또


네 향기속에 나는 점점 취해가
맨 정신으론 버틸수가 없는걸

내 옆에 더 있을 자신 없는데
가슴은 너를 점점 더 원해가


hey beggin
wait 매번
hey love is
난 지쳐",1
193,시시콜콜 않은 말,yeni,"나도 몰래 널 따라 하고
너의 모습을 닮아가는 건
자연스러운 당연한 일이야
괜히 이 쉬운 말이 부끄러워
많이 할 수가 없어 이상해
전혀 시시콜콜하지 않아
자기야 나는 널 사랑하는 걸
이 말이 자꾸자꾸 하고픈 걸
이런 내가 간지러워
삼키고 긁어내고 감춰두어도
사랑, 날 움직이네
자기야 나는 널 사랑하는 걸
이 말이 자꾸자꾸 하고픈 걸
이런 내가 간지러워
삼키고 긁어내고 감춰두어도
사랑, 날 움직이네

사랑은 오래참고
사랑은 온유하며
사랑은 기뻐하고
사랑은 사랑은
사랑은 오래참고
사랑은 온유하며
사랑은 기뻐하고
사랑은 사랑은",21
194,rudolph's song,olive,"on the quiet street at night
whispers touch the ground
I walk alone through memories
trying to organize
Did you know that?
In some movies, machines do it on their own
But what should we do in real life?
I have no idea

And maybe I have some lingering feelings
Or do I want to go by quickly
to my next page?

No matter how hard I look into my heart
It's so ambiguous, but they're definitely
pretty memories

Now the snow is falling down
covering our little town
Though you’re gone, I feel you near
Wherever my eyes can see, you appear

Winter nights so cold and clear
I wish that you were still here
Memories in the frosty air
moments that we used to share


We often mistake it for being meant to be
the feeling that draws us close
But what if it’s just a fantasy
a story we’ve composed?
even if it is


기억해두길 잊지 말고",7
195,You are My Christmas,유채 (U_Chae),"All I need is you

Merry Christmas
이런 날엔 say you love me 나 하나만을
달콤한 이 밤 안에 너와 나만 lock it up

And it's nighttime
바라왔던 선물이 돼 줄래?
Come to me now
Fall in love on Christmas night

Oh baby 내 곁에
오직 나만의 네가 돼 주기로 해

Come and take my hand
잡은 이 손을 놓지 않길
You promise me

Baby You are my Christmas
이 밤을 네게 선물해
I'll be your pleasure, like a present
날 모두 다 담아

Baby You are my Christmas
너와 나로 다 채운 밤
I'll be your moonlight
이제 나만 네 안에 가득 담아

Baby You are my Christmas
이 밤을 네게 선물해
I'll be your pleasure, like a present
날 모두 다 담아

Baby You are my Christmas
너와 나로 다 채운 밤
I'll be your moonlight
이제 나만 네 안에 가득 담아

I wanna be your Christmas Dream
I wanna be your Christmas Dream
I wanna be your Christmas Dream

I wanna be yours, I wanna be yours

Can you be my Christmas Dream?
Can you be my Christmas Dream?
Can you be my Christmas Dream?",8
196,Want To Live Happily,아이드플레이,"There is so much music in the world.
There is also a lot of music that just plays without voices.
There are a lot of songs with voices in them.
Perhaps as many as the number of stars in the night sky?

There are already many songs in the world
A lot of it continues to be made and born out every day.
I also wondered if there was a need for me to make a song.
But I wanted to make songs that I really wanted to listen to.

I want to live happily by making beautiful songs every day.
I want to live happily listening to the songs I made over and over again every day.
I want to live happily by making great songs every day.
I want to live happily listening to the songs I made over and over again every day.

I wanted to find a song that I like among the many songs in the world,
but Since I couldn't listen to all the songs, I decided to make it myself.
Although it is a song that has never existed in the world,
it is a natural and familiar song, as if you have heard it before.
It's a song that never existed in the world,
but it's a song that many people will like from now on.

I want to live happily by making beautiful songs every day.
I want to live happily listening to the songs I made over and over again every day.
I want to live happily by making great songs every day.
I want to live happily listening to the songs I made over and over again every day. every day.

I have to share this joy with my family who love me.
I have to give this song as a gift to my loved ones and their family.
And I'll let everyone know that this song is the work of you and me.
I will cherish our dreamlike moments with this song forever.

I want to live happily by making beautiful songs every day, every day.
I want to live happily listening to the songs I made over and over again every day.
I want to live happily by making great songs every day, every day.
I want to live happily listening to the songs I made over and over again every day. every day.

There are already many songs in the world
A lot of it continues to be made and born out every day.
I also wondered if there was a need for me to make a song.
But I wanted to make songs that I really wanted to listen to.",1
197,"시간, 우리",L(엘),"우리 둘은 여기
시간 앞에서
돌아가기만을 기다리는 거 같이
나는 여기
너는 어디
우리 둘이
참 좋았었지
참 좋았어 난
너는 어때
내가 없는 건
나는 어때
라고 물어보면 난
네가 없는 나는 계속

미친 것처럼 살아가고
시간을 거짓말로 살아가도
나 남아있는 기억은
사랑이란 감정
돌아가지 못하는 이별 따위는
바보처럼 돌아갈 수 없는
그 시간 속에 너를 아직도
We loved yeah
우리가 다시
돌아갈 수 있다고
말해줘

장미 한 송이에
적어내린 우리의 추억
시간 앞에서 다 잊혀간다는 게
어린 내 머리로는 이해가 안 돼
난 세상이 싫어
돌려줘 내 기억
난 네가 없으면
아무것도 안돼요
널 다시 마주칠까
일부러 거릴 걷다
널 데리러 갔던
그 시간을 마주쳐

우리 둘은 역시 환한 미소였지
네 손에 살며시 올려 둔 나의 편지
날 사랑한다고 말하고서
내 품에 안기는 너
어떻게 이런 두 사람이 남이 될 수 있었을까
를 생각하는 나를
결국 쳐다보는 너
제발 돌아와달라고
소리치려 해봐도
시간은 앞으로만 가
나는 여기에 있다
너를 사랑했던 나, 너를 사랑하는 나

미친 것처럼 살아가고
시간을 거짓말로 살아가도
나 남아있는 기억은
사랑이란 감정
돌아가지 못하는 이별 따위는
바보처럼 돌아갈 수 없는
그시간속에 너를 아직도
We loved yeah
우리가 다시
돌아갈 수 있다고
말해줘

오늘따라 밤이 깊어
호흡이 벅차 아마도 너를 생각해서
내 시계는 네가 있어야 해
난 너만 있으면 해
이 지옥 같은 세상에
난 너만 있으면 돼
Cuz i`m fallin`
제대로 빠져버렸지 이 늪에
우리 둘 사이
에 커다란 벽을 무너뜨리고
시간 앞에
이별을 본 난 이걸 부정한다고
반복돼
난 어느덧
네 생각을 하다 잠을 자요",21
198,모래성,JuO,"툭툭 떨어지다
못다 흐른 눈물을
툭툭 털고 일어나
이제 우리가 쌓아오던 모래성을
허물 때가 된 거야

지나친 관심
oh 그리고 사랑
각자의 roleplay
놀이가 끝나면
투명한 파도에 휩쓸려
흩어져버렸거든

툭툭 떨어지다
못다 흐른 눈물을
툭툭 털고 일어나
이제 우리가 쌓아오던 모래성을
허물 때가 된 거야

모래성을 쌓았지 우린 서로의 맘을 쌓았고
그러다가 서로 싸우고 깊은 감정들이 쌓이고 무너져
투명한 파도에 휩쓸려
사라져 버렸거든

넌 나의 쉼표가 됐고
나의 느낌표가 돼
너와 쌓은 긴 문장에
마침표를 찍어
지금은 떠날 때야
무거운 추억은 제자리에 놓고 돌아가
To my home

툭툭 떨어지다
못다 흐른 눈물을
툭툭 털고 일어나
이제 우리가 쌓아오던 모래성을
허물 때가 된 거야",11
199,Sleigh,청하,"It’s so cold outside
Makes me wanna cuddle up
Get cozy by the fire
With you
Christmas has arrived
Baby check your wish list
‘Cause I’ll scratch it off tonight
It's true

I got your favorite treat
You know you need that taste
Hot like a peppermint tea
Sweeter than candy cane
Even if the tree is empty
I know what you’re gonna tell me

You say I’m a gift
I say yeah, I know
I sleigh
Head to mistletoe
Blushin’ jolly cheeks
Kissing in the snow
I sleigh
Head to mistletoe

Ho ho ho
I’ll be your Santa for tonight
Make a wish and close your eyes
I'll be your magical surprise
Lil naughty, lil nice

You fa la la la love me
(‘Tis the season to be jolly)
You wrap your arms around me
Yeah, you melt my heart again
I’m the snowflake
Call me yours
Won't you take me?
On this holiday, babe
What you waiting for?
Tie me in a bow

I got your favorite treat
You know you need that taste
Hot like a peppermint tea
Sweeter than candy cane
Even if the tree is empty
I know what you’re gonna tell me

You say I’m a gift
I say yeah, I know
I sleigh
Head to mistletoe
Blushin’ jolly cheeks
Kissing in the snow
I sleigh
Head to mistletoe

Ho ho ho
I’ll be your Santa for tonight
Make a wish and close your eyes
I'll be your magical surprise
Lil naughty, lil nice

(Ohh ohh)
Call me if you’re looking for that winter miracle
(Ohh ohh)
Promise I won’t leave your
Loving strung out in the cold
Each year, I swear,
I’ll take good care
Of your heart skipping a beat, keep me close
(Ohh ohh)
Baby, tell me what you need

You say I’m a gift
I say yeah, I know
I sleigh
Head to mistletoe
Blushin’ jolly cheeks
Kissing in the snow
I sleigh
Head to mistletoe

Ho ho ho
I’ll be your Santa for tonight
Make a wish and close your eyes
I'll be your magical surprise
Lil naughty, lil nice","1,245"
200,툭 꺼낸 말에는 오히려 거짓 없으니까,Paul Blanco,"사실은 내가 하고 싶은 말
불편한 오해들로 하지 못한 말
맘의 문을 닫아 혼자 남아 뒤늦게 뱉어 봐
널 사랑한단 말
늘 표현이 서툴러서
널 다치게 해버려서
그만 어긋난 선택할 수밖에
밤을 새며 너를 그리고 그러다가 겨우 잠이 들고 마네
다시 어루만지고 싶어 네가 있는 방에 꿈에라도 가네
돌아와 주면 안 될까
믿기 어려운 말이지만
툭 꺼낸 말에는 오히려 거짓 없으니까
Wooh Wooh Wooh Wooh
Wooh Wooh Wooh Wooh
Baby I'll be missing you
Wooh Wooh Wooh Wooh
Wooh Wooh Wooh Wooh
Because I love you without you
너무 보고 싶어
그래 너를 잊지 못해
하루도 니 생각을 빼놓지 않고 해
헤어진 이유 떠올려 보고
다 내 잘못이란 걸 알았나 봐 미안
늘 사랑에 비틀대던 나
그땐 취한 것처럼
제정신이 아니었어
밤을 새며 너를 그리고 그러다가 겨우 잠이 들고 마네
다시 어루만지고 싶어 네가 있는 방에 꿈에라도 가네
돌아와 주면 안 될까
믿기 어려운 말이지만
툭 꺼낸 말에는 오히려 거짓 없으니까
Wooh Wooh Wooh Wooh
Wooh Wooh Wooh Wooh
Baby I'll be missing you
Wooh Wooh Wooh Wooh
Wooh Wooh Wooh Wooh
Because I love you without you
너무 보고 싶어","4,101"
201,Slow Down,ROSESIA (로즈시아),"When I thought I ain’t nothing,
I couldn’t see them coming
All I could was staring
at me in the wrong passage

When I thought I ain’t nothing,
I couldn’t see them coming
All I could was staring
at me in the wrong passage

No, Slow down
I’m the low of the lowest
I’m the low of the lowest

Oh no, Slow down
It ain’t what I wanted
It ain’t what I wanted

What I wanted

Slow down
It’s my meltdown
Until sundown

Oh no, Slow down

No matter what I do
This city’s too evaporated
No air to breathe, I'm exhausted

Maybe we lost our humanity
I hate everybody
Nobody’s been honest with me

No, Slow down
I’m low of the lowest
I’m low of the lowest

Oh no, Slow down
It ain’t what I wanted
It ain’t what I wanted

What I wanted

Slow down
It’s my meltdown
Until sundown

Oh no, Slow down

Slow down
It’s my meltdown
Until sundown

Oh no, Slow down

Slow down
It’s my meltdown
Until sundown

Oh no, Slow down",46
202,I Can Be Your Lion (With Charles),DOF,"You got that vibe
like a springtime breeze

You’re so fun and I can keep on vibing

Every moment, feels so special
You and me

Love is in the air

Baby you’re the garden of my dreams yeah
Oh every second I just want you here yeah

No matter where you are
I just want you here tonight

Darling you know I’m not so foolish
you know that I will protect you

So don’t you worry about this problems
I will become your protector

You got that vibe
like a springtime breeze

You’re so fun and I can keep on vibing

Every moment, feels so special
You and me

Love is in the air

Baby you’re the garden of my dreams yeah
Oh every second I just want you here yeah

No matter where you are
I just want you here tonight

Darling you know I’m not so foolish
you know that I will protect you

So don’t you worry about these problems
I will become your protector

You got that vibe
like a springtime breeze

You’re so fun and I can keep on vibing

Every moment, feels so special
You and me

Love is in the air

Baby you’re the garden of my dreams yeah
Oh every second I just want you here yeah

No matter where you are
I just want you here tonight

Darling you know I’m not so foolish
you know that I will protect you

So don’t you worry about these problems
I will become your protector

You got that vibe
like a springtime breeze

You’re so fun and I can keep on vibing

Every moment, feels so special
You and me

Love is in the air

Baby you’re the garden of my dreams yeah
Oh every second I just want you here yeah

No matter where you are
I just want you here tonight

Darling you know I’m not so foolish
you know that I will protect you

So don’t you worry about these problems
I will become your protector

I’ll protect you",7
203,크리스마스트레스,Around (어라운드),"Oh 스트레스 Oh 스트레스
Oh 크리스마스트레스
또 시작된 나의 크리스마스트레스
Oh 스트레스 Oh 스트레스
Oh 크리스마스트레스
다 날려버리고파 My 크리스마스트레스 (스슝~)

다시 또 오고 말았네 (Oh 스트레스)
나이 또 먹을 때쯤에 (Oh 스트레스)

길 거리엔 캐롤이 울려 퍼져도
나는 집에서 소환사 협곡으로

또다시 시작되는 이 기분은 기쁘지 않네
홀로 귤만 까먹네

Oh 스트레스 Oh 스트레스
Oh 크리스마스트레스
또 시작된 나의 크리스마스트레스
Oh 스트레스 Oh 스트레스
Oh 크리스마스트레스
다 날려버리고파 My 크리스마스트레스 (스슝~)

다시 또 오고 말았네 (Oh 스트레스)
눈은 또 왜 이리 예쁜데 (Oh 스트레스)

길거리엔 연인들 투성이
꾸밀 이유 없는 나는 롱패딩

하얗게 물든 빌딩 숲을 지나 집으로 갈 때
붕어빵 다 식네

Oh 스트레스 Oh 스트레스
Oh 크리스마스트레스
또 시작된 나의 크리스마스트레스
Oh 스트레스 Oh 스트레스
Oh 크리스마스트레스
다 날려버리고파 My
다 날려버리고파 My
다 날려버리고파 My
크리스마스트레스",50
204,주저앉고 싶은 날에,해인,"내 맘이 초라해져 울적해져 숨고만 싶은 날에
아무도 만나고 싶지 않고 혼자만 있고 싶은 날에
거리를 걸어도 기분이 나아지질 않고
그냥 이대로 푹 주저앉고 싶은 날에

아무리 크게 소리 내어 울어도
사람들은 몰라 내 맘을
그저 내가 웃고 있는 줄 안다니까
난 지금 많이 슬픈데 말이야


아무리 크게 소리 내어 울어도
사람들은 몰라 내 맘을
그저 내가 웃고 있는 줄 안다니까
난 지금 많이 슬픈데 말이야

아무리 크게 소리 내어 울어도
사람들은 몰라 내 맘을
그저 내가 웃고 있는 줄 안다니까
난 지금 많이 슬픈데 말이야",13
205,줄게요 (feat. Low),Komilow,"지쳐버린 내 마음 들키지 않으려
오늘도 애써 괜찮다 웃어도 보고
무표정한 얼굴로 힘든 하루를 보내고
늦은 밤 애써 괜찮다 내가 나를 위로해

아무도 알아주지 못한 내 마음
괜찮다, 내가 나를 위로해
아무도 알아채지 못한 다 해도
괜찮을, 내일을 기대해

가끔은, 괜찮아 잘하고 있다고
누군가 위로를 주면 좋겠어
오늘은, 괜찮다 잘 버텨 냈다고
누군가 말해주면 좋겠어

그대여, 오늘은 내가 위로해 줄게요
괜찮다 잘 버텨 냈다고 괜찮다고
그대여, 오늘은 내가 말해 줄게요
괜찮다 잘하고 있다고 괜찮다고


불안한 내 마음 보이지 않으려
오늘도 애써 괜찮다 나를 토닥여
작은 내맘 달래가며 새하얗게 밤 지새고
거울 앞에 서 괜찮다 여린 나를 위로해

아무도 알아주지 못한 내 마음
괜찮다, 내가 나를 위로해
아무도 알아채지 못한 내 마음
괜찮을, 오늘을 기도해

가끔은, 괜찮아 잘하고 있다고
누군가 위로를 주면 좋겠어
오늘은, 괜찮다 잘 버텨 냈다고
누군가 말해주면 좋겠어

그대여, 오늘은 내가 위로해 줄게요
괜찮다 잘 버텨 냈다고 괜찮다고
그대여, 오늘은 내가 손잡아 줄게요
괜찮다 잘하고 있다고 괜찮다고

그대 잘하고 있으니
괜찮아..... 괜찮아
그대 잘하고 있으니
괜찮아

가끔은, 괜찮아 잘하고 있다고
누군가 위로를 주면 좋겠어
오늘은, 괜찮다 그대 괜찮다고
잘 버텨냈다고...
내가 말해줄게요....

내가 말해 줄게요( 괜찮다고)
내가 말해 줄게요 (괜찮다고)
이젠 괜찮아요 그댄 충분히
잘하고 있다고 (괜찮다고)",1
206,우산 (Umbrella),종혀이,"비가 오는 날
이제 싫어 난
까만 빗속으로
떨어졌던 날

내일 보자라고 했지
마지막 인진 몰랐지
무슨 이유가 있겠지
다시 돌아와 주겠지

날 다시 한번 안아줬으면
멀리 안 가줬으면
난 여기 우산을 쓰고 있을게
네가 찾을수 있게

비가 와 우리 그날처럼
맘대로 날 떠난 너처럼
비가 와 떨어지는 잎처럼
나는 아무것도 할 수 없어서

언제쯤 그칠까
마치 할 말이 많은 듯
내 곁을 맴돌아
넌 내게 물어봐

이 비가 그치면
맑은 하늘이 오냐고
또 비가 오는 날이 오면
이 노래를 들으며 와줘

날 다시 한번 안아줬으면
멀리 안 가줬으면
난 여기 우산을 쓰고 있을게
네가 찾을수 있게

비가 와 우리 그날처럼
맘대로 날 떠난 너처럼
비가 와 떨어지는 잎처럼
나는 아무것도 할 수 없어서",4
207,I'm the best,Finn,"I’m the one they’re chasing, but they’ll never catch
I set the pace, I light the match Every step I take, I leave them in awe
I wake up every day, feeling like a star
No one else can shine the way I do, near or far
I’m unstoppable, no limits in my sight
I run this world, I own the night
I’m the best, can’t you see? There’s nobody else like me
I’m on top, I’m the queen I’m the best, I’m the one
I shine brighter than the sun Take a look, watch me glow
I’m the one they’re chasing, but
they’ll never catch I set the pace, I light the match
Every step I take, I leave them in awe

There’s nobody else like me I’m on top,
I’m the queen I’m the best, I’m the one
I shine brighter than the sun Take a look, watch me glow
There’s nobody else like me I’m on top,
I’m the queen I’m the best, I’m the one
I shine brighter than the sun Take a look, watch me glow",0
208,"Merry Christmas Day (feat. 박란주, 강윤정)",히은,"우리 사이 어떤 사이
오늘은 꼭 담판 지어야겠어
너도 알지 몇 년 사이
뜨겁지도 차갑지도 않은 관계 유지
모두 말해 우린 친구래
내 맘은 그게 아닌데
그걸론 부족해 둘만의 역사를
새로 쓰고 싶어
오늘이야 널 위한 노래
고백 송만 줄 세워
달팽이관 간지럽게 불러줄거야
Merry christmas day (우리 둘만의)
오늘은 둘만의 happy day (크리스마스)
터질 것 같은 내 맘 들어줄래
Merry christmas day (언제나 기억될)
영원히 기억될 happy day (메리 크리스마스)
이제는 네 맘을 설레게 할래
1 2 3
예쁜 트리 따뜻한 목도리
너하고 보내고 싶은 이 겨울
핫팩 대신 내 손 데워놓을게
이제는 딱 붙어 걷자 춥지 않게
우
Merry christmas day (우리 둘만의)
오늘은 둘만의 happy day (크리스마스)
터질 것 같은 내 맘 들어줄래
Merry christmas day (언제나 기억될)
영원히 기억될 happy day (메리 크리스마스)
이제는 네 맘을 설레게 할래
오늘이 지나면 우리는 한뼘 더 가까워
주저 말고 내 어깨에 기대줘
그거면 됐어 내 맘은 충분해
둘만의 역사 새로 쓰여질거야
지금이야 달콤한 이노래
타이밍도 완벽해
두근거려 두 눈이 마주쳐
코트 속에 숨을래
너의 맘을 사르르
녹여주고 싶은 걸
마시멜로 핫초코처럼
달콤한 이 노래로
Merry christmas day (우리 둘만의)
오늘은 둘만의 happy day (크리스마스)
터질 것 같은 내 맘 들어줄래
Merry christmas day (언제나 기억될, 메리 메리 크리스마스)
영원히 기억될 happy day (메리 크리스마스)
이제는 네 맘을 설레게 할래
이제는 네 맘의 단 한 사람이 될래",12
209,ALL OF YOU,ARCHYPE,"Let’s kill some time, perch on window
It’s burn outside, lit the candle
And draw the blinds, we’ve been rankled
Don't worry for the night, I'm around you

Wanna know all of you
Out of real, warm me more than lights
Sweetest feel, would you keep this vibe?

Wanna know all of you
Make us scene, heaven on my sight
Blindin' love, would you keep this vibe?

Bless us now, leavin' our faith
That's our way
Bless us now, leavin' our faith
That's our way

And we never goin' back, but we can fly out
There are lot of things in head, no one erase now
If everything is fake, how could I realize
You're the beautiful mistake, I want you right now

Too late? No
Are you ready to go?
The sun will glow when we get enough
My part is done, what they waiting for?
My pain is trolled, now we try to love

My feelings flood
Just thinkin' ‘bout us
I'll never get enough
I need you right now
I knew it from the start
Feelings, I can feel them from your heart

All of you
Waiting in the silence without you
Didn't tell myself
All of you, girl
What it takes, I'm always with you
We could make some better days

Wanna know all of you (all of you)
Out of real, warm me more than lights
Sweetest feel, would you keep this vibe?

Wanna know all of you (all of you)
Make us scene, heaven on my sight
Blindin' love, would you keep this vibe?

Bless us now, leavin' our faith
That's our way
Bless us now, leavin' our faith
That's our way",5
210,don't say,BIN,"알지 너의 그 한마디가
나를 울리게 만들잖아
너무 상처주지는 말자
한때 좋아했었잖아

알지 너의 그 한마디가 나를 울리게 만들잖아
너무 상처주지는 말자
한때 좋아했었잖아

너를 사랑했던 날
너를 그만뒀던 밤
너와 끝이났었던

I just wanna 난 너야
머리가 나빴던 니가 너무 좋아
I just wanna 난 너야
머리가 좋았던 니가 너무 좋아서

가만있어봐 너와 내가 달라서
끌렸던거야 너와 내가 달라서
이제와 넌 너와 내가 달라서
안맞다 그래 너와 내가 달라서

I just wanna 난 너야
머리가 나빴던 니가 너무 좋아
I just wanna 난 너야
머리가 좋았던 니가 너무 좋아서

알지 알지 잘알지 너를 좋아했던거
알지 알지 잘알지 너에 대했던 감정
알지 알지 잘알지 너랑 다퉜던 그 밤
알지 알지 잘알지 우리 끊났던 그 밤

알지 알지 잘알지 너를 사랑했던 날
알지 알지 잘알지 너를 그만뒀던 밤
알지 알지 잘알지 너와 끝이 났었던
알지 알지 잘알지 그 분위기 그 밤

너를 사랑했던 날
너를 그만뒀던 밤
너와 끝이났었던
그분위기 그 밤

너를 사랑했던 날
너를 그만뒀던 밤
너와 끝이났었던
그분위기 그 밤

후련해 후련해
안후련해 후련해
후련해 후련해
안후련해 후련해
정말 정말로",4
211,Out of luv,The Hills (더 힐스),"시간 속 그 작은 사이
숨어있던 작은 맘

옅은 기억과
익숙한 말
따뜻했던 공기

다시 돌아갈 수 없다면
그저 남아있는 맘들이라도
부디
잃어버리지 않게

Let me know
Please

어디서부터
어떻게 해야
다시 그댈 웃게할런지

어쩌다 우연히 만나
우리
사소한 인사를 건네
우리

별다른 거 없이도 좋았던
이유 없이도 웃었던
그대
찾을 수가 없는걸

어색한 이 공간감
어떤 말을 해봐도
무안하게 날
만들어가
답 없는 한숨만

다시 돌아갈 수 없지만
그저 남아있는 맘들이라도
부디
전해질 수 있기를

Let me know
Please

어디서부터
어떻게 해야
다시 그댈 웃게할런지

어쩌다 우연히 만나
우리
사소한 인사를 건네
우리

별다른 거 없이도 좋았던
이유 없이도 웃었던
그대
찾을 수가 없는걸",20
212,너의 흔적,은진,"Oh really don't know?
네 눈빛을
네 손짓을

Oh maybe i know
너의 마음을
우리의 끝을

너가 뱉을 말과 네 맘이
날 힘들게 해도
돌릴 수 없다는 걸 알아

내 옆에 너 하나 없다는
그 한가지가
나를 너무 괴롭게만 해

우리 같이 걷던 거리
손을 마주 잡고
눈을 보며 웃던 기억이

모든 곳에 묻어있는
너의 흔적이
지워지지않아

나의 모든 말과 마음이
닿지 않을걸
누구보다 잘 알고 있어

매일 보던 너의 얼굴에
낯선 표정이
모든걸 말하고 있는걸

우리 같이 걷던 거리
손을 마주 잡고
눈을 보며 웃던 기억이

모든 곳에 묻어있는
너의 흔적이
지워지지않아

Every night you said it
We'll be forever
I hope this time doesn't go by anymore

너는 모를거야
그 모든 말들이
나에게 어떤 의미였는지

둘이 같이 걷던 거리
손을 마주 잡고
눈을 보며 웃던 기억이

모든 곳에 묻어있는
너의 흔적이
지워지지않아",9
213,December Note,Cozy Groove,"The snow is fallin', slow and light,
I feel the chill, but it feels right.

December's here, the fire’s aglow,
Warmin' my heart in the cold.

Soft whispers in the breeze,
Memories with every freeze.

The snow is fallin', slow and light,
I feel the chill, but it feels right.

The snow is fallin', slow and light,
I feel the chill, but it feels right.",19
214,Lost (Feat. 강민수(AQUINAS)),ONDA(온다),"Baby im lost 길을 잃어버렸다
너를 향해 난 걸었다
잃어버린 시간을 내게 돌려줘
잃어버린 마음을 내게 돌려줘

Oh baby im lost
나를 잊지 말아 줘요
이대로 나를 놓지 마요
Im lost lost
Im lost lost

시간을 우리 사이를 갈라놓고
시간은 우리 사이를 붙여놨지
오랜 시간 기다려왔던 만남
끝내 다가올 이날을 우린 맞이했네

알아 나도 많이 어색한걸
이젠 나도 많이 변했는 걸
어쩌면 우린 같이 해왔던 걸
이렇게 나는 아직 여전한데

돌아가고 싶은 걸까
기다리고 싶은 걸까
수많은 물음의 답을

남겨보지만 나도
이젠 모르겠다
다시 돌아와 줬음 해 내게로

Baby im lost 길을 잃어버렸다
너를 향해 난 걸었다
잃어버린 시간을 내게 돌려줘
잃어버린 마음을 내게 돌려줘

Oh baby im lost
나를 잊지 말아 줘요
이대로 나를 놓지 마요
Im lost lost
Im lost lost

빗줄기가 사라진 푸른빛 하늘 아래
눈 감았다 떠보니 사라진듯해 고요하네
깊은 여운 속 은연중에 울다
여느 때와 같이 또 살아야겠지만
텅 비워진 마음의 크기가 말해
나 같은 곳에 환희 비출게
스케치북 열어 기억을 덧칠한 시간 지나
굳은 물감은 쉽게 지워지지 않으니까 (그 오랫날)
놓쳤던 것들이 바람이 돼 불어오면
시린 가슴 붙잡아 텅 빈 감정들의 싹 피어나고
잔잔한 바다 끝에서 내게 오는 중
그 물결에 널 느낄 때마다 새겨질 추억들
행운이었던 거야 모든 게
찬란한 시간이 또 흐르게 될 때
우두커니 서서 말없이 바라보며
한참을 미소 띄어 인사할게

Baby im lost 길을 잃어버렸다
너를 향해 난 걸었다
잃어버린 시간을 내게 돌려줘
잃어버린 마음을 내게 돌려줘

Oh baby im lost
나를 잊지 말아 줘요
이대로 나를 놓지 마요
Im lost lost
Im lost lost",94
215,the weather,HOVV(하우),"무엇 하나 쉬운 일이 없었어요
그냥 웃어넘길 뿐이었죠

사람들 속에 숨어 지내다 보면
다들 똑같더라구

어떤 날엔 비바람이 불고
또 어떤 날에는 해가 나타나듯이

날씨처럼 우린 돌고 돌아
결국 행복해질 거라고 믿어요

What should i do?
What can i do?
섣부른 위로가 되지는 않을게요

What should we do?
What can we do?
언제나 난 당신의 곁에 있을게요


마냥 기다리다 보면
언젠가는 좋은 날이 올 것 같았는데

가만히 생각해 보면
행복은 늘 멀리서 오는 게 아니었죠

What should i do?
What can i do?
섣부른 위로가 되지는 않을게요

What should we do?
What can we do?
언제나 난 당신의 곁에 있을게요",36
216,니가 잠시 머문 자리 (Feat. 차우 (Chawoo)),피클(PCKL),"니가 잠시 머문 자리
여기만 눈이 없어서
쌓이면 쌓일수록 티가 나는 걸
아주 잠시 머문 자리
그게 아직까지 남아서
그 모습 그대로 다시 쌓여가
조금 늦어도 좋았었던 첫눈처럼
너도 괜찮으니까 늦게라도 와줘
우린 겨울에 만나 겨울에 끝났지만
처음부터 끝까지 따뜻했고
시린 계절마다 그 겨울로 돌아가서
네가 잠시 머문 자리에 널 그린다
웅크려 앉았던 자리
자세히 들여다 보면
그 운동화 아래 무늬까지 남아있어
조금 서툴러도 고맙던 네 말속에
난 언제나 눈처럼 반짝이고 있었어
우린 겨울에 만나 겨울에 끝났지만
처음부터 끝까지 따뜻했고
시린 계절마다 그 겨울로 돌아가서
네가 잠시 머문 자리에 널 그린다
어떻게 해야 널 다시 볼 수 있을까
바라고 바래도 넌 오지 않는데
우리 겨울에 만나 겨울에
올해 첫 눈이 오면 여기서 만나
따뜻한 손을 잡고
그 겨울로 되돌아가
차가운 계절을 우리 다시 덧그리자",47
217,Sacred Sinner.,Dear.,"[가사 준비중] 멜론 회원 여러분! 가사 등록을 기다리고 있어요.
가사등록하기",0
218,Diamonds on the Ground,EI brothers,"This time of year makes me feel so rich
I’ve got something that you can’t unwrap, an invisible gift
Where I come from, December is the time
To count the blessings in a world that’s all dressed up in white

It never storms
It only snows
Our hearts are warm
When nights are cold

There’s a magic feeling floating through the sky
We’ve got more than we could want, we’re merry and bright
Cause all we see is love and joy when we look around
A wonderland with diamonds on the ground

Snowflakes in my hair, boots on my feet
Hot chocolate in a paper cup, as I walk down the street
I see couples holding mittened hands
Children leaving footprints, running through this wonderland

It never storms
It only snows
Our hearts are warm
When nights are cold

There’s a magic feeling floating through the sky
We’ve got more than we could want, we’re merry and bright
Cause all we see is love and joy when we look around
A wonderland with diamonds on the ground

With every snowflake
I fall more in love
With Christmas Day
And how it brings out the best in us

There’s a magic feeling floating through the sky
We’ve got more than we could want, we’re merry and bright
Cause all we see is love and joy when we look around
A wonderland with diamonds on the ground",0
219,MUTE,초이스(ChoiS),"먹먹한 feelin'
물에 빠진 마이크처럼
축축한 몸은
한없이 가라앉고 있어

애써 벗어나려
허우적, 발악해도
My feet keep sinking deeper into the mire

말 쏟아내도
나 소리쳐도
No one can hear me
물끄러미
바라보는 눈은
날 굳어버리게 해

Caught in my own trap
Locked in my own cage
The echoes in my head won't let me rest

Someone's covering my my my mouth 읍읍읍
Someone's sealing my my mouth 읍읍읍
Oh, There's a scream inside of me
My ears are failing me still
Someone's turned my volume off 분명히

애써 벗어나려 해도 난 그저 덩그러니
나을 수 없는 상처는 계속 욱씬욱씬
Please please light me up
Oh please please turn me on
I just want to talk to you


또 몇번이고
도려냈던 살점은
꾸물거리며
온기를 원하고있어

애써 괜찮은 척
새 살이 돋아난 자릴
바라봐도 흉이 도드라져

도망쳐도
맞서 싸워도
No one can see me
온통 어둠에
버려진 채
내가 날 가둬버리게 해

Caught in my own flame
Tripped on my own line
The echoes in my head won't let me breathe

Someone's covering my my my mouth 읍읍읍
Someone's sealing my my my mouth 읍읍읍
Oh, There's a scream inside of me
My ears are failing me still
Someone's turned my volume off 분명히

So much I want to say, I really wanna be free
저기 제일 어두운 곳에 숨어 몰래몰래 가둔 채
계속 위잉위잉 어지럽게 울리는 목소린
Oh It feels like I'm on mute

Someone's covering my my my mouth 읍읍읍
Someone's sealing my my my mouth 읍읍읍
Oh, There's a scream inside of me
My ears are failing me still
Someone's turned my volume off 분명히

애써 벗어나려 해도 난 그저 덩그러니
나을 수 없는 상처는 계속 욱씬욱씬
Please please light me up
Oh please please turn me on
I just want to talk to you",3
220,Clock Works,LOI,"tik tok i cant lose you
tik tok never gonna find my way

every time i movin to gonna flow
i see your eyes everywhere
i never gonna lose you
i never gonna lose you

are you gonna stay the light (ah ah ah)
gonna stay the night (ah ah ah)
oh oh oh oh
are you gonna stay the light (ah ah ah)
gonna stay the night (ah ah ah)
so oh oh oh oh
no oh oh oh oh
so clockwork

so clockwork
clockwork
i know clockwork
even clockwork
i know clockwork

are you gonna stay the light (ah ah ah)
gonna stay the night (ah ah ah)
oh oh oh oh
are you gonna stay the light (ah ah ah)
gonna stay the night (ah ah ah)
so oh oh oh oh
no oh oh oh oh
so clockwork",2
221,3AM (Feat. Beaver),SUVA,"그때로 다시 돌아가고 싶어
너와 함께한 모든 것
아름다운 기억들이 또
자꾸 나를 괴롭히는 걸
예전같지 않은 걸 알아
너도 어느샌가 멀어져
가는 우리의 끝의
목숨 걸게 해 모든 걸 걸게 돼

우리둘의 만남 그 때쯤
뭔가 이끌린 듯해 나도 몰랐지
어딘가 다른 듯 보였어 넌 혼자
서성이던 너의 모습
마주친 순간 알았지
너에게 날 맡기려 했지
전부 예뻤던 너의 말
그것마저 꽤나 좋아보였어 내겐

Oh 잠깐이었던 걸까
우리 둘의 사이는
빠르게 사랑한 탓일까
지난 밤들이 문제였을까
이제 네 눈에는 내가 보이지 않는데
나도 너와 같이 눈을 감았나
다 외면하고 서로만 바라봤었나

그때로 다시 돌아가고 싶어
너와 함께한 모든 것
아름다운 기억들이 또
자꾸 나를 괴롭히는 걸
예전같지 않은 걸 알아
너도 어느샌가 멀어져
가는 우리의 끝의
목숨 걸게 해 모든 걸 걸게 돼

Baby, I'm lonely
나 취해 다시 여기
Girl, I've been losing sleep over you
지금 새벽 3시
널 떠오르기 좋아
남아있네, 온기
대체 뭘까
넌 왜 지워지지 않고
내 맘에 살잖아
그래 어쩌면 난 아직
널 사랑
하루하루 잊혀져 가네
you will never need me again
흘러가질 않아
머리 아파와
넌 내 전부였던가
차라리 만나지 말걸
baby skip skip skip
전부 전부 skip skip skip
F**kin' baby beep beep beep
그래 전부 skip skip skip

그때로 다시 돌아가고 싶어
너와 함께한 모든 것
아름다운 기억들이 또
자꾸 나를 괴롭히는 걸
예전같지 않은 걸 알아
너도 어느샌가 멀어져
가는 우리의 끝의
목숨 걸게 해 모든 걸 걸게 돼",2
222,To her,나준호,"보내 다 흐트러
누가 품을 수 있게
보내 다 흐트러
누가 흐를 수 있게

보내 다 흐트러
누가 부를 수 있게
보내 다 흐트러
누가 숨을 수 있게

보내 다 흐트러
누가 들을 수 있게
보내 다 흐트러
누군가 울 수 있게

요즘에 난 슬픔을 누구보다 많이 덜어서
베게에다 두었어 어디 새어나갈까봐서
그대도 다 지우려 숨겨놔도 금새 다 보여
그대도 삶
보내 다 누군가 울 수 있게

보내 다 흐트러
누가 부를 수 있게
보내 다 흐트러
누가 숨을 수 있게

보내 다 흐트러
누가 들을 수 있게
보내 다 흐트러
누군가 울 수 있게

그대도 다 아쉬워서 흐르는 눈물 쥐다 보면
미워하다 쓰러져서 지쳐잠드는 그댈 알아

아 누가 부를 수 있게
아 누가 숨을 수 있게
보내 다
누가 들을 수 있게
보내 다
누군가 울 수 있게

보내 다 흐트러
누가 부를 수 있게
보내 다 흐트러
누가 숨을 수 있게

보내 다 흐트러
누가 들을 수 있게
보내 다 흐트러
누군가 울 수 있게",2
223,널 데리러 가 (Feat. 복면여우(hoody foxy)),접근금지(JGGZ),"어느 늦은 밤
니 생각에 잠이 안 와
지금 이 순간
당장 니가 보고 싶어

전환 왜 안 받아
지금 어디 있어
확인해야겠어
차에 시동 걸어

부릉

널 데리러 갈게 나와
지금이야 빨리 나와

300미터 전…
200미터 전…
100미터 전…

나무늘보

늦은 아침에
니 생각에 잠이 안 깨
지금 이 순간
당장 너를 안고 싶어

전환 왜 안 받아
지금 어디 있어
확인해야겠어
누나 시동 건다

부릉

널 데리러 갈게 좋아
지금이야 빨리 나와

300미터 전…
200미터 전…
100미터 전…

나무늘보

나나나나나나나나나나나
나나나

나나나나나나나나나나나
나나나",3
224,그냥사람(Same Only),고닭,"그냥 사람이야
평범한 사람이야
비겁한 사람이야
서투른 사람이야
아이 같은 사람이야
앞과 뒤가 다른 사람
We are all just ordinary people

누구에겐 천국이야
누구에겐 지옥이야
친절한 사람이야
울고 웃는 사람이야
상처받는 사람이야
상처 주는 사람이야
A small dot in the flow of time

최소한의 온기와 용기
작게 포장해서 여기에 둘 게
아침에 일어나서 지친 네가 가방에 쏙 넣어갈 수 있게

여기에 사람이 있어요.
사람이 있어요.
If we can share a little light,
We’ll be alright, we’ll be alright
사람이 있어요
사람이 있어요
If we can share a little light,
We’ll be alright, we’ll be alright

그냥 사람이야
평범한 사람이야
비겁한 사람이야
서투른 사람이야
아이 같은 사람이야
앞과 뒤가 다른 사람
We are all just ordinary people

누구에겐 천국이야
누구에겐 지옥이야
친절한 사람이야
울고 웃는 사람이야
상처받는 사람이야
상처 주는 사람이야
A small dot in the flow of time

최소한의 온기와 용기
작게 포장해서 여기에 둘 게
아침에 일어나서 지친 네가 가방에 쏙 넣어갈 수 있게

여기에 사람이 있어요
사람이 있어요.
If we can share a little light
We’ll be alright, we’ll be alright
사람이 있어요
사람이 있어요
If we can share a little light,
We’ll be alright, we’ll be alright",2
225,차올라 (feat. 이지),Jay Kim (제이킴),"눈물로 채워진 밤
빈 마음 그 맘 속에 스며들어
사라진 시간, 차오르는 그리움
너..

차올라, 차올라
숨 쉴 수가 없어
차올라, 차올라
목이 메어 차올라
얼마나 아파야
얼만큼 지나야
괜찮을까
너로 가득 차올라

천천히 나를 감싸는
소리 없는 그리움
너..
흐릿한 기억은
다시 선명해지고

차올라, 차올라
숨 쉴 수가 없어
차올라, 차올라
목이 메어 차올라
얼마나 아파야
얼만큼 지나야
괜찮을까
너로 가득 차올라

그리움의 바다에
너로 가득차

차올라, 차올라
숨 쉴 수가 없어
차올라, 차올라
목이 메어 차올라
얼마나 아파야
얼만큼 지나야
괜찮을까
너로 가득 차올라",3
226,Angelic (feat. crona),inuii(이누이),"날개가 없는 천사

그게 너란 걸
알고 있었어

그저 돌아간 거야
원래 있던 곳으로

Angelic
그댄

아름다워서 슬퍼져요

오늘이 끝이
아닌 거라고 말해줘요

깊어지는 이 걱정을 봐

사랑할수록
아껴줄수록 조금씩

결국 모두
끝이 나니까

잠시동안 모든 걸
함께한 시간도

Angelic
그댄

바람처럼
잠깐 왔다가 사라지는

존재가 아니야
영원한 거야

날개가 없는 천사

그게 너란 걸
알고 있었어

정말 사랑한거야
돌이킬 수 있다고

(But you are)

(Angel Angel)

아름다워서
슬펐어요

(Angel Angel)

머물 거라고
말해줘요

I hear the angel in your voice
I know you’re good enough

I see that twinkle in your eye
So girl forget about it

You know you’re her
there ain’t no doubt about it

What you deserve
I’ve got, so come and get it

And you’re with me now
You stole my heart, I don’t want it back

‘Cause you’re with me now
And all I need is you

Angelic
그댄

파도처럼
잠깐 왔다가 부서지는

존재가 아니야
영원할 거라고

날개가 없는 천사

그게 너란 걸
알고 있었어

정말 사랑한거야
돌이킬 수 있다고

(But you are)

(Angel Angel)

아름다워서
슬펐어요

(Angel Angel)

머물 거라고
말해줘요

(Angel Angel)

머물 거라고
말해줘요

(Angel Angel)

이렇게
가지 말아요",2
227,Dollar - A COLORS SHOW,COLORS,"[가사 준비중] 멜론 회원 여러분! 가사 등록을 기다리고 있어요.
가사등록하기",0
228,Sorry (Feat. Skinny Brown),MELOH,"어떤 말을 해도 Like i don’t even try
왜 그런지 물어봐도 아픈 너의 말만
How many times I say sorry
i'm sorry
How many times I say sorry
i'm sorry
It ain’t know no better

Baby, why you always wanna be alone
신경 쓰지 말란 말로 맘을 비워 또
나중에 연락할게 문제를 또 미뤄
난 어떡해? 그런 말이 너는 참 쉬워?
Rain gon' come, it ain't nothing new
지금 넌 where you at
Can’t read your mind
How many times I said sorry
오늘이 끝이 아니기를 바래
나 여기 있으니 돌아봐 주기를 바래

어떤 말을 해도 Like i don’t even try
왜 그런지 물어봐도 아픈 너의 말만
How many times I say sorry
i'm sorry
How many times I say sorry
i'm sorry
It ain’t know no better

baby bae, just say sum
me lookin dumb when I say stupid questions
우리 충돌하던 때를 기억해 줘 that's that answer
even if I got ADHD, girl I cannot sleep with my feet up,
원하지 않아 talk on the celly, I just want you mamacita
하루 종일 sorry, bae cold as a vs diamonds
내 눈엔 아직 you shinin like new 네 눈에 우리 사이는
어디까지 갔지 don't run away from me baby just freeze
아직도 I got whole lotta words for you, down on my knees

어떤 말을 해도 Like i don’t even try
왜 그런지 물어봐도 아픈 너의 말만
How many times I say sorry
i'm sorry
How many times I say sorry
i'm sorry
It ain’t know no better

대체 뭘 생각하는지 말해줘
이유가 뭐야
Baby, why u treat me cold
미련하지만 나 아직 너에게 취해
헤어 나올 수 없을 것만 같아

어떤 말을 해도 Like i don’t even try
왜 그런지 물어봐도 아픈 너의 말만
How many times I say sorry
i'm sorry
How many times I say sorry
i'm sorry
It ain’t know no better","1,325"
229,마음의 표현,hamzzi,"사랑 그 안에 담긴 마음은
너만이 줄 수 있는 감정이지
어떠한 말로도
표현할 수 없는
단순하지만 때로는 어려운
너를 향한 나의 맘을
어떻게 해야 할지 몰라
우린 언제 이렇게
서로가 됐는지
세상에 하나뿐인 너를
너를 어떻게
Baby, I Love you
굳이 말하지 않아도
내겐 오직 그대라서
Baby, I Love you
매일 그 모습 그대로
어떠한 이유도
설명할 수 없는
특별하지만 때로는 낯설은
너를 향한 나의 맘을
어떻게 해야 할지 몰라
항상 날 웃게 하던
바보 같은 그런 모습들도
세상에 하나뿐인 너를
너를 어떻게
Baby, I Love you
굳이 말하지 않아도
내겐 오직 그대라서
Baby, I Love you
매일 그 모습 그대로
Baby, I Love you
굳이 말하지 않아도
내겐 오직 그대라서
Baby, I Love you
매일 그 모습 그대로",54
230,"Play the Next, 채널 A (with. 그루비룸,폴킴)",채널 A,"너의 심장 소리가 들리는 듯해
맞잡은 두 손 가득 피어나는 온기
커져 가는 긴장감 너도 느낀다면
기다리고 있을게 다음 장면에서

Play the Next 꿈꿔 왔던 순간들
너의 새로운 이야길 펼쳐 봐
소리쳐 지금부터 하이라이트
즐겨 봐 너의 세상
Play the Next 채널A

Play the Next 채널A",49
231,너는 아주 작은 존재야 (feat. 정윤서),태이,"너는 아주 작은 존재야 그 자체로 밝은 존재야
한숨 자고 나면 아무것도 아닌 것처럼 괜찮아질 거야 그러니 걱정 마
너는 아주 작은 존재야 그 자체로 소중한 존재야
다 지나고 나면 아무것도 아닌 것처럼 살아가질 거야 그러니 걱정 마
그래서 나는 너이고 너는 나이고 멀어질수 없는 우리 사이라서
계속 끝없이 사랑하고 있어서 말하지 못한 여운으로 널 기억할게
너는 아주 작은 존재야 그 자체로 밝은 존재야
한숨 자고 나면 아무것도 아닌 것처럼 괜찮아질 거야 그러니 걱정 마
너는 아주 작은 존재야 그 자체로 소중한 존재야
다 지나고 나면 아무것도 아닌 것처럼 살아가질 거야 그러니 걱정 마",23
232,너라는 별,고추잠자리,"가로등 불빛 아래 골목길
남몰래 주고 받았었던 쪽지
상냥한 너의 말투에
바보같이 나 웃을때
괜히 떨리는 마음이 이상해

이젠 그만 놓을게
그렇게 네게서 돌아선 그 날
끝이라는 생각에
내 마음은 더 복잡하기만 해
(널 잃고 싶지 않게)
다시 가깝게
한 발 더 갈 수 있다면
뭘 더 바랄 거 같지가 않아 난

어디로 갈지 몰라서
여기 너라는 별 아래서
길을 잃고 헤메이고 있잖아
아무말이나 해봐
받아들일 수 있게끔만
전부 바보같이 들릴 수 있지만 좋아해 널

어려워 아닌척 한다는건
마주하면 설레는 마음이 보일까
말은 진심과 반대로
나오기만해 어째서
아리송한 너의 표정에 난
헷갈리고 있어 잠 못드는 밤
내일 보자는 인사 뒤 네 쪽만 봐
(내가 나를 봐도 별론데)
이미 너무 커져버린 것 같아
다시 가깝게
한 발 더 갈 수 있다면
뭘 더 바랄 것 같지가 않아 난

어디로 갈지 몰라서
여기 너라는 별 아래서
길을 잃고 헤메이고 있잖아
아무말이나 해봐
받아들일 수 있게끔만
전부 바보같이 들릴 수 있지만 좋아해 널

머뭇거리다가 널 봐
이대로 멈추면 안될까
말 한마디 조차도 못하면서
내게서 멀어질까봐
싫다고 도망칠까봐
전부 바보같이 보일 수 있지만 좋아해 널","15,914"
233,다 버리고 날아가 (feat. Jieun),그루본,"모든 걸 다 버려
추억도 너도 버려
내게 더 이상 의미 없어
다 지나간 일일 뿐

매일 밤 울지 않아
눈물도 이제 말라
모든 아픔 다 씻어내고
새롭게 나를 시작해

다 버려 모두 다 이젠
날 가둔 기억들
모두 다 나를 놓아줘
다 버리고 날아가

밖으로 나가
세상을 느껴봐
빛나는 태양 아래서
나를 다시 찾아봐

남은 건 희망 하나
절대 무너지지 않아
강해진 나의 마음
이제는 새로워

다 버려 모두 다 이젠
날 가둔 기억들
모두 다 나를 놓아줘
다 버리고 날아가",1
234,너의 손을 잡고 (feat. Haeun),요니요니,"빛나는 날들
너의 꿈을 찾아
끝없는 도전
너를 더 빛내줘

날아올라 봐
너의 길을 향해
멈추지 않는 걸음
우린 함께 있어

너의 미래를 봐
빛나는 별처럼
우리가 만든 꿈
이제 펼쳐봐

어둠을 두려워 말고
너의 빛을 밝혀
희망을 잃지마
넌 할 수 있어

너의 미래를 봐
빛나는 별처럼
우리가 만든 꿈
이제 펼쳐봐

어둠을 두려워 말고
너의 빛을 밝혀
희망을 잃지마
(희망을) 잃지마
넌 할 수 있어

서로 손을 잡고
우린 함께 가는 길
너의 미래를 믿어
절대 멈추지 않아

(어둠을) 두려워 말고
너의 빛을 밝혀",0
235,시간이 멈췄으면 좋겠어,설헌환,"시간이 멈췄으면 좋겠어
이제 곧 넌 그 말을 할테니까
나는 그 얘기를 피하려
다른 얘기들로 화제를 돌리고

모든 준비가 끝난 듯한 너의 눈빛
나를 보는 너의 표정이 이미 말하고 있어

피할 수 없는 그 말을 계속 외면하려 하고 난
하지만 끝내 그 말을 피하지 못하고
결국 난 무너져버렸어

모든 준비가 끝난 듯한 너의 눈빛
너의 그 눈빛의 의미를 이미 난 알고 있어

피할 수 없는 그 말을 계속 외면하려 하고 난
하지만 끝내 그 말을 피하지 못하고
결국 난 무너져버렸어

전에 본적 없던 느껴 본적 없던 너의
모습과 표정들 마주칠수 없어 너의

피할 수 없는 그 말을 계속외면하려 하고 난
하지만 끝내 그 말을 피하지 못하고
결국 난 무너져버렸어",3
236,어릴 적 기억 Speed up,백철(Baek Cheol),"어릴 적 기억들이
머릿속에 스치는 밤
잠들지 못하는 밤이면
나 그리움에 눈을 감죠

어린 날의 미소가
내 안에 피어나는 날
잊혀진게 없던 것처럼
순수했던 나를 만나요
그 시절이 자꾸 기억나네요

오르막길 홀로 걷고 있어
가로등 및 비친 작은 불빛에
생각에 잠겨 길을 찾아가
답을 찾으며 날마다 떠나가
때론 힘들고 어려울지라도
두려워 말고 빛을 찾아가
그 빛을 따라 멀리 항해
매 순간마다 별을 향해

잊혀져가는 기억들이
한 없이 번져가는 이곳에서
널 찾아가는 내맘 따라
넌 나를 향해 날아 왔음 해
비 바람이 부는 소리에
흔들리는 너의 마음이
이 밤에 녹아 잠 들지 않게
푸른 빛을 내려 줄게


오래된 사진 추억을
펼치면 옛날 생각 떠올라
웃고 떠들던 순간들과
나를 미소 짓게 한 사람들

시간이 흐르고 순간이 지나도
변하지 않는 우리의 추억들
평생을 간직할게요
평생을 같이할게요

오르막길 홀로 걷고 있어
가로등 및 비친 작은 불빛에
생각에 잠겨 길을 찾아가
답을 찾으며 날마다 떠나가
때론 힘들고 어려울지라도
두려워 말고 빛을 찾아가
그 빛을 따라 멀리 항해
매 순간마다 별을 향해

잊혀져가는 기억들이
한 없이 번져가는 이곳에서
널 찾아가는 내맘 따라
넌 나를 향해 날아 왔음 해
비 바람이 부는 소리에
흔들리는 너의 마음이
이 밤에 녹아 잠 들지 않게
푸른 빛을 내려 줄게",1
237,버뮤다 (Bermuda),한희준,"Love never felt this way before
내가 반했으니 그대 나의 반이 되어줘요
Are we afraid
난 아님에
Don't wait until you are for sure
그런 건 없어요

I can take you anywhere you want babe
다만 잠시만 나와 내 맘에 있을래요
I meant it babe
난 늘이래
I just need to know where we at
잡아줘요 알려줘요

Wonderful days
나만 아는 이야기를
Beautiful praise
혼자 알 수 없어요
So many things are there for us you know
가는 길에 뭐가 나올지 몰라도


Cause you don't know what's next for us
내가 다 했으니 걱정은 이젠 다음에 해요
Are we okay
난 가능해
Won't go until you are for sure
잡아요 갈게요


Wonderful days
나만 아는 이야기를
Beautiful praise
혼자 알 수 없어요
So many things are there for us you know
가는 길에 뭐가 나올지 몰라도

Wonderful name
다른 이름은 몰라요
God is amazing
그댈 알아봤어요
So many things are there for us you know
가는 길에 뭐가 나올지 몰라도",103
238,Reflection,JERO,"I saw you
넌 상처만 깊어

착한 척
더 빨개진 make up

This song
널 잊은 여름을 빌려

This song
널 잊은 이 노래를 불러

I can let you go
나빠져줘 더
This time

I can let you go
속아줄게 또

I’ll always remember
그 습관 못된 맘도

3223
널 처음 봤던 때
reflection

서툴렀던거지
우린 또
빠른 red ferrari 처럼 다 지울
이 겨울

더 이상 널
좋아 할 이유가 없어

니가 만든
마지막 이 노래까지

그냥 이렇게",49
239,It's You,Naive,"하루 종일 너를
바라볼 때
아무래도 nothing
모두 상관없게 돼 umm
이런 내 맘을
보여주고 싶어
말로 표현하면 fake
전부 전해지지 않네 oh
I'm nothing, without you
I'm nothing, without you
I'm nothing, without you
너만 있으면 난
All I do is think about you
All I do is think about you
All I do is think about you
네게 말해줄게
Oh, baby you
그냥 자꾸만 보고 싶어
Oh, baby you
그냥 내 품에 안고 싶어
Cause
Love is you, alright
내 맘을 이제 전할게
Love is you
Make me feel alright
So i think about you
어지러운 방을 정리하고
널 닮은 노래를 틀어놔
I‘ll never change my mind
늘 내 곁에
내가 더 아껴줄게
내가 더 아껴줄게 oh
I'm nothing, without you
I'm nothing, without you
I'm nothing, without you
너만 있으면 난
All I do is think about you
All I do is think about you
All I do is think about you
네게 말해줄게
Oh, baby you
그냥 자꾸만 보고 싶어
Oh, baby you
그냥 내 품에 안고 싶어
Cause
Love is you, alright
내 맘을 이제 전할게
Love is you
Make me feel alright
Oh, baby you
그냥 자꾸만 보고 싶어
Oh, baby you
그냥 내 품에 안고 싶어
Cause
Love is you, alright
내 맘을 이제 전할게
Love is you
Make me feel alright
So i think about you",227
240,Love Actually,임지우(imzoo),"어쩌면 좋을까 내 맘
이제는 전해야만 하는 말
어디에 숨길까 내 맘
더 이상 볼 수 없는 나의 밤
점점 더 깊어져만 가
내 마음을 가늠할 수 있을까 숫자로는
어떻게 말을 할까 사랑한다고 하면 달려올까?

I’ve been in love with u all this time
지금 이렇게 말할게요
들리나요 대답은 바라지도 않거든요
I can’t help falling in love with u
내가 너무도 좋아해요
지금 이 순간은 당신과 장식하고 싶어요

뭐가 우릴 막겠어 또 뭐가 나를 막겠어
뭐가 우릴 막겠어 또 뭐가 나를 막겠어

언젠가 흐려질 오늘도 난 절대 후회 안 할 거야
일기장에 적어 내려간 우리의 만남
그리고 나의 크리스마스
영원히 기억될 오늘의 이 밤
나의 작은 자장가

I’ve been in love with u all this time
지금 이렇게 말할게요
들리나요 대답은 바라지도 않거든요
I can’t help falling in love with u
내가 너무도 좋아해요
지금 이 순간은 당신과 장식하고 싶어요

Love actually is all around, is all around
Love actually is all around, is all around",142
241,Call my name,위고(WEGO),"Baby you can call my name
You can call me every time you want. right now, right now

Baby you can go away
You can going everywhere you want. right now. right?

What are you doing here?
What you want isn't here
지금 이건 마치 crime scene
오늘도 그냥 보낸다면

세 번 봤던 그 Movie
처럼 눅눅해 Boring
이유 없는 우울은 덤
Hey babe, Show me what's on your mind

여기 어두운 방
저기 창문 밖
보이는 모든 곳을
어디든 갈 수 있어
Let's just dive in 음음

Baby you can call my name
You can call me every time you want. right now, right now

Baby you can go away
You can going everywhere you want. right now. right?

나가고는 싶지만 그걸 말로 하기는 싫어
(no way)
말을 하긴 쉽지만 맘을 보여주기는 싫어
이건 까다로운 널 위한 마법의 주문
생각은 이제 그만
언제든지 You can call my name

파란 하늘과
너란 바닷가
우리는 모든 곳을
어디든 갈 수 있어
Let's just dive in 음음

Baby you can call my name
You can call me every time you want. right now, right now

Baby you can go away
You can going everywhere you want. right now. right?",18
242,Addictive LoVe,개비온미 Gabby Onme,"Baby here I stand, gazing at you and locked on you in a trance
Thinking up the next line smooth enough so you'll let me make a move
Two can play this game
Move at your pace then pull back just now and then
Let you feel the tension
Feel suspense, all day, every moment

Couldn't let you walk right by
Had to say what's on my mind
You're a case I can't miss out even if it takes all night

To you I gravitate, addictive so sweet so fresh the way you're always on my mind
So baby give me just a taste, cause
You got the recipe for that addictive love with flavors to die for
You got the recipe for that addictive love
It's you that I crave for
Yea I'll admit that I'm addicted now, yea
I'm addicted now, yea, yea
I'll admit that
Yea I'll admit that I'm addicted now, yea
I'm addicted now yea, yea

Baby take your time and let the flames just fizzle
Look at all the mess we made
You're the birthday cake, I'll be the candles
Make a wish and close your eyes then blow

Couldn't let you walk right by
Had to say what's on my mind
You're a case I can't miss out even if it takes all night

To you I gravitate, addictive so sweet so fresh the way you're always on my mind
So baby give me just a taste, cause
You got the recipe for that addictive love with flavors to die for
You got the recipe for that addictive love
It's you that I crave for
Yea I'll admit that I'm addicted now, yea
I'm addicted now, yea, yea
I'll admit that
Yea I'll admit that I'm addicted now, yea
I'm addicted now yea, yea

You got the recipe for that addictive love with flavors to die for
You got the recipe for that addictive love
It's you that I crave for",14
243,ABYSS.,Dear.,"[가사 준비중] 멜론 회원 여러분! 가사 등록을 기다리고 있어요.
가사등록하기",0
244,HAZE.,Dear.,"[가사 준비중] 멜론 회원 여러분! 가사 등록을 기다리고 있어요.
가사등록하기",0
245,Call me back,YNG SAMIN,"Pull each other in
I think same thing like gravity
babe It's okay to be late
기다릴 수 있어 좀 slowly
I'll buy anything for you
ex diamond ring
lady I can die for you
please call me back
ring ring

please call me back
조금만 기다려 wait it babe
what do you want
movie or drama
I got trauma
maybe it's my karma
매일 이 시간에 너를 갈망
another girls 모두 나를 깔봐
I just want your body on me
매일 널 원했었고
You said we just friend 그게 말이 되니
Are you kidding me right now
넌 다른 놈 차를 ride
You know me well I'm no good at goodbye
good at goodbye
same lyrics I can't breath it

Pull each other in
I think same thing like gravity
babe It's okay to be late
기다릴 수 있어 좀 slowly
I'll buy anything for you
ex diamond ring
lady I can die for you
please call me back
ring ring",17
246,Broken Pieces Of Mine,Even Violet,"Tear It Out
Tear It Out, Pieces
Hoping To Replace The Broken Pieces Of You

Tear It Out
Tear It Out, Pieces
Hoping To Replace The Broken Pieces Of...

Tear It Out
Tear It Out, Pieces
Hoping To Replace The Broken Piece

Tear It Out
Tear It Out, Pieces
Hoping To Replace The Broken
Replace The Pieces Of You

Tear It Out
Tear It Out, Pieces
Hoping To Replace The Broken Piece

Tear It Out
Tear It Out, Pieces
Hoping To Replace The Broken Pieces Of...

Tear It Out

Tear It Out, Pieces

Replace The Broken Pieces Of

Replace The Broken Pieces Of You",2
247,Why are you (Prod. Apo),LeTo,"떠나지마
날 떠나지 마
그런 눈으로
나를 버리지 마

이제야 이해가 돼
너의 말들

이제 난 후회가 돼
너와의 추억들

항상 말해왔던 니 말들이
이젠 거짓말이 되고

Why are you leaving me behind 이 밤
Why are you abandoning me 이 차가운 밤

날 놓고 가는 그대 뒷모습이
왜 나보다 더 슬퍼보여
너도 아프잖아 니가 보여

있잖아 아직 난 이해가 안돼서
왔나봐 이별이 니가 늘 말했던

행복했던 시간 웃고있던 니가
슬픔이 길까봐 포기 해야 하는 때가

너무 늦은게 후회돼도
이미 끝난걸 외면해도

Why are you leaving me behind 이 밤
Why are you abandoning me 이 차가운 밤

날 놓고 가는 그대 뒷모습이
왜 나보다 더 슬퍼보여
너도 아프잖아 니가 보여

Why are you leaving me behind 이 밤
Why are you abandoning me 이 차가운 밤

Why are you leaving me behind 이 밤
Why are you abandoning me 이 차가운 밤

날 놓고 가는 그대 뒷모습이
왜 나보다 더 슬퍼보여
너도 아프잖아 니가 보여",4
248,어릴 적 기억,백철(Baek Cheol),"어릴 적 기억들이
머릿속에 스치는 밤
잠들지 못하는 밤이면
나 그리움에 눈을 감죠

어린 날의 미소가
내 안에 피어나는 날
잊혀진게 없던 것처럼
순수했던 나를 만나요
그 시절이 자꾸 기억나네요

오르막길 홀로 걷고 있어
가로등 및 비친 작은 불빛에
생각에 잠겨 길을 찾아가
답을 찾으며 날마다 떠나가
때론 힘들고 어려울지라도
두려워 말고 빛을 찾아가
그 빛을 따라 멀리 항해
매 순간마다 별을 향해

잊혀져가는 기억들이
한 없이 번져가는 이곳에서
널 찾아가는 내맘 따라
넌 나를 향해 날아 왔음 해
비 바람이 부는 소리에
흔들리는 너의 마음이
이 밤에 녹아 잠 들지 않게
푸른 빛을 내려 줄게


오래된 사진 추억을
펼치면 옛날 생각 떠올라
웃고 떠들던 순간들과
나를 미소 짓게 한 사람들

시간이 흐르고 순간이 지나도
변하지 않는 우리의 추억들
평생을 간직할게요
평생을 같이할게요

오르막길 홀로 걷고 있어
가로등 및 비친 작은 불빛에
생각에 잠겨 길을 찾아가
답을 찾으며 날마다 떠나가
때론 힘들고 어려울지라도
두려워 말고 빛을 찾아가
그 빛을 따라 멀리 항해
매 순간마다 별을 향해

잊혀져가는 기억들이
한 없이 번져가는 이곳에서
널 찾아가는 내맘 따라
넌 나를 향해 날아 왔음 해
비 바람이 부는 소리에
흔들리는 너의 마음이
이 밤에 녹아 잠 들지 않게
푸른 빛을 내려 줄게",20
249,입력 중...,박지민,"if you miss me i don’t text you
그럼 우린 다시 만나
같은 이별을 택하겠지
비록 잠시여도 행복했어

다 잊었단 거짓말 했어
모두에게 다 괜찮은 척
사실 하나부터 열가지 모두
생각이나 잠을 못 이뤘어

i cant explain
너가 그리워진 이유
솔직히 말해 그저 외로움일지도
빈공간을 매꾸려면 너가 필요
그러니 받지마 내가 보낸 문자도

내 의도는 뻔해 새벽에만 널 원해
나도 그저 다른 놈과 다를게 없네
이 밤이 지나가고 난 다른 사랑해
술 취해 보낸 젖은 문자 그냥 무시해

if you miss me i don’t text you
그럼 우린 다시 만나
같은 이별을 택하겠지
비록 잠시여도 행복했어

다 잊었단 거짓말 했어
모두에게 다 괜찮은 척
사실 하나부터 열가지 모두
생각이나 잠을 못 이뤘어

문제야 문제 고칠 생각 없네
같은 실수를 난 매일 반복해
변한 게 없네 넌 변했던데
자른 머리가 참 예쁘던데

알콜 향이 짙게 밴 문자
지금이 아니면 후회할 것 같아서

if you miss me i don’t text you
그럼 우린 다시 만나
같은 이별을 택하겠지
비록 잠시여도 행복했어

다 잊었단 거짓말 했어
모두에게 다 괜찮은 척
사실 하나부터 열가지 모두
생각이나 잠을 못 이뤘어

if you miss me i don’t text you
그럼 우린 다시 만나
같은 이별을 택하겠지
비록 잠시여도 행복했어

다 잊었단 거짓말 했어
모두에게 다 괜찮은 척
사실 하나부터 열가지 모두
생각이나 잠을 못 이뤘어",4
250,꿈결처럼,donburi,"오랜만이지만
너도 여전할 것 같아
시간이 지나도
변치 않았던
나의 가을 바다처럼

내게 베인 너의 향기와
기억만 남아있어도 좋아
작은 모래성 하나로
많은 이야기를 써 내려갔었는데

떠날 때면 내게 말했듯이
우리의 한때는 별일 아닌 듯이
모두 그대로 두고 가자던
네가 떠오르는 하루에

비는 조금씩 떨어지고
바다가 나를 적실 때면
어느덧 떠오른 넌
내 앞에 있어
그 순간은 꿈결처럼

바람이 닿는 소리들은
마치 영화 속 장면처럼
우리의 밤을 더 빛나게 해주었어
영원을 말하듯이

난 더 바랄 게 없어
네 마음을 담았던
그 편지마저도
내겐 세상이었으니까
별이 빛나는 밤
우린 어디든 갈 테니까
부서질듯한 저기
하늘 끝에 닿아

비는 조금씩 떨어지고
바다가 나를 적실 때면
어느덧 떠오른 넌
내 앞에 있어
그 순간은 꿈결처럼

바람이 닿는 소리들은
마치 영화 속 장면처럼
우리의 밤을 더 빛나게 해주었어
영원을 말하듯이",6
251,Paradise,SAAY,"I’ve been waiting, for you
(난 당신을 오랫동안 기다려왔어요)
 
can’t explain how much I look up to you, lover
(내가 그댈 얼마나 존경하고 우러러보는지 설명할 수 없죠, 나의 사랑)
 
easy but so hard anything
(이 사랑이 참 쉽다고 느껴졌는데, 하지만 뭐든지 참 어렵기도 해요)
 
you, and me
(그대와 나)
 
it’s something
(우리 사이엔 뭔가 있죠)
 
promise me you’ll never ever leave me, no
(날 영원히 떠나지 않겠다고 약속해 줘요)
 
promise me
(약속해 줘요)
 
you are my lover,
(그대는 나의 사랑)
 
heaven must be like this
(천국이 아마 이런걸까요?)
 
I’ll a make thing the best for you, only
(나도 오직 그댈 위해 할 수 있는 최선을 다할게요)
 
anything with you, are
(그대와 함께라면 뭐든)
 
a miracle happened to me babe
(나에게도 기적이 일어난 거예요)
 
no escape, love
(출구 없는 나의 사랑)
 
it’s like a real Paradise for me
(이건 마치 나만을 위한 진짜 파라다이스 같아요)

I was meant to be with you babe
(그대와 난 함께할 운명이었죠)
 
just can’t live without you now baby
(이젠 그대 없이 살 수가 없어요)
 
you are my, Paradise for me
(그대는 날 위한 파라다이스에요)
 
I’ll just stay here right with you it’s just forever
(나도 그대 옆에 영원히 머물 거예요)
 
we gon fall in love with love with love
(우린 사랑과 함께 사랑에 빠지고)
 
Paradise, Paradise, our
(이건 우리 둘만의 파라다이스죠)
 
come and tell me, where are we?
(다가와서 말해줘요, 우린 어디쯤인지)
 
I wanna know, what’s on you babe
(당신의 마음이 뭔지 알고 싶어요)
 
oh, all day
(매일같이)
 
like a scene from the movie
(마치 영화 속의 한 장면처럼)
 
I’ll make love with you
(당신을 위한 사랑을 만들게요)
 
and it’s a happy ending ever
(그리고 이건 영원한 해피엔딩일 테죠)
 
it’s like a real Paradise for me
(이건 마치 나만을 위한 진짜 파라다이스 같아요)
 
I was meant to be with you babe
(그대와 난 함께할 운명이었죠)
 
just can’t live without u now baby
(이젠 그대 없이 살 수가 없어요)
 
you are my, Paradise for me
(그대는 날 위한 파라다이스에요)
 
I’ll just stay here right with you it’s just forever
(나도 그대 옆에 영원히 머물 거예요)
 
we gon fall in love with love with love
(우린 사랑과 함께 사랑에 빠지고)
 
Paradise, Paradise, our
(이건 우리 둘만의 파라다이스죠)
 ",260
252,Your garden,김뮤지엄 (KIMMUSEUM),"Day one,
이전에 걷던 거리를 지나가 난
네 마음이 줬던 사뭇 다른 그 풍경 속에
잠겨도 돼
한여름밤에 꾸던 꿈은 별

천천히 쓰인 너
i didn't know you loved that
너에게 맡긴 내일을
써 내려가며 다음엔

다른 표정을 섞어
흐린 마음이 덮여
you have been going around
my head all day

If you're the sun,
I'll be the garden
wanna waste my time
with you everyday
흐릿해졌던 감성
너로 인해 쓴 다음 건
바람에 가볍게 실어서
너의 곁으로 보내

Day one
이전에 걷던 거리를 지나가 난
네 마음이 줬던
사뭇 다른 그 풍경 속에
잠겨도 돼
한여름밤에 꾸던 꿈은 별,
별이 됐단 거야

하나씩 바뀌는 습관은 벌써
손가락이 모자라 민망해지네
내 감정을 나열해 길을 만들어
네 사계를 횡단할 거야 나 점점

네가 더 사랑해 줬으면 해
나 말고 내 세상은 아직도 까매
간단히 간단히
참 쉽지 이번 가사는

If you're the sun,
I'll be the garden
Wanna waste my time
with you everyday
흐릿해졌던 감성
너로 인해 쓴 다음 건
바람에 가볍게 실어서
너의 곁으로 보내

Day one
이전에 걷던 거리를 지나가 난
네 마음이 줬던
사뭇 다른 그 풍경 속에
잠겨도 돼
한여름밤에 꾸던 꿈은 별,
별이 됐단 거야",707
253,NASA (feat. FKJ),DEAN,"전혀 알 수가 없대
더는 이해 할 수 없대
아직도 넌 이상 속에
현실을 보지 못해

넌 빛에 닿으려 해
과거는 어두웠기에
아 맞아 넌 멀리 간 게
미래는 더 어두웠기에

어린 눈에 비친
찬란히 빛나던 빛을
아직 넌 기억해?

Come back to Earth
Don’t think too much
You‘ve gone too far away
There is nothing else
Cuz the light is inside of your heart
Whoo

Ah ah ah ah -
Ah ah ah ah -

Come back to Earth
(Come back to now)
Don’t think too much

Heart is bumpin’ again
Soul is buzzin’ again
I know
You know

Find the signal again
기다릴게 저 먼 미래에서
(Don’t be fallin’ again)
Just run
Run","7,975"
254,The Piano,Kiik,"[가사 준비중] 멜론 회원 여러분! 가사 등록을 기다리고 있어요.
가사등록하기",14
255,PATHETIC.,Dear.,"[가사 준비중] 멜론 회원 여러분! 가사 등록을 기다리고 있어요.
가사등록하기",0
256,I need you,배우리,"I need you
girl baby
매일이 가을이 져 겨울이 다가오듯이
can be so morbid
everything is always on my back
baby
I need you
girl baby
매일이 가을이 져 겨울이 다가오듯이
can be so morbid
everything is always on my back
baby
I will solely focus on my way
다짐했어 여기서 민낯에
나와 날 붙잡은 너의 인스타그램
아직도 난 널 잊지 못해 cold
어디서든 너를 안고 보고 싶어 girl
너랑 봤던 movie 잊지 못해 그 mood
아직도 I will solely focus on my way
I need you
girl baby
매일이 가을이 져 겨울이 다가오듯이
can be so morbid
everything is always on my back
baby
I need you
girl baby
매일이 가을이 져 겨울이 다가오듯이
can be so morbid
everything is always on my back
baby",9
257,Drink (Feat. Heezy),VLX,"유난히도 어두운 밤
깜박거리는 가로등 밑은
나의 그림자로 덮여
feel with your shadow

하루 종일 내 맘은 헤집어놓곤
너는 그렇게 또 숨어버리지
머릿속은 온통 너뿐인 걸
what can I do

more more more drink
more more more drink
너의 일부가 나의 하루가 되어
익숙해져가는 걸

more more more drink
more more more drink
너의 일부가 나의 하루가 되어
익숙해져가는 걸

more more more drink
more more more drink
나의 하루가 너의 일부뿐인걸
don’t want you on my mind",1
258,Frost (feat. Se!n),Saint,"뻔한 착각인듯
꿈을 꾸는듯
들어와 내게
내 맘속에

가슴 한 켠에 커져버린 널 보는게
서글픈 행복만 같아

I know i know
너의 눈엔 내 자린
작다는걸 깨달을때 마다

아려온 맘에
단 한번이라도
날 안아준다면

오뉴월에 눈처럼
널 기다릴게
녹아없어져도

다가올 따가운
햇살아래 서있을게
매일난 너를 기다릴게요

하염 없이 날 기다려
주기를 바란 내 이기심에 나

괴롭게 했나봐 널
이런걸 바라진 않았어

너무 멀리 온듯해
나도알아

I know I know
나의 욕심이란 건
아려온 마음에
슬픈 행복이라는걸

너에게 가는게
아주 멀지않길
바라며 걸어 난

오뉴월에 눈처럼
널 기다릴게
녹아없어져도

다가올 따가운
햇살아래 서있을게
매일난 너를 기다릴게요

서리 처럼 시린
차가운 너의 시간들속에
Baby i‘ll come with you
Even if it’s far away
난 너의 발자국 따라

오뉴월에 눈처럼
널 기다릴게
녹아없어져도

다가올 따가운
햇살아래 서있을게
매일난 너를 기다릴게요",6
259,Remember me,Van Corso (반코르소),"자꾸만 눈 앞에서 아른거려
분명 네가 여기 없는데
이상하게 네가 있던 자린 아직 따듯해
여전히 남아있는 듯

아마도 나의 기억 한켠에
깊게 자리 잡은 것 같아
나도 모르게 네가 내 마음속
조각의 일부가 된 듯해

Running through my mind
How about you?
(How about you?)

My mind is full of your thing
How about you?
(How about you?)
I wish I could stay in your memory

언제부터 였는지도 모르겠어
I don't know when i
처음부터 그랬던 건 당연히 아니야
I swear

언젠가부터 네가 없는 게 이상해지고
네가 있는 게 매번 소중했어 난

아마도 나의 기억 한켠에
깊게 자리 잡은 것 같아
나도 모르게 너가 내 마음속
조각의 일부가 된듯해

Running through my mind
How about you?
(How about you?)

My mind is full of your thing
How about you?
(How about you?)
I wish I could stay in your memory

I wish I could stay in your memory",7
260,없었던 것처럼,WOO (성현우),"없었던 것처럼
전부 지난 일인 것처럼
넌 지내자고 말해 no way

없었던 것처럼
너가 내게 살아 숨 쉬던 날

그 시간으로 전부 되돌아가길 바래 난

지난날은 흘러가고
난 아직 머물러만 있죠

좋아한다 했던
한강 공원에서

다신 없을 줄만 알았죠
누군갈 이렇게 사랑할 줄

꿈에도 몰랐었죠

몰랐지 이제 남이 될 줄도 난
전부 흩어져 버린 너의 그 맘도

잡은 두 손을 꼭 놓지 말자 했던
그때의 넌 어디 있어?

이미 나에게서 멀어진 너지만
아직 너와 함께한 시간 속에 살아

Good bye

너 없이 잠 못 드는 날 봐 오늘 밤도 Tonight

없었던 것처럼
전부 지난 일인 것처럼
넌 지내자고 말해 no way

없었던 것처럼
너가 내게 살아 숨 쉬던 날
그 시간으로 전부 되돌아가길 바래 난

Yeah 아팠던 그날의 밤
다른 사람이 아닌 너만을 바랬던 맘과는 다르게

넌 뒤를 돌아 떠나버리고
난 혼자 남아 눈물을 훔치기만 했었던 날

우리 처음 만난 계절도
다시 제자리로 돌아왔는데 우린 더 멀어져
yeah Make a wish 이 노래는 네게 닿길
전부 끝나버렸지만 소중한 맘은 같길

The way i still love you , baby
너를 위해 떠난다

나보다 널 사랑했는데

너의 옆에 다른 남자가 있으니까 난 맘이 공허해
네가 없인 아무것도 할 수 없는데

아플게, 이럴 때 날 안아주던 넌 없어 it`s true

없었던 것처럼
전부 지난 일인 것처럼
넌 지내자고 말해 no way

없었던 것처럼
너가 내게 살아 숨 쉬던 날

그 시간으로 전부 되돌아가길 바래 난",43
261,Ashglow,Wheezy,"파랑에 돋은 흐드린 가시꽃 위로
차게 들려온 그 때 그 pare line
Cry you overflow
빗물이 우울을 삼키면 다시 잠잠한 밤을 찾을 수 있을까

I pray for all dawn long
손에는 아직 너의 옷자락을 잡은 듯이
영원히 놓지 못할 듯이
Nowhere to go
잿더미가 나지막히 불길 밟아간 자릴 지켜보다 난

Fallling in the paradise
뛰어든 연못엔 피로 물든 흔적들이
기꺼이 빠진 나를 가라앉히고
손을 뻗으면 닿을 낙엽 한 줌에 꿈을 기대고
Burn in freezing fire with frozen ashes
난 아직 그 안에서 숨을 쉬지 못하고 바닥을 치며
헤엄치고 몸을 떨어
언젠가 이 땅을 밟고 일어나려

I fall apart from blowing petal's wind
하염없이 늪의 바닥에 누운 채 눈을 감아
Somewhere to go
잿더미가 나지막히 불길 밟아간 자릴 지켜보다
We'll never seize whatever need

Knocking on the paradise
뛰어든 연못엔 피로 물든 흔적들이
기꺼이 숨을 조여 가라앉히고
손을 뻗으면 닿을 너의 한숨에 꿈을 기대고
Burn in freezing ashes with frozen fire
난 아직 그 안에서 숨을 쉬지 못하고 바닥을 치며
헤엄치고 몸을 떨어
언젠가 이 땅을",4
262,[8:40],Pin-Out,"Waiting for you
널 기다리는 중
마주친 그 순간
I just know
Something that I can’t explain

Waiting for you
그 시간 속에 너
넌 어디에 있니
I’m feeling you
다가오는 네 모습

늘 똑같던 출근길
우연히 마주친 니 모습
온종일 채워질 니 모습
I’m falling in love

나도 몰래 기다려
똑같은 시간 속 니 모습
이어폰 음악 속 니 모습
I’m waiting for you

널 바라보기만 하고
난 아무것도 못하고
마음은 여기 있고
너에게 가고 있네

8:40
한발 남은 거리
8:40
좁혀질 이 거리
8:40
멈춰줘 넌 거기
8:40, 8:40

8:40
너와 나의 거리
8:40
멈춰줘 넌 거기
8:40
다가와줘 여기
8:40, 40, 40

널 보던 그 시간
나에겐 너무 길진 않았어
언제부터 내 맘 속에
어떻게 돌아서 온걸까?

똑같은 이 거리
똑같은 이 시간
너를 그릴 때 마다
점점 커져가는 나의 맘

늘 복잡한 출근길
그 속에 가려진 니 모습
널 찾아 헤메는 내 모습
I’m falling in love

오늘도 널 만나길
똑같은 시간 속 니 모습
이어폰 음악 속 니 모습
또 바라보며

널 바라보기만 하고
난 아무것도 못하고
마음은 여기 있고
너에게 가고 있네

8:40
한발 남은 거리
8:40
좁혀질 이 거리
8:40
멈춰줘 넌 거기
8:40, 8:40

8:40
너와 나의 거리
8:40
멈춰줘 넌 거기
8:40
다가와줘 여기
8:40, 40, 40

널 보던 그 시간
나에겐 너무 길진 않았어
언제부터 내 맘 속에
어떻게 돌아서 온걸까?

똑같은 이 거리
똑같은 이 시간
너를 그릴 때 마다
점점 커져가는 나의 맘",2
263,잠은 안 오고 (Feat. LUVSOME),이소희,"있잖아 요즘
나 니가 꽤 좋은데
이런 내 맘을 아는 듯
오늘은 날씨도 맑음

있잖아 나는
아침 점심 저녁 매일
한 번 두 번 아니 자꾸
떠올리다 오늘도

아무튼 그래!
내 맘이 그래
너는 절대 몰라

하여튼 그래!
내 맘이 그래
나는 오늘도

잠은 안 오고
잠은 안 오는데
너만 찾아보고 떠올리다
밤은 다 가고

잠은 안 오고
잠은 안 오는데 난 또
너만 찾아보고 생각하다
잠은 안 오고

있잖아 요즘
나 니가 꽤 좋은데
이런 내 맘도 모르구
오늘도 무소식

turn on my phone
하루 종일 난 니 계정만 tap tap
니가 아닌 애들은 모두 다 swipe
""뭐해?""라고 연락할까? 맘 같아선

아무튼 그래!
내 맘이 그렇다구
오늘도

잠은 안 오고
잠은 안 오는데
너만 찾아보고 떠올리다
밤은 다 가고

잠은 안 오고
잠은 안 오는데 난 또
너만 찾아보고 생각하다
잠은 안 오고

잠은 안 오고

있잖아 요즘
나 니가 꽤 좋은데
이런 내 맘을 아는 듯
오늘은 날씨도 맑음

잠은 안 오고

있잖아 나는
아침 점심 저녁 매일
한 번 두 번 아니 자꾸
떠올리다 오늘도..",8
264,이상해 (Feat. Ayle),루움앤글로우,"이상해, 별것도 아닌데
가끔 네가 그리워질 때 있어
잘 지내겠지, 나도 잘 살아
근데 네가 가끔은 보고파
내가 알던 네 표정, 네 말투
혼자서 떠올리다 웃음이 나
참 별거 아니었는데 말야
그게 왜 이렇게 그리울까

요즘 좀 바빠 보이지? 나도 그래
근데 가끔 투닥대던 길 지나면
웃음이 나, 우린 참 그랬지
별거 아닌 얘기, 사소한 습관까지
생각나는 걸까

이상해, 문득 오늘은
네가 좋아하던 계절이라서
잠깐 멈춰 서서 하늘을 봐
우리가 함께 본 하늘처럼
지하철 계단 오르다가
무심코 뒤돌아보게 될 때
참 많은 게 변했다지만
그때 그대로인 것도 정말 많아

요즘 좀 바빠 보이지? 나도 그래
근데 가끔 투닥대던 길 지나면
웃음이 나, 우린 참 그랬지
별거 아닌 얘기, 사소한 습관까지
생각나는 걸까

어쩌면 그냥 지나가던
그 많은 날 중 하루였는데
아직도 맴도는 순간처럼
가끔씩 떠올리게 되는 사람

요즘 좀 바빠 보이지? 나도 그래
근데 가끔 투닥대던 길 지나면
웃음이 나, 우린 참 그랬지
별거 아닌 얘기, 사소한 습관까지
생각나는 걸까",0
265,Puff of Wind,퍄노마력,"[가사 준비중] 멜론 회원 여러분! 가사 등록을 기다리고 있어요.
가사등록하기",3
266,안아 줄 수 있을까 (Feat. 박현진),Komah Jay (코마제이),"똑같은 하루 메마른 표정과 말투
나를 감추고 삼킨 내 응어린 아픔

집에 가는 길 불 꺼진 밤 조용한 거리를 걸어
멀리 선 가로등만 환하게 날 반겨줘

정말로 견디면 괜찮아질까?
눈 감은 채 버티면 내일은 어떨까?

차가워져 스쳐 지나간
오늘은 날 힘들게 해
위태로운 날 지쳐가는 길 위에
멈춰서 헤매고 있을지도 몰라

어느새 시간은 지나
혼자 바보처럼 되뇌이는 밤
그런 날 꽉 안아줄 수 있을까?

우리 갔던 그 자릴 맴도네 계속
지금과 너무 다른 공기 내게로
추억에 젖어 걸어 다닐 때

I just wanna feel we be alright
예전엔 따뜻했던 거리
Our love, just a fading story.

우리가 제일 힘들 땐 어디 있을까 난 몰라 girl
너가 정말 아파서 날 찾았을 때
고민도 할 새 없이 넌 내게 기대
라고 했었던 날이 그리워져
Girl 난
Just try

차가워져 스쳐 지나간
오늘은 날 힘들게 해
위태로운 날 지쳐가는 길 위에
멈춰서 헤매고 있을지도 몰라

어느새 시간은 지나
혼자 바보처럼 되뇌이는 밤
그런 날 꽉 안아줄 수 있을까?

어느 날 우연히 널 마주친다면
꼭 안을게 그리움에 널 닿을 때까지

차가워져 스쳐 지나간
오늘은 날 힘들게 해
위태로운 날 지쳐가는 길 위에
멈춰서 헤매고 있을지도 몰라

어느새 시간은 지나
혼자 바보처럼 되뇌이는 밤
그런 날 꽉 안아줄 수 있을까?",155
267,"Gift (Vocal by 임우태, 이희주, 조매력, 임도혁, 동주, Theo)",랑데부르스,"Oh oh oh oh oh oh
참을 수 없죠
기다릴 수 없죠
새하얀 12월의 이 밤을

숨길 수 없죠
다 드러낼게요
자꾸만 서두르는 걸음을

어느새 조명이 꺼지고
(오직 나만 걸었네)
희미하게 들리는
멜로디 이렇게

You are a gift
우리 마주하는 이 밤을
사랑을 노래하는 이 순간
You are a gift
모두 담아 널 부를 게

Merry Christmas, day

어느새 조명이 꺼지고
(오직 나만 걸었네)
희미하게 들리는
멜로디 이렇게

You are a gift
우리 마주하는 이 밤을
사랑을 노래하는 이 순간
You are a gift
모두 담아 널 부를게

Merry Christmas, day

Oh oh oh oh oh oh

Oh oh oh oh oh oh

Oh oh oh oh oh oh
Oh oh oh oh oh oh
Oh oh oh oh oh oh",11
268,Body Language (Feat. Jhunnit),Ahntist,"stunnin bass shot ma body
시끄러운 party vibe

crushin dance got a word
너의 말이 안 들리지만

we can talk and talk by the
body language (들릴 필욘 없잖아)
body language (show me oh! oh!)
body language (cree, creepin' all night)
body language hot topic yeah

hey you why so cynical yeah
might got a message from mom? or dad?
이대론 가기 아쉬워서 어째
we can talk and talk more

drive ma body feel the kick snare drum
drive your body follow piano strum
see our body getting closer now right now

stunnin bass shot ma body
시끄러운 party vibe

crushin dance got a word
너의 말이 안 들리지만

we can talk and talk by the
body language (들릴 필욘 없잖아)
body language (show me oh! oh!)
body language (cree, creepin' all night)
body language hot topic yeah

알아 너 억지로 끌려 나온 거
친구는 어디 갔어?
너 빼고 다 봐봐 errbody go crazy
do it like thugy or move like breezy

see ma body feel the kick snare drum
drive your body follow piano strum
Move our body getting closer now

stunnin bass shot ma body
시끄러운 party vibe

crushin dance got a word
너의 말이 안 들리지만

we can talk and talk by the
body language (들릴 필욘 없잖아)
body language (show me oh! oh!)
body language (cree, creepin' all night)
body language hot topic yeah",1
269,No cap dance,도화,"I don't even have a driver's license
근데 널 태우고 어디든 가지 꽤
멀리 escape buu
원하는것있음 말만해 buu

Talking about sweet,알잔아
sugar coat 뻔해도 달잔아
이게 술이든 물이든 알빠가
어찌됐든 붉게 물드네 powpow

It's foamy like carbonation popping
tonight into pieces,chopping
움직여 빨리 항상 마지막일
듯이 da dance 같이

화음을 쌓고 쌓아
음악이 필요하잔아
boom like a perc
loop은 계속 돌아 같이


make her dance 즐겨 pain
From bottom to top 해
정상인건 답답해서
switch 물을 바닥에

어떡하긴 어떡해
내 눈동자는 no cap
make her dance dance
깊게 wet wet wet

make her dance 즐겨 pain
From bottom to top 해
정상인건 답답해서
switch 물을 바닥에

어떡하긴 어떡해
내 눈동자는 no cap
make her dance dance
깊게 wet wet wet



chet 처럼 falling 물론 blue
근데 떨어뜨린 붉
은색 이건 너꺼라 고
말 하진 않을테니 move

마치 bipolar 위 아래
fever pitch,It's natural even if 차례
대로 switch play it
for a bit longer,like 플리

어쩌면 우리가 마지막 일수도
있잔아 그러니 보여줘 남기가
애매하다면 rec off후 다리가
떨릴정도로 roll 대신 live이야

내 필모그라피 속에 네
목소리가 울리게
계속 해서 녹음해


make her dance 즐겨 pain
From bottom to top 해
정상인건 답답해서
switch 물을 바닥에

어떡하긴 어떡해
내 눈동자는 no cap
make her dance dance
깊게 wet wet wet

make her dance 즐겨 pain
From bottom to top 해
정상인건 답답해서
switch 물을 바닥에

어떡하긴 어떡해
내 눈동자는 no cap
make her dance dance
깊게 wet wet wet",1
270,MAYFLY (feat. Khundi panda),Waker,"나는 12월의 mayfly
이상하지가 않아 fade out
언제든지 준비가 돼있다고
그니까 각오에 대해선 제발 좀 묻지마

I ain't tryna play hide n seek
여전히 same spot you see
걍 박혔지 베이스라인 듯이
넌 듣지 않네 이야기를
why do you want me here


got bruise on my feet
두 눈 안엔 비명
거의 반 쯤 남은 keep과
좀 비슷한 나의 비밀

but I keep my mouth shut
소리 없는 아우성
기약이 된 다음번은
기약뿐인 다음번
moment of silence


nah cut the bullshit I ain't got a minute
예상 갈 대화는 걍 싫어 느낌이
내 앞에서 뭔 말 할지 다 알아
너의 핑계 넘 저렴하니
눈치 까 미리
I ain't wit it

쓰레긴 쓰레기를 알아본다니
문제는 나의 trust issue
난 뻔뻔한 새끼 넌 멍청한 새끼
이 테이블 앞에선 잘 섞이는 패지

뭐가 우리를 남겨두지 우리로
예약된 private room이
잠깐은 모두를 가둬두지만
기억에 남은 건 안녕 뿐인 환영일 뿐야

따듯한 실내
돌아갈 땐 한겨울
난 12월의 mayfly
초여름일때가 있었던 것 같기도
but my heart got a dead fire

facetime
지겨워 I'm finding a wayout
언제든지 끊을게 대화는
그니까 기분은 대해선 제발 좀 묻지마

I ain't tryna stay biased ye
똑같지 내 시야는
라디오 틀은듯 fake lies
넌 듣지 않겠지만 내 이야기를
why do you want me here


got bruise on my feet
두 눈 안엔 비명
거의 반 쯤 남은 keep과
좀 비슷한 나의 비밀

but I keep my mouth shut
소리 없는 아우성
기약이 된 다음번은
기약뿐인 다음번
moment of silence


상한 비위 feelin some bad tunes
느껴 위기
지필래 몸 데울 불
친구는 위피 꼴리면 콜백 눌러
You can meet me at the motel room

해소가 되기전 내 눈에 비친 너는 venus
a flytrap baby
이 밤 지나면 또 누가 와있겠지만
네게 파리만 꼬일것도 알게 되니

I like it here
cozy n soundproof
딱 하루가 나을듯하니까
다음 주쯤에 보자는 약속은
하지도 말아
I'm leavin around noon

n don’t cry me a river
세숫대야 채울 것도 아니고
부재중에 모면할 다음 번
I need a moment of silence
Imma mayfly


got bruise on my feet
두 눈 안엔 비명
거의 반 쯤 남은 keep과
좀 비슷한 나의 비밀

but I keep my mouth shut
소리 없는 아우성
기약이 된 다음번은
기약뿐인 다음번
moment of silence


Imma mayfly
Imma mayfly
the winter cold",4
271,우리의 탈출구,도무,"[가사 준비중] 멜론 회원 여러분! 가사 등록을 기다리고 있어요.
가사등록하기",0
272,Supernova (Explicit Ver.),Tamera,"[가사 준비중] 멜론 회원 여러분! 가사 등록을 기다리고 있어요.
가사등록하기",4
273,Inspiration,oceanfromtheblue,"oh Baby, 밤이 바삐 떠나가려고
숨가삐 달려 뭐가 그리 급하다고
천천히 잔잔하게 내 마음을 줄게
See, in your eyes on me with smillin
Show me what you think

넌 나의 영감
하루 종일 떠올라 oh baby
멀리 있어도 멀리할 줄 몰라
Oh yeah

Girl, be honest
I know you want me too woo
넌 날 몰라
아무것도 몰라

널 만나기 열두 시간 전에
난 잠들지 못할게 뻔해
변했어 몸과 마음이 편해
그런데 넌 대체 왜

Oh Baby, 밤이 바삐 떠나가려고
숨가삐 달려 뭐가 그리 급하다고
천천히 잔잔하게 내 마음을 줄게
See, in your eyes on me with smillin
Show me what you think

넌 나의 영감
하루 종일 떠올라 oh baby
멀리 있어도 멀리할 줄 몰라
Oh yeah

Girl, be honest
I know you want me too whoo
넌 날 몰라
아무것도 몰라

맛있는 것마다 골라
먹을 때 볼 때면 좋아
네 머리칼이 가린 얼굴
잠깐씩 보일 때 어쩔 줄 몰라

She always do for me
넘쳐 아름다움이
But she said ""i ain't look like that""
너의 그런 겸손이

메마른 내 맘엔 비
24 / 7 i'm free
I got you girl
See, in your eyes on me with smillin
Show me what you think

Oh Baby, 밤이 바삐 떠나가려고
숨가삐 달려 뭐가 그리 급하다고
천천히 잔잔하게 내 마음을 줄게
See, in your eyes on me with smillin
Show me what you think

넌 나의 영감
하루 종일 떠올라 oh baby
멀리 있어도 멀리할 줄 몰라
Oh yeah

Girl, be honest
I know you want me too woo
넌 날 몰라
아무것도 몰라",202
274,how easy,ron,"how easy to love
how easy to fight
how easy to feel not sorry
how easy to die

did i kill your smile?
i‘d rather kill mine

but i don't feel yours
you and my windows

뭐가 진짜일까
다 찰흙 같아
넌 동물 인간
난 식물 인간

딱 한 시간만
다 죽을 순 없나
모두가 동시에
꿈에서 만나

but i don't feel yours
you and my windows
i'd better be quiet
i'd better be dead
i'd better be dead",29
275,Do You Feel Like Me,WH3N (웬),"잊지 못해 널 처음 본 그날
바람이 차서
어색해 하며 인사하는 널
얼어붙어 한참을 봤어

매일 밤에 널 그려왔다며
밤이 새도록 전활 해
시간이 너무 빠르게 지났다고
한참을 또 얘기해

마지막 인사를 건네고
난 너를 지나 다시 걸어
I saw you
한참을 돌아보다가
넌 그 자리에 서 울고 있고
i walking out side of your
thousand miles
너가 보이지 않을 그 순간까지

내가 너를 떠나간 이후에
한참이 지나고 나서야 알아
너도 이런 마음이었을까

넌 누구와도 바꿀수 없는 것
내 모든 걸 버린다 해도
다시 돌아가긴 너무 늦은 것
너에게 너무 큰 상처를

I feel like you
Do you feel like me?
i'm still not over you

마지막 인사를 건네고
난 너를 지나 다시 걸어
I saw you
한참을 돌아보다가

넌 그 자리에 서 울고 있고
i walking out side of your
thousand miles
너가 보이지 않을 그 순간까지",270
276,What did you do?,Eric Minz,"If I got a dollar for every time I thought about her, then I’d be like a million dollars richer
I feel so alive when I’m with her
Is she an angel? I can’t decide
I’m hearing her voice like a lullaby
And when we’re apart I miss her, but I feel that way when I’m with her

Ooh-ooh
So what did you do to me?
These feelings are not new to me but I feel so new with you
So what did you do to me?
These feelings are not new to me but I feel so new with you

Whenever I look into both your eyes
움직일 수 없어 I’m paralyzed
I’d give it all away, If it meant that I could feel this way forever and ever
I’ll love you til’ the end of the times
Say that you’ll be mine

Ooh-ooh
So what did you do to me?
These feelings are not new to me but I feel so new with you
So what did you do to me?
These feelings are not new to me but I feel so new with you",40
277,로맨스 (low man′s love),연울 (yeonwool),"사랑이 뭐라고 이렇게 힘들게만 해
이랬다저랬다 주변에서는 개소리만 해
차라리 날 버리고 그냥 떠나가주라
너 없이도 살 수 있게 내가

내가 뭐 어떻게 했으면 좋겠는데
넌 산들바람에 실려 떠나갔잖아
너 없이 바보가 된 나는 가슴 치며
후회했지만 이젠 돌아갈 수 없잖아

집 안에 네 향수 냄새
침대에는 따듯한 온기가
이딴 노래 다시는 안 쓰겠다고
다짐했지만 너 하나로 무너진다

아마 내일이면 또 땅을 치며 울겠지
사라진 옷들이 버려진 추억이
내가 유명해지면 이 노래 넌 듣겠지
떠나간 바람처럼 귀에 들리길 바래

사랑이 뭐라고 이렇게 힘들게만 해
이랬다저랬다 주변에서는 개소리만 해
차라리 날 버리고 그냥 떠나가주라
너 없이도 살 수 있게 내가

사계절을 지나 너를 보냈다
아프지만 오늘은 하고 싶은 말을 꼭 할게
내가 널 많이 사랑했다
어린애 같은 거 알지만 이게 나니까 할래

이제는 어린아이 같던 우리의 사이
끝내자 지겹기만 하잖아라고 말하고 싶어 또
밤을 지새우며 노래를 불러
어지러운 내 머리를 쥐어잡고 널 불러

잡아도 잡히지 않는 바람 같아
너는 맑은 하늘의 소나기 같아
사랑이 뭐라고 또 힘들게만 해
한 번만 더 아플게
이 가을밤에 노래

사랑이 뭐라고 이렇게 힘들게만 해
이랬다저랬다 주변에서는 개소리만 해
차라리 날 버리고 그냥 떠나가주라
너 없이도 살 수 있게 내가",57
278,"Be Alright (Song By Lumel, FLAME) (Prod. PUNKBOY)",KozyPop,"Hey, don’t be one of them
I know you’re feeling lonely Yeah that’s so bad
Hey, I’ve been always on your side
I’ll be with you all the times And you’ll know that it’s not lie
Let’s go to the onsen even if it’s cheep
And Kaisei too. Yeah you love it, me too
There’s no reason to give up your dream You know that right?
Everything will be alright Trust me
Yeah I’ll let somebody know you better
So never need to cry no more
When you wake up then you’ll feel better
Cause I’ll let somebody know
I need you So you never need to hide no more
When you wake up then you’ll feel better
Cause I’ll let somebody know
I just wanna drive with u but is it too late
피로감에 쌓인 눈꺼풀이 너무해
아쉬운 대로 시부야 거리로
잠깐 기다려 봐 Ummm
내 옷 좀 빌려 입어도 돼
그대로는 절대 안돼
그냥 가져 이것도
Yo man sure why not?
일단 나가보자 우리 기대없이 가볍게
하얗게 물든 이 도시 위에서
How you been
Yeah 어때 how you been
세상이 우리를 힘들게 하고
맘 대로 되는 일 좀 처럼 없대도
가끔 이렇게 웃고 지냈으면 해 my friend
Yeah I’ll let somebody know you better
So never need to cry no more
When you wake up then you’ll feel better
Cause I’ll let somebody know
I need you So you never need to hide no more
When you wake up then you’ll feel better
Cause I’ll let somebody know",81
279,Bloom,Jacqui (재키),"Are u feeling down
Do u feel like u can’t help it?
Have u hit a wall
Does it feel like u can’t go on?

It’s okay to cry
When the world tells u not to
U are a glowing bone
Glowing bone

Are u falling down
Giving up on running?
Are u getting stuck in
Every step u take?

It’s okay to cry
When the world tells u not to
U are a blooming sun
Blooming sun

Winter, summer, spring and fall
U bear the seeds to bloom
Winter, summer, spring and fall
U bear the seeds to bloom

Are u falling down
Giving up on running?
Are u getting stuck in
Every step u take?

It’s okay to cry
When the world tells u not to
U are a blooming sun
Blooming sun

Winter, summer, spring and fall
U bear the seeds to bloom
Winter, summer, spring and fall
U bear the seeds to bloom",23
280,Fall In (With Emill),DOF,"I'm gonna push myself
'Cause baby, I want to be with you
Let's stay together a little longer
If that's okay

Give it all, give it all, give it all
Tell me, what's your game again?
Maybe I'll wanna play

Let me be, let me be, let me be
And you'll see, I'll fall into your love

You shake my universe
I'm into you
We'll dance until the sunrise
Never let me go
I'll stay with you
And never be the same again

Baby we're so free when we dance everyday
And to be honest, for you I'd do anything
Baby we're so free when we dance everyday
And to be honest, for you I'd do anything

Meet me at midnight
There’s fire at my place
My love
We’ll stay together a little more
And just be ourselves

Give it all, give it all, give it all
Tell me, what's your game again?
Maybe I'll wanna play

Let me be, let me be, let me be
And you'll see, I'll fall into your love

You shake my universe
I'm into you
We'll dance until the sunrise
Never let me go
I'll stay with you
And never be the same again

Baby we're so free when we dance everyday
And to be honest, for you I'd do anything
Baby we're so free when we dance everyday
And to be honest, for you I'd do anything

Baby we're so free when we dance everyday
And to be honest, for you I'd do anything
Baby we're so free when we dance everyday
And to be honest, for you I'd do anything",7
281,사이,코비 (Coby),"달콤하고 서늘한 한 줌의 바람
서로를 이끄는 따스한 손길
우리 이 순간 뜨겁게 기억해
함께 할 내일을 그려봐

조금 편해진 우리 사이가 좋아
나를 향해 걸어오는 너를 볼 때면
너의 이름을 낮게 불러주고파
다정한 목소리가 네게 닿기를

하나 둘 계절에 맞는
풍경이 그려지고
우리 둘 눈을 맞추면
이보다 더 행복할 수 없겠네

달콤하고 서늘한 한 줌의 바람
서로를 이끄는 따스한 손길
우리 이 순간 뜨겁게 기억해
함께 할 내일을 그려봐

많은 추억들이 쌓여
점점 서로에게 익숙해질수록
더 큰마음을 줄 거야

기대치 못한 순간에도
언제나 곁에서 날 지켜주는 널
깊이 알고 싶어

가끔은 이런 행복이
달아날까 겁이 나도
너의 그 따뜻한 말 한마디에
사랑을 더 가까이 느끼곤 해

달콤하고 서늘한 한 줌의 바람
서로를 이끄는 따스한 손길
잠든 추억도 뜨겁게 기억해
여기 우리를 새기자, 늘 지금처럼",38
282,Beyond The Broken Wall Of Time,아이드플레이,"Know Know Know ooh noo na na na
Know Know Know ooh noo na na na

There you are beyond the broken wall of time
You were chosen by fate,
so never give up.
In one breath, in one teardrop
My heart has been shaken countless times,
and it still is.

I felt like I was losing you,
who I thought was mine,
and my anxiety and worries grew uncontrollably.
I was scared because of my impatience,
but at that moment when time stopped,
I saw the look in your eyes.

I realized the meaning
of the expression on your face.
You said you don't like men who are blinded by love.
At the end of my gaze,
My sadness also flew beyond Dark red sky.
Toward the other side of fleeting time.

All things come to an end,
but I wanted the time
I spent with you to last forever.
It was foolish.
I couldn't control my emotions,
so I couldn't move your heart.

I realized the meaning
of the expression on your face.
You said you don't like men who are blinded by love.
At the end of my gaze,
My sadness also flew beyond Dark red sky.
Toward the other side of fleeting time.

Know Know Know ooh noo na na na
Know Know Know ooh noo na na na

I realized the meaning
of the expression on your face.
You said you don't like men who are blinded by love.
At the end of my gaze,
My sadness also flew beyond Dark red sky.
Toward the other side of fleeting time.

Know Know Know ooh noo na na na
Know Know Know ooh noo na na na

I realized the meaning
of the expression on your face.
You said you don't like men who are blinded by love.
At the end of my gaze,
My sadness also flew beyond Dark red sky.
Toward the other side of fleeting time.

At the end of my gaze,
My sadness also flew beyond Dark red sky.
Toward the other side of fleeting time.

There you are beyond the broken wall of time
You were chosen by fate,
so never give up.",0
283,Show Your Love With Actions,아이드플레이,"It's not the feelings that matter.
The real intention is bound to show through.
What matters is your actual attitude and
behavior toward the other person.

Oh Let me fall off to me and
never fall in love with me by looking at my face.
Love is not a feeling.
It is a sacrifice and devotion for someone.

Hot feelings quickly cool down,
Hot feelings quickly cool down,
and even people who were in love suddenly start to hate each other.
Hot feelings quickly cool down,
Hot feelings quickly cool down,
and even people who were in love suddenly start to hate each other.

Feelings change quickly.
Just Let me know your love with actions.
Emotions are hard to trust.
Show your love with actions.
Feelings change quickly.
Just Let me know your love with actions.
Emotions are hard to trust.
Show your love with actions.

Love can mess up your life
Love can make you angry.
Love can make you cry.
Love can keep you up all night worrying.

Yeah, Love is never easy.
ooh~ Love is never easy.
Can you love with actions rather than feelings?
mmm~

Hot feelings quickly cool down,
Hot feelings quickly cool down,
and even people who were in love suddenly start to hate each other.

Feelings change quickly.
Just Let me know your love with actions.
Emotions are hard to trust.
Show your love with actions.
Feelings change quickly.
Just Let me know your love with actions.
Emotions are hard to trust.
Show your love with actions.

I don't need the love confessions you just say with your mouth.
If you love me, you have to show it with real actions. mmm~
I don't like the love confessions you just say with your mouth.
Live for someone with all your heart.
Show your love with real actions.

Feelings change quickly.
Just Let me know your love with actions.
Emotions are hard to trust.
Show your love with actions.
Feelings change quickly.
Just Let me know your love with actions.
Emotions are hard to trust.
Show your love with actions.

Hot feelings quickly cool down
Hot feelings quickly cool down
Hot feelings quickly cool down
Hot feelings quickly cool down
Hot feelings quickly cool down",0
284,우리의 시간,박민호,"안녕 정말 오랜만이야
그동안 어떻게 지냈니
나는 나름 잘 지냈어
너도 많이 좋아 보이네

6년 만에 재회
이 날 만을 기다렸어
근데 막상 이 날이 다가오니
무슨 말을 해야 할지 모르겠어

누군가에겐 길고
누군가에겐 짧고
서로 다른 우리의 시간

좋아했던 우리
닮아있던 우릴
갈라놓은 길고 긴 시간

각자 안고 있었던
조각들을 맞춰 나가고
그러다 보니 우리만의
어여쁜 이야기가 만들어졌어

누군가에겐 길고
누군가에겐 짧고
서로 다른 우리의 시간

좋아했던 우리
닮아있던 우릴
갈라놓은 길고 긴 시간

우리가 다시 마주 할 수 있다면
아니 사소한 이야기라도 나눌 수 있다면
그것만으로 나는 좋을 것 같아
멀리 서라도 널 볼 수 있어서

누군가에겐 길고
누군가에겐 짧고
서로 다른 우리의 시간

좋아했던 우리
닮아있던 우릴
갈라놓은 길고 긴 시간",6
285,WHY,이스,"I can’t live without you baby
You’re the only one my boy

너와 함께 하는 이 순간들은
꿈만 같은걸

just do what you want
마음이 닿는 대로

Why
Oh why

I can't live a day without you
You're the only one my dream

꿈만 같지 baby
우린 제법 행복할거야

I am always on your side
Forever with my love

Just why
Oh why

How can’t i just love you
우릴 상상해봐

Oh why Don’t hesitate it
함께라면 더 좋아

꿈 같은 이 시간
You Always be my side

Oh why
뭘고민해

Oh why oh why oh why oh why
Oh why oh why oh why oh why
Oh why oh why oh why oh why

Oh why
Oh come to me my love

너의 웃음에 녹아 내리며
나는 행복해져
바라보는 이 순간 속에
우린 영원을 느껴

Come and Hold me tight
light our night
그래 just you and i
너와 나
우리

You are the dream I chase
너는 내 전부야

Every moment with you
내겐 너무 소중해

우리 서로를 믿고
We always on our side

Why
망설이지마

Every day with you is
precious my boy
Forever with me
그냥 날 믿어봐 Hesitate no more 항상 내가 있어

Why
Oh why

Oh why oh why oh why oh why
Oh why oh why oh why oh why
Oh why oh why oh why oh why

Oh why
Come closer to me

Come to me my love",4
286,PULL UP (feat. WANNABLOWMYHEAD),테이지 (Teizy),"어디야 지금 갈게
Baby imma pull up and you still workin
기다리기 싫어 많이는 절대
5분뒤에 내려와 전화걸게

So baby imma pull up pull up pull up
Oh baby imma pull up pull up for love
So baby imma pull up pull up pull up
Oh baby imma pull up pull up for love

딴말은 안할게
널 보고 말할 때
느껴져 필요 없어 난 다른건
눈물이 마를때
또 일이 많은게
진짜 화날때 너가 원하는건
알 수 있어 나만이
Yeah really wanna go where you wanna go
널 보고싶던 마음보다 커져 더
떨리는 눈이 그래 나의 손을 잡아 꼭
한순간도 놓칠 수 없지
일어나자 어질러진
방에서 함께 keep cuddlin
in the morning and we fuckin

어디야 지금 갈게
Baby imma pull up and you still workin
기다리기 싫어 많이는 절대
5분뒤에 내려와 전화걸게

So baby imma pull up pull up pull up
Oh baby imma pull up pull up for love
So baby imma pull up pull up pull up
Oh baby imma pull up pull up for love

Im steady pull up pull up pull up
Bitch, you know ‘bout how to me go control water
I don’t know my way they never come after mine
When I used extended sticks them body shakes more human like
My main bitch wore new jimmy Choo
Me and my crew waitin’ for city tourin’
Everythin’ get I want, need no passport when I go
This is a extremely ‘nother zone, bought new real stone
Maybe she was stoned, cuz I got real bong
Plz don’t do dah call, cuz I do business talk
She is real hoe, I’d fuck and eat’em up
I don’t wanna die too young, young, young

어디야 지금 갈게
Baby imma pull up and you still workin
기다리기 싫어 많이는 절대
5분뒤에 내려와 전화걸게

So baby imma pull up pull up pull up
Oh baby imma pull up pull up for love
So baby imma pull up pull up pull up
Oh baby imma pull up pull up for love

Pull up
For love
Pull up
For love

Pull up
For love
Pull up
For love

꺼내줘 날 좀
누가 뭐래도 난
고집부려 매일마다
내 머릿속 안
너만 있어 정말
Baby you are the one right
새끼 손가락
걸고 약속 했잖아
근데 없어 넌 봐봐
아침이 오는 날 baby wake me up
알고있지만 다 you can’t wake me up",1
287,ODD TOWN,AISH (애시),"Ah Ah Ah Ah,
Move your body like that, up, down, bae
(I like that)
You can be here all day, don’t care
Remember 처음 봤던 Odd town

Ah Ah, got me lit, my body’s on move
Float on air, 결국 머지않아
No rules, go with the flow and just tell me
what you need tonight, what else?
Unveil your hidden deep desire
어디 있니 (show me, show me)
어디 있니 (show me, show me)
Feel all the shake, you hear me now?
Don’t sweat it, lock on me, no oh oh ohh

Ah Ah Ah Ah,
Move your body like that, up, down, bae
We just groove it, la la la la
With us, Odd town

Can’t you see it?
Touch my lips
Everything’s set, right in place
I never let you down
You said I’m your life all the time
Spot us from the other side
Obvious in the puzzle, piece for us
Can I keep it real? Ain’t tryna play
Feel so right, pullin’ every way
Take this seriously
You know I’m the one who stands out, baby
With you, it’s perfection
네가 어딜 가도 있어, 난 영원히 너일걸

Ah Ah Ah Ah,
Move your body like that, up, down, bae
(doesn’t matter)
You can be here all day, don’t care
Remember 처음 봤던 Odd town
(you’re the only one able to drive me insane
without my permission)
Volo te volo
A to the Z, A to the Z
A to the Z, A to the Z",16
288,YOU,Desert,"그저 어제와 똑같은
길을 걷고 있었어
문득 날 보며 미소 짓는
네가 보고 싶어진 거야

음악을 듣다가도
밥을 먹다가도
예쁜 고양이 지나가도
너로 가득해

It’s only You
이젠 내 모든 시간 속에 살아 너
You
늘 머물러 줘

It’s only You
이젠 내 모든 시간 속에 살아 너
You
늘 머물러 줘

때로 난 문득 겁이 나
아주 깊이 잠겨 버릴까 봐
아니 어쩌면 난 이미 그 안에
You

It’s only You
이젠 내 모든 시간 속에 살아 너
You
늘 머물러 줘

It’s only You
It’s only You
It’s only You
늘 머물러 줘",7
289,More Than Friends,박지민,"How many times 얼마나 더 눈치를 봐야 해
서로 알고 있다면 좀 더 다가가야 해
내가 계속 널 보고 있단 걸 알아야 해
Yeah we are yeah we are
시간은 흘러가고 있어

More than friends More than friends
Can you admit it tonight
More than friends More than friends
Give me that kiss and you are mine
More than friends More than friends
Can you admit it tonight
More than friends More than friends
Give me that kiss and you are mine

More than friends More than friends
Can you admit it tonight
More than friends More than friends
Give me that kiss and you are mine
More than friends More than friends
Can you admit it tonight
More than friends More than friends
Give me that kiss and you are mine",1
290,Kisses,지율,"I just realized you didn’t kiss back in my text
What if it turns out just drawing pictures in the sand

Maybe spend all day with my cat
Umm that’s all fine
Taking nap all day
I don’t know
Let it flow

Umm fall in love
Here again
I’m just falling in love
I don’t know why always do the same
It’s okay I just do what I do
Fall in love

Maybe spend all day with my cat
Umm that’s all fine
Taking nap all day
I don’t know let it flow

Umm fall in love
Here again
I’m just falling in love
I don’t know why always do the same
It’s okay I just do what I do
Fall in love

Fall in love
Fall in love
Fall in love",6
291,내 첫사랑은,고연희,"문득 저 하늘을 올려다 볼때면
네 얼굴을 떠올려 볼때면
babe 너와 했던 모든게 다 떠올려져서 그리워져
별들을 보며 눈을 감아
네 이름을 외치며 고개 들어
그때 그 시간으로 가서 ‘we make another story’

첫사랑이라는게 나한테 없다고 생각했는데
아니더라고 maybe
벌써 겨울이 오는지도 모르게 널 기다리는 내 모습이 보이더라고
아직 난
2년전, 그때 널 떠나보냈던 내 모습이 그려지고 있던 너도 몰랐던
그 시간

우린 안 맞을때 만나서 서로가 뒤돌아보게 만들기만 했어
그렇게 피하기만 했어
멀리 더 멀어지는 너를 봐도 뭐가 잘못된건지 모르곤 했어
상처가 되도 모른척 했어 boy

첫사랑이란 그런 건가봐
아파도 티 하나내지 못하고 그저 웃어버리는 그저 무지한 표정과
첫사랑이란 그런 건가봐
서로에 아무것도 모르면서 서로의 말이 내 모든게 되는 거

널 다시 찾은 그 날
예전에 하지 못했던 말들이 아직 내게 담겨져 있는걸

우린 안 맞을때 만나서 서로가 뒤돌아보게 만들기만 했어
그렇게 피하기만 했어
멀리 더 멀어지는 너를 봐도 뭐가 잘못된건지 모르곤 했어
상처가 되도 모른척 했어 boy

첫사랑이란 그런 건가봐
아파도 티 하나내지 못하고 그저 웃어버리는 그저 무지한 표정과
첫사랑이란 그런 건가봐
서로에 아무것도 모르면서 서로의 말이 내 모든게 되는 거",1
292,Trauma,김미정,"조금의 책도 잡히기 싫었어
털어도 먼지 하나 나오지 않고 싶어서

내 삶에서 네가 느껴질 때
거울 속 얼굴에 네가 비칠 때
화난 모습에 네가 겹칠 때의
내 모습 참 싫어

서로를 위했지만
방식은 맞지 않아
흉터들이 머릿속에서 터지려고 해

넌 알고 있었나
네 일기장을 본 날
우린 서로의 불행이야

아무것도 남김없이
지나 가지 멀리
타지 않을 버스같이
눈길도 안 줬던 번호들처럼

우리가 만나지 않았더라면
역시,
나았을 것 같지
오늘도 그저 그런 하루를 보내

너 떠오르는 순간
난 과거로 간 듯이 두려워지잖아

모든 걸 내가 지어낸 듯이
""아무것도 기억 안 나""
단 한마디로 날 무너지게 하지 마

알 수 없는 가벼운 문장을 하나 더
얹어두고서
가난한 마음에 부유한 걱정

음표 속에 담은 날
나보다 살게
영원이게 해

그 어두운 방 안에서 날
기다리고 있었나 봐
이번엔 오래 걸렸지만
다시 이곳으로 돌아왔잖아

음악이란 말이야
유일한 기댈 곳인데
이것마저 나만
제자릴 머무르는 기분

아무것도 남김없이
지나 가지 멀리
타지 않을 버스같이
눈길도 안 줬던 번호들처럼

우리가 만나지 않았더라면
역시,
나았을 것 같지
오늘도 그저 그런 하루를 보내

아무것도 남김 없이
지나 가지 멀리
타지 않을 버스같이
눈길도 안 줬던 번호들처럼

우리가 만나지 않았더라면
역시,
나았을 것 같지
오늘도 그저 그런 하루를 보내",267
293,파란 장미(Blue Rose),아거 (AGER),"어느 날 갑자기 파란 장미를 들고

붉어진 눈가엔 수줍은 미소도

끝인 줄 알았어 너와 나는 이젠 또 너를 사랑하겠지

끝날 걸 알면서도 Blue rose 그딴 게

왜 날 웃게 또 울게

Blue rose 그딴 게 널 떠올리게 헷갈리게

벗어나지 못할 것만 같아

아마도 넌 그걸 아는 것 같아

파란 향기 안에 날 가둬 외롭게

몇 번의 이별은 우릴 시들게 하고

수많은 약속도 다 지워져가고

이제야 알았어 너와 나는 이젠

끝없이 더 원하겠지 끝날 걸 알면서도

Blue rose 그딴 게 왜 날 웃게 또 울게

Blue rose 그딴 게 널 떠올리게 헷갈리게

벗어나지 못할 것만 같아 아마도 넌 그걸 아는 것 같아

파란 향기 안에 날 가둬 외롭게",51
294,입술 시간 (Feat. 정인),야루,"조용히 이 순간을 마주 보는 눈동자
여기 짙은 밤은 간지런 웃음 흩날리네
따스히 온몸을 들러붙는 JAZZ & 80's Pop
잔엔 한가득 새콤한 초콜릿 향기

뜨거운 리듬과 가까워진 입술 사이
다가온 눈빛엔 아슬히 겹치는 그림자
떨리는 들숨과 닿아오는 순간
만나는 코끝엔 같아지는 온기

두눈 감은 채 조금씩 조금 더 빠르게
왼손 잡은 채 가득히
꿈속 같은 향긋함
품을 안은 채 더 깊이

끌리는 몸짓과 끈적이는 입술 위 땀
맞닿은 입김에 고요히 풀리는 눈동자
넘치는 숨결과 겹쳐지는 시간
만나는 이 코끝에 같아지는 온기

두눈 감은 채 조금씩 조금 더 빠르게
왼손 잡은 채 가득히
꿈속 같은 향긋함
품을 안은 채 더 깊이

우린 뒤섞이며 파도를 타 유영해
우린 지금 아주 보드랍게 유연해
바닥을 구르는 립글로스
다 쏟아진 음료
그리고 무르익는 깊은 소리

조용히 이 순간을 마주 보는 눈동자
여기 짙은 밤은 간지런 웃음 흩날리네
따스히 온몸을 들러붙는 JAZZ & 80's Pop
잔엔 한가득 감미로운 둘만의 놀림",128
295,A Night in Taipei (Feat. Sonny Zero),뎁트,"Where have you been all my life?
지금까지 어디에 있었던 거야?
A picturesque girl with a lavender sky
보랏빛 하늘 아래 그림 같은 그대
Cuz I been
왜냐하면 난

Staring at you since the moment we landed
착륙한 순간부터 널 바라보고 있었어
14 hours in the city we’re stranded
14시간 우린 이 도시에 묶여있지
So take me around
그러니 날 데려가줘
And show me the night
내게 이 밤을 보여줘

So take my arm
나의 팔을 잡고
(Take my arm)
(나의 팔을 잡고)
And drag me around
날 이끌어줘
(Drag me around)
(날 이끌어줘)
Is it the city that I love
내가 이 도시를 사랑하는 건지
Or is it just the girl from the town?
아니면 이 도시에서 온 널 사랑하는 건지
(Girl from the town)
(이 도시에서 온 너를)
Head in the clouds
구름 위에 떠 있는 기분
(Head in the clouds)
(구름 위에 떠 있는 기분)
My heart in the ground
하지만 가라앉은 내 맘
(Heart in the ground)
(가라앉은 내 맘)
‘Cause I wasn’t born from where you’re from
네가 태어난 곳에서 태어나지 않은 나에게
Nights in Taipei just a memory now
타이페이의 밤은 그저 추억일 뿐
(A memory now, now, now, now)
(추억일 뿐, 이젠, 이젠, 이젠)

Was gone way too soon
너무 빨리 떠나버린 걸까
Killing me that I can’t see you, no
널 볼 수 없다는 사실이 너무 괴로워
Ooh, I still think of you
오, 난 아직도 널 생각해
Like a dream, I woke up tears on my pillow
꿈이었던 것처럼 베개에 눈물이 고여 있어

Staring at you since the moment we landed
착륙한 순간부터 널 바라보고 있었어
14 hours in the city we’re stranded
14시간 동안 우린 이 도시에 묶여있지
So take me around
그러니 날 데려가줘
And show me the night
내게 이 밤을 보여줘

So take my arm
나의 팔을 잡고
(Take my arm)
(나의 팔을 잡고)
And drag me around
날 이끌어줘
(Drag me around)
(날 이끌어줘)
Is it the city that I love
내가 이 도시를 사랑하는 건지
Or is it just the girl from the town?
아니면 이 도시에서 온 널 사랑하는 건지
(Girl from the town)
(이 도시에서 온 너를)
Head in the clouds
구름 위에 떠 있는 기분
(Head in the clouds)
(구름 위에 떠 있는 기분)
My heart in the ground
하지만 가라앉은 내 맘
(Heart in the ground)
(가라앉은 내 맘)
‘Cause I wasn’t born from where you’re from
네가 태어난 곳에서 태어나지 않은 나에게
Nights in Taipei just a memory now
타이페이의 밤은 그저 추억일 뿐
(A memory now, now, now, now)
(추억일 뿐, 이젠, 이젠, 이젠)

So take my arm
나의 팔을 잡고
(Take my arm)
(나의 팔을 잡고)
And drag me around
날 이끌어줘
(Drag me around)
(날 이끌어줘)
Is it the city that I love
내가 이 도시를 사랑하는 건지
Or is it just the girl from the town?
아니면 이 도시에서 온 널 사랑하는 건지
(Girl from the town)
(이 도시에서 온 너를)
Head in the clouds
구름 위에 떠 있는 기분
(Head in the clouds)
(구름 위에 떠 있는 기분)
My heart in the ground
하지만 가라앉은 내 맘
(Heart in the ground)
(가라앉은 내 맘)
‘Cause I wasn’t born from where you’re from
네가 태어난 곳에서 태어나지 않은 나에게
Nights in Taipei just a memory now
타이페이의 밤은 그저 추억일 뿐",174
296,우리의 밤이 지나고,이민석,"그러게,
얼마 전엔
고민이 많았어

다들 앞서는데
나는 그대로야

나도 이해가 참 안가서
몇 번을 울었어
내 탓으로 돌리며
늘 버텨왔지만

고생했단 한 마디에
틔워지는 삶에
어쩌면 필요했던 건
사랑인 거야

우리의 밤이 지나고
아침이 온다면
웅크렸던 어깨를 쭉 피고 걸으리
어두웠던 하늘에
폭죽을 날리고
다음날에 빛날 해를 꼭 맞이할게

Hoo-

어두웠던 하늘에
폭죽을 날리고
다음날에 빛날 해를 꼭 맞이할게

외로웠었나봐
아니, 외롭게 했나봐
다가와도 항상
‘아니야, 나중에, 그날이 오면’

잘하고 있는건데도 꼭
‘처음부터 또 다시, 될 때까지 또 다시’

끝 없던 반복에
생채기가 났지만

고생했단 한 마디에
틔워지는 삶에
어쩌면 필요했던 건
사랑인 거야

우리의 밤이 지나고
아침이 온다면
웅크렸던 어깨를 쭉 피고 걸으리
어두웠던 하늘에
폭죽을 날리고
다음날에 빛날 해를 꼭 맞이할게

Hoo-

어두웠던 하늘에
폭죽을 날리고
다음날에 빛날 해를 꼭 맞이할게",94
297,"나만 이런걸까 (Feat. 24Chill, x3vn)",픽트리,"시간이 왜 이렇게 빠른지는 몰라
아무것도 안 했던 사이에 Time flies
벌써 몇 달 지나

나 말고 바뀐 게 너무 많아
도대체 뭐가 문제일까

세상에 정답 없잖아 다 알아
근데 생각해 보면 정답은 있어

현실에 치여 살다 보면 알게 돼
지금 내 길을 후회할 때 있긴 해

지치기도 하고 버거웠었던
내게는 도무지 아무 답이 보이지 않아서

초심을 찾아 all in
잡생각들 전부 다 정리
원하는 건 이루고 살자 사람 사는 건 같아

점점 더 나이는 차겠지만
Let's see it longer
I don't wanna waste dream
So I just tell them all day

시간이 왜 이렇게 빠른지는 몰라
아무것도 안 했던 사이에 Time flies
벌써 몇 달 지나

나 말고 바뀐 게 너무 많아
도대체 뭐가 문제일까

하루가 저물어가
깜박 순간 또 휘몰아친
생각에 잠에 못 듦
뒤섞여 버렸네

뇌가 없었음 좋겠
차라리 쟤네처럼
아님 없어 그럴 수도
한 없이 부여해 의미

Whatever u say i'm ok
Whatever they say don't care
gotta do 난 가야 해 그냥
앞으로 고 keep in my mind

Don't know how
아름답지만은 않은 세상
허나 real in my mind
remind mind
아무도 몰라도
괜찮아 내가 날 잘 알잖아

시간이 왜 이렇게 빠른지는 몰라
아무것도 안 했던 사이에 Time flies
벌써 몇 달 지나

나 말고 바뀐 게 너무 많아
도대체 뭐가 문제일까",101
298,빛과 색 (feat. 규리),이재,"가장 높은 곳에서
불러본 너의 세 글자 그 이름
내겐 너무 뜨거워 울지
조용히 담는 걸로도
목이 따가와 기침을 뱉으니
아주 커다란 맘이 보이네

너도 가끔씩은 내 생각을 하니
쉬이 잠들지 못해 눈을 가리니
조금 쓸쓸한 밤엔
결국 네 생각을 해

넌 새벽의 색 빛깔 타오르는 눈
차마 닿을 수 없는 찬란함
멀게만 느껴 맘을 삼키네
넌 해의 색 저무는 어둠
내겐 뜨거운 간절함
멀게만 느껴지네


가장 낮은 곳에서
불러본 너의 세 글자 그 이름
그것조차도 닿지 않을 걸 알아

I want to be in the moonlight
그 두 눈을 감추는 빛
내가 닿길 바란 건
작은 그림자 하나

넌 새벽의 색 빛깔 타오르는 눈
차마 닿을 수 없는 찬란함
멀게만 느껴 맘을 삼키네
넌 해의 색 저무는 어둠
내겐 뜨거운 간절함
멀게만 느껴지네

넌 새벽의 색 빛깔 타오르는 눈
차마 닿을 수 없는 찬란함
멀게만 느껴 맘을 삼키네
넌 해의 색 저무는 어둠
내겐 뜨거운 간절함
멀게만 느껴지네",9
299,Moon Night,Lunn(런),"저하늘에 떠 있는 달빛을 보며
난 생각해
주변 하늘에 떠 있는 별빛은
It's a decoration

언젠간 별이 아닌
그 옆에 달빛 처럼
찬란한 주인공이 되고 파
언제 부턴간 나도
주변에 별빛처럼
누군가의 배경이되어가

moon night
moon night
that is my wish
and that is my dream

moon night
moon night
많은 생각이 든 밤
내꿈의 시작이야

매일 책상앞에서만 노래를 불러
그누구도 들어 줄사람이
없었다는 것을

내겐 그마저도
작은 행복 이였었지만
나의 고개는 떨어지고
나의 앞은 안 보이고

또 앉아 건반 앞에
매일 같은 반복을 해
왜이리 계속 반복 하는
한심한 내가 싫어져가 난

언젠간 올거야 타이밍
기다리지 나만의 타이밍
믿을거야 결국엔 올거란걸

moon night
moon night
that is my wish
and that is my dream

moon night
moon night
많은 생각이 든 밤
내꿈의 시작이야",17
300,가을 오후,한승우,"토요일 오후, 나른한 햇살
밝은 정적, 따스한 공기
내가 제일 좋아하는 시간이야
오랜만에 들려오는 사람 소리
간만에 맡아보는 가을 냄새
멍하니 하늘 보고, 구름으로 그림 찾기

커피에 얼음을 넣을까?
선선한 오후, 사소한 고민
눈꺼풀이 자꾸만 무거워져
기지개 크게 펴고
결국 차가운 커피를 마셔
(역시 커피는 아이스)

우리 집 고양이, 아침부터
햇볕 가득한 자리에 누워
팔자 늘어진 채 낮잠을 자네
날씨가 너무 좋아서
나갈까 말까, 일어났다 앉았다
결국 다시 소파에 털썩
오늘따라 참 아늑해

벽시계는 벌써 정오
오늘따라 시간도 느릿느릿
(점심엔 뭐 먹지?)
오랜만에 실력 발휘 해볼까
냉장고를 열어보다
결국 서랍 속 라면을 꺼내
(주말엔 역시 라면)

눈꺼풀이 자꾸만 무거워져
내 옆에서 꾸벅꾸벅 조는
우리 고양이랑 같이
나도 슬슬 졸려
(그냥 누울까?)
침대로 가기엔
아까운 가을 오후라서

억지로 잠을 떨치고 벌떡
주섬주섬 옷을 입고 나가
오늘은 낮 공기마저 나른해
바람 한 점도 없고
하늘 구름도 아까랑 그대로

봄의 분주함도
여름의 무더위도 다 지나
겨울의 쓸쓸함 오기 전에
푸근한 가을 주말 오후
알록달록 단풍보다
유독 높고 파란 하늘이 더 좋아
오늘 가을 오후 날씨
나도 모르게 마음이 느긋해져

문득 떠오르는 여러 생각
일부러 억누르며
이것저것 쓸데없는 생각으로 머리를 채워
이어폰도 안 끼고 정처 없이 걷다 보니
벌써 세 시
(난 두 시쯤이 딱 좋은데)
이런, 가을 토요일 오후
참 좋아하는 시간
토요일 오후, 나른한 햇살
밝은 정적, 따스한 공기
내가 제일 좋아하는 시간이야",0
301,짝사랑 크리스마스,금나림 (NARIM),"아 다 예상했잖아
그 사람이 내 옆에 없을 거란 걸
다 알고 있었으면서
아 하필 지금 혼자 사랑에 빠져선
더 외롭게 말야 네가 더 미워지잖아
서로를 마주 봤을 때
들뜨는 마음, 또 나만 그런 것 같애
혼자서 보내는 christmas 보다 더 싫은 건
네 맘에 내가 없다는 걸 받아들이는 거야
My fantasy's fadin' away
Don't let me fall in love again
이렇게 생각해도
다 소용없는 거 알아
아 눈이 내리잖아
왜 하필 이번이 white christmas인 건지
정말 다 맘에 안 들어
아 너는 지금 혼자 있는 건지
누구랑 같이 있는지 신경 쓰는 내가 싫어
대화가 멈췄을 때
조급한 마음, 또 나만 그런 것 같애
혼자서 보내는 christmas 보다 더 싫은 건
네 맘에 내가 없다는 걸 받아들이는 거야
My fantasy's fadin' away
Don't let me fall in love again
이렇게 생각해도
다 소용없는 거 알아
뚜루루루 뚜뚜루
네 맘에 없는 거 알아",14
302,Making memories,ADDPrism (애드프리즘),"[가사 준비중] 멜론 회원 여러분! 가사 등록을 기다리고 있어요.
가사등록하기",0
303,집 가는 길,Eche$,"I’m going to my home now
하루의 마무리를 지으러 내 집으로 돌아가야만 해
어두워지면 혼자
함께 걷는 친구가 없어도 버텨 난 끝까지 가야만 해
나 생각이 넘쳐 제자리에 멈췄어
할 일들에 치여 지쳐있는 내가 싫어서
I'm going to my home now
넌 절대 몰라
매일 내 어깨를 누르는 꿈의 무게를

아침마다 잠에서 깨
무거운 몸을 일으켜 이불을 정리할 새도 없이
비틀거리며 찾아가는 거울 앞에
서서 바라보는 내 눈은 오늘도 빨갛게
물들어있어 이제는 별일 아니라는 듯이 그냥 넘기고
흐르는 물에 불필요한 것들은 씻어보내고
내 친구들과 다르게 내 스타일대로 옷을 입어
and I sling my backpack over my shoulder
안겨있던 집을 떠나 지겹게 반복되는 일상에 날 다시 던지러 가는 길
밤이 되면 집으로 돌아가는 길의 나는
오늘도 지쳐있을 거야 내게 전화를 걸어줘

I’m going to my home now
하루의 마무리를 지으러 내 집으로 돌아가야만 해
어두워지면 혼자
함께 걷는 친구가 없어도 버텨 난 끝까지 가야만 해
나 생각이 넘쳐 제자리에 멈췄어
할 일들에 치여 지쳐있는 내가 싫어서
I'm going to my home now
넌 절대 몰라
매일 내 어깨를 누르는 꿈의 무게를

I don't feel like doing anything
아무것도 하고 싶지 않아
노력을 안 했다니 cut the crap
모두의 말 전부 다 들어주기도 귀찮아
I need a rest
오늘의 할 일들을 힘겹게 끝낸 후에
짐과 몸을 싣고 나서야 찾아오는 후회
내 길이 아닌가 싶어 머릿속이 하얘
블루투스 헤드폰 배터리가 내 상태 같아
집으로 돌아가는 길의 내 발걸음은 항상 무거울 수밖에
귀에 꽂아 듣는 노래에 의지한 채로 애쓴단 말이야
살아가기 위해 나답게

I’m going to my home now
하루의 마무리를 지으러 내 집으로 돌아가야만 해
어두워지면 혼자
함께 걷는 친구가 없어도 버텨 난 끝까지 가야만 해
나 생각이 넘쳐 제자리에 멈췄어
할 일들에 치여 지쳐있는 내가 싫어서
I'm going to my home now
넌 절대 몰라
매일 내 어깨를 누르는 꿈의 무게를",9
304,Lov3,Hyeon Jun,"[가사 준비중] 멜론 회원 여러분! 가사 등록을 기다리고 있어요.
가사등록하기",1
305,Why? (Feat.Lay.bn),로베이(Lobay),"You say i’m not good enough all
so i have to change my self
i love you란 뻔한
you know 끝을 정한건 너잖아
사라질 네 앞에 서 난
I didn’t have no choice i am sorry
remember the days I felt lonley

So i got a change cuz its dark now
보고싶어도 아니라 해 난
길을 잃어 해매도 너가 날 잡아 돌려놨는데

I dont know why 왜 난
You dont know why 왜 날
이런 날 왜 홀로 두고
이런 날에 나를 두고 가는지

빠른 걸음으로 도망쳐 내게
차라리 잡지 못하게
사라질 거라면 아예
보이지 마 내 앞에

너로 인해 괜찮아진 밤도
내 따뜻해진 방도
가져가 전부 다
제발 보이지 마 내 앞에

이제 와서 내가 대체 뭘 해
잠도 잘 못 잘 텐데
괜찮냐고 묻네
어떨지 너도 알 텐데

너도 걱정하잖아 나를
자꾸 돌아보잖아 나를
날 가여이 여겨줘
제발 돌아와 내 곁에

I dont know why 왜 난
You dont know why 왜 날
이런 날 왜 홀로 두고
이런 날에 나를 두고 가는지

돌아봐줘 cuz i feel so sad now
꿈이면 날 깨워줘 baby",12
306,밤은 위험해,YEON,"밤은 위험해 oh
맘이 외롭기에 oh
밤은 위험해 oh
많이 외롭기에 oh

술은 마시지도 않았는데 취한 것 같아
머릿속에 양들은 벌써 다 놀러 갔나 봐

반짝이는 밤하늘에 별들이 참 예뻐서
한참을 바라보다 훌쩍 밖으로 나가

밤은 위험해 oh
살짝 불어오는 바람에 몸 맡기고
밤은 위험해 oh
혼자 남겨진 듯 착각에 널 그리고

밤은 위험해 oh
맘이 외롭기에 oh
밤은 위험해 oh
많이 외롭기에
널 그리고

걷다 보니 사람들은 모두 집으로 갔네
텅 빈 거리에 나 혼자서 막 소리칠 거야

그게 벌써 작년이던가 홀로 남겨졌던 날
어딜 가나 외로웠다 나도 계절 타나 봐
내가 이렇게 랩을 해도 리듬에 맞춰 춤을 춰도
아무도 신경 안 써 괜히 더 주윌 살펴

밤은 위험해 oh
살짝 불어오는 바람에 몸 맡기고
밤은 위험해 oh
혼자 남겨진 듯 착각에 널 그리고

밤은 위험해 oh
맘이 외롭기에 oh
밤은 위험해 oh
많이 외롭기에
널 그리고

가로등 빛으로 가득 찬 이 밤
괜히 슬픈 노래를 들으며
누구도 생각 않기로 하고 눈을 감아

밤은 위험해 oh
살짝 불어오는 바람에 몸 맡기고
밤은 위험해 oh
혼자 남겨진 듯 착각에 널 그리고

밤은 위험해 oh
맘이 외롭기에 oh
밤은 위험해 oh
많이 외롭기에
널 그리고",15
307,If You Wonder,이석주,"If you wonder what I think of you, I’ll speak honesty
너란 우주 속에 빠져든 것 같아
If you wonder what I think of you, I’ll speak honesty
I feels like a blue sky 내 맘은 점점 커져가
If you wonder what I think of you, I’ll speak honesty
난 너만 보면 마치 바보가 되는 것 같아
Oh I’m telling you the truth
Love you

If you wonder what I think of you, I’ll speak honesty
온통 네 생각에 하루가 지나가
If you wonder what I think of you, I’ll speak honesty
네가 가까워질 때면 세상이 내 것만 같아
If you wonder what I think of you, I’ll speak honesty
아침에 눈을 뜨면 내 옆에 네가 있어줘
Oh I’m telling you the truth
Love you

If you wonder what I think of you, I’ll speak honesty
내 모든 순간들을 너와 함께하고 싶어
Oh I’m telling you the truth
Love you",17
308,raindrop symphony,한승우,"Singing in the rain
Just singing in the rain
난 비오는 날이 좋아
우산 던지고 비 아래를 달리던
어린 시절 그 때도 지금도
비 오는 날이 난 좋아

비 온다고 다들 얼굴 찡그릴 때
나만 혼자 눈치없이 웃곤 했지
맑은 날 no no
빗속을 거니는 게 난 좋아
가랑비 이슬비 소나기 장대비
하나만 고르긴 힘들어
(난 다 좋은데)

사람들 사이 우산 꼭 손에 쥐고
빗소리 맞춰 걷는 길 왠지 맘이 편해져

#Chorus
우산 위로 떨어지는 raindrop symphony
어느새 귀 기울이며
나도 모르게 익숙한 노래 불러봐
I'm singing in the rain
Just singing in the rain
(singing in the rain)
지금 이 기분 네게 전하고 싶어

다들 햇빛 찬란한 맑은 하늘을 좋아해
근데 난 왠지 조금 쑥스러워
반쯤 숨어 걷는 우산 아래가 참 아늑해
비오는 날이 난 참 좋아

부지런히 노크하는 빗소리
카페 창가에 앉아
따뜻한 커피 한 잔
My little luxury

우산 위로 떨어지는 raindrop symphony
어느새 귀 기울이며
나도 모르게 익숙한 노래 불러봐
I'm singing in the rain
Just singing in the rain
(singing in the rain)
지금 이 기분 네게 전하고 싶어

빨강 노랑 가을 꽃나무
오늘따라 유난히 더 선명해
비 오는 날엔 세상이 더 빛이나

우산 위로 떨어지는 raindrop symphony
어느새 귀 기울이며
나도 모르게 익숙한 노래 불러봐
I'm singing in the rain
Just singing in the rain
(singing in the rain)
지금 이 기분 네게 전하고 싶어

Rain 어린 시절부터 지금까지
Rain 변함없이 오늘도 빗속을 걸어
Rain 내가 사랑하는 멜로디
I'm singing in the rain, forever in the rain
지금 이 기분 네게 전하고 싶어
I'm singing in the rain, forever in the rain",0
309,I Mean Love U,윤승,"I’ll talk about you and your night
Babe, I’m in you!
I mean love you
가볍게는 못 하는 말
I’m in love with you
I’ll talk about you and your night
Babe, I’m in you!
Oh, love you
My love is game
My love is mission

My love is game
My love is mission
꾸준하게
난 한결같이, 한결같이
받아 적었어 너의
숨겨둔 마음을 찾아 따라

Give me your 24 hours
I’ll get up all night like owl
버리는 것 하나 없이
걸음하고 있어
우리 이제 one step, two steps
천천히 멀리
We don’t need a timer
Your smile looks brighter

Oh, you!
I mean love you
가볍게는 못 하는 말
I’m in love with you
I’ll talk about you and your night
Babe, I’m in you!
Oh, love you
My love is game
My love is mission
My love is game
My love is mission


Their love is lie!
이 맘이란
방황하는 날 나의 나침반
I Feel so high
떨어지고 나면
크게 다칠 정도 비행하고 있어
I swear, 작게
맺힌 그 마음으로
365하고도 나는 더 태울 수가 있어

I’m in your 24 hours
we’ll get up all night like owl
의미있게 방황하는
날이라는 게 있어
three steps, four steps
계속해서 멀리
We will be the fire
Good night, See you later!

Oh, you!
I mean love you
가볍게는 못 하는 말
I’m in love with you
I’ll talk about you and your night
Babe, I’m in you!
Oh, love you
My love is game
My love is mission
My love is game
My love is mission",1
310,3rd Leg (Explicit Ver.),SUL (에슈엘),"청소년 보호법에 따라 성인 인증이 필요한 콘텐츠 입니다. 성인 인증 후 이용해 주세요.
성인 인증",10
311,I Try,SUPER JUNIOR-D&E,"네가 없어 너무 적적해
걷다 가보니 또 익숙한 이 동네
너의 집 앞에 꺼진 가로등
끝난 우리 사이 같아

헤매다 길을 잃었어
어쩌다 보니 나 또 길을 잃었어
어차피 끝난 지나간 사랑에
왜 이리 아픈지 나도 모르겠어

Everyday 내 맘을 탓해
이기적인 사랑밖에 못 해
나는 원래 안 이런데
왜 난 널 그리워하는지 벌써

내 마음 시퍼렇게
떠나간 너의 뒷모습에
I’m tryin’ to make love
I said I miss you

I‘m tryin' 겁이나 널 잊는 게
I‘m tryin' I cry I cry
너 하나 잊는다고
이별 하나 했을 뿐인데 Go away Go away Go away
네가 잘 알잖아

나는 방황을 즐겨 반복해
이기적인 것도 알아 I don’t care
나의 빈 잔이 대답 없는 너의 빈자리
멍청한 남자라 후회만 가득해

밤새워 옛 생각에
잠들지 못해 어느새 해 떴네

마지막 네가 떠나가던 모습마저
사라지는 Love story와 추억

I don't care 나만 이렇게
모두 떠나가 외롭게
괜찮은 척 나는 못해
왜 난 널 그리워하는 지 벌써

내 마음 시퍼렇게
떠나간 너의 뒷모습에
I’m tryin’ to make love
I said I miss you

I‘m tryin' 겁이나 널 잊는 게
I‘m tryin' I cry I cry
너 하나 잊는다고
이별 하나 했을 뿐인데 Go away Go away Go away
네가 잘 알잖아

I feel so blue 너의 뒷모습에
I feel so blue 너의 뒷모습에
I feel so blue 너의 뒷모습에
I feel so blue 하늘은 파랗네

I‘m tryin'
I feel so blue 너의 뒷모습에

I‘m tryin'
I feel so blue 너의 뒷모습에

I‘m tryin'
I feel so blue 너의 뒷모습에
너 없이 blue 하늘은 파랗네",408
312,방구석 크리스마스,네이비쿼카 (NavyQuokka),"방구석 Happy Happy Happy Christmas With You
따뜻한 이불속 Happy Christmas I Love You
아무것도 하고 싶지 않은데
너와 함께만 있고 싶은데
Happy Merry Merry Christmas With You
What do u want to do?
돌아와 버렸지 오늘
딱히 싫다는 그런 이야기는 아닌 걸
What do u want me to?
돌이켜보자고 음음
믿는 건 없는데 왜 크리스마스는 또 특별할까 ?
너랑 있는 게 중요해
사람에 치이고 저리 치이는 것보단
이렇게 oh U and Me
방구석 Happy Happy Happy Christmas With You
따뜻한 이불속 Happy Christmas I Love You
아무것도 하고 싶지 않은데
너와 함께만 있고 싶은데
Happy Merry Merry Christmas With You
하얗게 쌓여가는 눈을 보고 있을 때면
그 어떤 영화 속 필름 안에 주인공이 된 것만 같다고
너와 두 손을 잡고서
I Wanna say I love you babe
아무도 없는 새벽에 눈을 덮고 싶어
이렇게 oh U and Me
방구석 Happy Happy Happy Christmas With You
따뜻한 이불속 Happy Christmas I Love You
아무것도 하고 싶지 않은데
너와 함께만 있고 싶은데
Happy Merry Merry Christmas With You
방구석 Happy Happy Happy Christmas With You
따뜻한 이불속 Happy Christmas I Love You
아무것도 하고 싶지 않은데
너와 함께만 있고 싶은데
Happy Merry Merry Christmas With You",394
313,My Winter (With Andrea),DOF,"Ohh oh
Ohh oh

Must admit
Must admit defeat and
Know when
It's time to pack and quit it oh

Don't come closer
I am weaker

Coz all the pain is still fresh
Yeah

One more sorry
I might lose it

Coz even though it hurts, I like you still
So better keep it some distance baby

Now the season's out in here
It matches my feelings clear
My winter is right for me
It's cold and I feel lonely

Call me whatever
I'd take it better
Than yesterday

So confused
I'm feeling lost,
Am I in a hurry?

Beating heart
It's pumping out my chest
Oh baby

Ohh oh
Ohh oh

Must admit
Must admit defeat and
Know when
It's time to pack and quit it oh

Don't come closer
I am weaker

Coz all the pain is still fresh
Yeah

One more sorry
I might lose it

Coz even though it hurts, I like you still
So better keep it some distance baby

Now the season's out in here
It matches my feelings clear
My winter is right for me
It's cold and I feel lonely

Call me whatever
I'd take it better
Than yesterday

So confused
I'm feeling lost,
Am I in a hurry?

Beating heart
It's pumping out my chest
Oh baby

Ohh oh
Ohh oh

Must admit
Must admit defeat and
Know when
It's time to pack and quit it oh

Ohh oh
Ohh oh",18
314,Fish out of water (Feat. Bas Bao),Inf,"Feeling like a fish out of water 도망가고 싶어
Feeling like a fish out of water 이곳은 버거워
삶 속에서 홀로 버려진 기분이 들어
아침이 오는 게 난 두려워
다시 돌아가고 싶어

Feeling like a fish out of water 도망가고 싶어
Feeling like a fish out of water 이곳은 버거워
삶 속에서 홀로 버려진 기분이 들어
아침이 오는 게 난 두려워
다시 돌아가고 싶어

Hold me now
제발 좀 Hold me now
무너질 것 같아
내 손 좀 잡아줘

평범했던 그 일상들이
아득하게 멀어져만 가는게
답도 없어 정말 이 모든게
꿈이었음 좋겠어

Feeling like a fish out of water 도망가고 싶어
Feeling like a fish out of water 이곳은 버거워
삶 속에서 홀로 버려진 기분이 들어
아침이 오는 게 난 두려워
다시 돌아가고 싶어

Hold me now
제발 좀 Hold me now
무너질 것 같아
내 손 좀 잡아줘",50
315,Go Deeper (Prod. RYUKIE),SODI,"So many stars in my dream
별처럼 빛나 너의 눈 모두 우릴 봐
Maybe we don’t remember now
돌고 돌아서 다시 또 우린 만나

너만 괜찮으면 작은 두려움은 멀리
너가 내 존재를 알 수 있게 난 더 crave it
You make me feel alive I can’t fake it
아침이 오기 전까지

So why don’t we go
Cause i was so lonely so lonely boy
Why you trippin’
Let’s make a move let’s make a groove yeah

Go Deeper, you love me
I gotta see you every night you make me dream again yeah deeper 언제든
just wanna be with you

Lost in your eyes 벗어날 수 없는
My sweet escape 내가 느끼는 전부
Wrraped in your arms baby you drive me so crazy
쏟아지는 별들 이 밤을 채워

널 만나러 가는 이 느낌 왠지
낯설지 않아 이런 기분 (new vibes)
내가 무슨 말을 해도 you like it
내가 어떤 짓을 해도 you don’t know what to do

Do do 원하는 거 모두 whatever
To you 네게 다 말하고 싶어 언제든

When i close my eyes see your face there’s no worries through the night

So why don’t we go
Cause i was so lonely so lonely boy
Why you trippin’ (Stop it)
Let’s make a move let’s make a groove yeah

Go Deeper, you love me
I gotta see you every night you make me dream again yeah deeper 언제든
just wanna be with you (Just wanna be with you babe)

Lost in your eyes 벗어날 수 없는
My sweet escape 내가 느끼는 전부
Wrraped in your arms baby you drive me so crazy
쏟아지는 별들 이 밤을 채워",18
316,안개,종혀이,"너는 짙은 안개 같네
잘 보이려 해도
보이지가 않네
사랑 앞에 선 밝게 빛나줘
내가 생각한 너는 그랬어
예전처럼만 환하게 웃어줘
내가 알던 넌 그게 너였어

널 사랑하니까
한 번 더 함께 있고 싶었어
하지만 예전에 너는 없어
그때 너를 안 놓쳤으면 우리는 어땠을까

날아갈래 멀리 찾지 말아 줘
나보다 더 높게 날지 말아 줘
그만할래 이제 잡지 말아줘
거짓말이라도 하지 말아 줘

날아갈래 멀리 찾지 말아 줘
나보다 더 높게 날지 말아 줘
그만할래 이제 붙잡지 말아 줘
잡지 말아줘 따라오지 말아 줘

나는 어때 여전한 거 같아?
손을 놓을게 해도 넌 즐겁게
살아야 해 행복하길 빌게
그땐 왜에 이런 말을 했게

그 시절에 널 정말 아끼니까
그 추억들이 너무 값지니까
미안하지 마 지금의 너랑 난
안 맞는 거니까 대충 그렇게 넘어가자

날 이선 눈빛엔 희망이 없어
죽어버린 감정에 더는 숨 쉴리 없어
안아주네 덥석 아니 너무 늦었어
차가워진 눈물은 열정이 없어

너를 떠나 난 행복할 거니까
이번엔 행복하란 말 못 하니까
이제 다시 만날 일 없으니까
이제 미련 따윈 도 없으니

날아갈래 멀리 찾지 말아 줘
나보다 더 높게 날지 말아 줘
그만할래 이제 잡지 말아줘
거짓말이라도 하지 말아 줘

날아갈래 멀리 찾지 말아 줘
나보다 더 높게 날지 말아 줘
그만할래 이제 붙잡지 말아 줘
잡지 말아줘 따라오지 말아 줘",3
317,빛바랜 필름 (feat. Golden Light),꼬마견,"요즘엔 컬러 UHD
지나간 세월 회상하네 흑백영화
무슨 꿈을 향해 그리 바삐 움직였는지
발버둥 쳐도 우린 흑백이었는데

희망을 바라봤던 라이트
눈부신 세상 속에
이 한 몸 날려
열정 하나로 껌껌했던 길 위에
물감을 칠하네

깊은 잠에 빠져
허우적대며 꾸던 꿈 위로
꿈인 줄 알지만 꿈인 척하지 않고
꿈속에서 나오지 않네 현실

지나온 세월 야속하게
빠르게 지나가는 파도에 치여
깊이 패인 자국들
그전 원하네 뿌연 HD

이제는 알아
우리의 청춘은 흑백
그 속에 담긴 스토리
여전히 우리는 빛나

빛바랜 필름
돌아갈 수 없는 시간
그 속에 담긴 추억
여전히 우리의 마음속에 숨어

빛바랜 필름
우리의 청춘
그 속에 담긴 스토리
우릴 미소 짓게 해

시간이 흘러
희미해져도
그 속에 담긴 추억
영원히 간직할 거야

가장 아름다운 순간 중 하나
영원히 기억할 거야

이제는 컬러 UHD
빛나는 컬러

더 이상 흑백이 아니야
더 이상 빛바랜 필름이 아니야

아름답게 만들어줄 거야
빛나는 필름 처럼

빛바랜 필름
돌아갈 수 없는 시간
그 속에 담긴 추억
여전히 우리의 마음속에 숨어

빛바랜 필름
우리의 청춘
그 속에 담긴 스토리
우릴 미소 짓게 해",1
318,XX-MAS,Dot Type,"크리스마스 선물은 따로 필요 없어요
아주 잠깐 집 앞에서 얼굴만 보여줘요
아무 종이나 내게 가져와봐요
거기 나에 대한 솔직한 맘 적어주세요
꼬깃꼬깃 하지만 내게 최고의 크리스마스 카드
펼쳐본 종이 위에 선명하게 적힌 X자

맘껏 비웃어라 겨울아
힘껏 몰아쳐라 눈보라

행복한 얼굴들로
가득한 이 거리를
얼려버리게 아주 꽁(꽁) 꽁(꽁) 얼려버리게

산타 할아버지도 반갑지 않아요
나는 울었으니 선물 받을 자격 없어요
빨간 코 루돌프 너도 적당히 해라
오늘 장난칠 기분 아냐 나를 내버려둬요
터벅터벅 돌아가는 외로운 발걸음 뒤로
아름답게 퍼지는 All I Want For Christmas

맘껏 비웃어라 겨울아
힘껏 몰아쳐라 눈보라
홍대 성수 이태원 압구정 가로수길
얼려버리게 아주 꽁(꽁) 꽁(꽁) 얼려버리게

let it go let it snow 겨울 노래 얼음처럼 차갑게 나를 찌르네
작년처럼 올해도 나홀로 캐빈과 함께 집을 지키네

맘껏 비웃어라 겨울아
이별의 종소리 울려라
24 25일 기절해 있을 거야
나를 찾지 마 올해도 홀로 크리스마스 with me",7
319,너 없는 세상속에 살아가,여백(Yeobaek),"애석해
아무렇지도 않게
건네던 인사에 맘이 무너진 듯해
Oh my baby 너 없는
텅 빈 방 안에 앉아
""사랑해"" 말해 이젠 하지 못할
Feel the same 네가 했던 그 말
이젠 바래질 뿐 이잖아
잘 지내고 있어?
어색한 인사를 해
애써 담담히
떨리는 미소를 띄우고
잘 지내, 이젠
너 없는 하루 속에 살아가
붙잡지 못한 채 안녕
너와 나 우린
다른 게 참 많았어
밤새워 다투기도 했지
사랑은 계절 같아 늘 변해가니까
잠시 날 스쳐왔다가 도망가
Feel the same 이제 그만
너를 떠나보내려 해
but I still love you
잘 지내고 있어?
어색한 인사를 해
애써 담담히
떨리는 미소를 띄우고
잘 지내, 이젠
너 없는 세상 속에 살아가
그만 놓아줄게 안녕",28
320,눈 기억,웜보,"작은 방 속에 웃고 있던 아이
창밖엔 하얗게 흰 눈이 내리던 날
내 품속에 품고 있던 꿈이
기적처럼 이뤄지길 바랐지

그래 그때 겨울로 다시 돌아가
눈이 내리던 순수했던 그 순간
작은 창 속엔 우리만의 세상
잊지 못할 오후 5시의 해가 저무는 풍경
갑자기 눈물이 왈칵 쏟아지더라도
사진 한 장, 찰칵
웃어. 웃어봐!
행복한 마을은 네 안에 있어

돌아가고 싶은 그날의
추억(yeah) 눈동자(우리) 엄마의 잔소리

모두 다 안녕
바람에 날려
잊었던 순간들의 멜로디가
하얗게 쌓여
종소리 울려
웃음소리 가득한 우리의 이야기

snowy story

시간은 흘러 우린 어른이 되었어
바쁘게 지나가는 하루하루 속
가끔씩 떠올리는 그 시절
익숙한 웃음소리들이 맴돌아
눈 내리던 날 우리 뛰놀던 그 순간
어린 나로, 순수한 마음으로
함께할 순 없어도
그 추억 속에 너와 난 웃고 있어

돌아갈 수 없는 여행길
떠난 (그날) 기억 (정거장)
초침 위의 너와 나

모두 다 안녕
바람에 날려
잊었던 순간들의 멜로디가
하얗게 쌓여
종소리 울려
웃음소리 가득한 우리의 이야기

snowy story

새롭게 펼쳐질 우리 모두의 이야기

숙제 다했어..?",15
321,See The Light,HARIN,"Chill in the air but warm in my hands
차가운 바람에 흔들리는 맘
이 작은 컵 안에 온기 가득해
잠시라도 세상을 잊고 싶어

조용한 이 순간 나만의 시간
작은 숨결에 녹아드는 맘
창밖의 세상은 멀리 두고
따뜻한 향기에 스며들어가

Soft glow fading light
창가에 머물며 지는 노을빛
혼자만의 이 평화가 좋네
바쁜 세상도 멀리 사라져

조용한 이 순간 나만의 시간
작은 숨결에 녹아드는 맘
창밖의 세상은 멀리 두고
따뜻한 향기에 스며들어가

잠시라도 내 맘을 비워
천천히 흘러가듯 느껴져
이 작은 순간이 나를 감싸
따뜻하게, 아주 천천히

Slow down, let it all go
따스한 온기에 나를 맡겨
Breathe in, feel it inside
잠시라도 모든 게 괜찮아

Slow down, here in this light
차분히 다가오는 작은 위로
Breathe in, taking it slow
잠시 머물러 이 순간 속에",0
322,Float Free,유영,"I just wanna Float Free
I just wanna Float Free

Set me free from everything thing that make me puke all over the stage floor
I'm a sick so please hurry up and take me to the doctor set my heat lower
나를 봐 봐 봐 날개가 다 다 다 꺾여 날지 못하는 새 떨어지는 잎새
누구보다 아픈 poor girl

I just wanna Float Free
I just wanna Float Free",0
323,Highland,Musicbox,"[가사 준비중] 멜론 회원 여러분! 가사 등록을 기다리고 있어요.
가사등록하기",0
324,winner,반설희,"어둡고 조용함이 가득한
별들이 빛나는
때론 차갑고 가끔 따뜻한
so lazy 하늘을
내 발 아래 두고 싶어
이런 오만한 생각에 빠져들 때

내가 상상하는 모든것이
현실로 벌어지는 짜릿한
기분을 느껴
크게 숨을 쉬어
이렇게

나의 눈이 손길이
뻗어 나가는 대로
가-볍지 않은 적당한
어깨의 무게감이
나를 이끌어가듯 자연스럽게
따라 가게 돼

점점 이 하늘 위로
돌아 갈 순 없지 뒤로
똑같은 곳으로 We all
그래 지금 이 순간 난 Winner

몸이 조금 무거워서
걸음이 조금 느려져서
이 다음 디딜 발이
생각만큼 멀리 나가지 않아서
이 모든 걸 갖고 싶어
이런 건방진 생각에 빠져들 때

내가 상상하는 모든 것이
눈 앞에 펼쳐지는 짜릿한
기분을 느껴
크게 숨을 쉬어
이렇게

나의 눈이 손길이
뻗어 나가는 대로
가볍지 않은 적당한
어깨의 무게감이
나를 이끌어가듯 자연스럽게
따라 가게 돼

점점 이 하늘 위로
돌아 갈 순 없지 뒤로
똑같은 곳으로 We all
그래 지금 이 순간 난 Winner

내가 아닌 다른 누군가에게
휘둘리는
기분 나쁜 그런 감각이 아닌
내가 선택한
오직 나만의

점점 이 하늘 위로
돌아 갈 순 없지 뒤로
똑같은 곳으로 We all
그래 지금 이 순간 난 Winner

점점 이 하늘 위로
돌아 갈 순 없지 뒤로
똑같은 곳으로 We all
그래 지금 이 순간 난 Winner",26
325,Brighter Day,백석예술대학교 실용음악과 학생회,"When your life gets so lost you ain't got to be alone
just trust me


When the sun comes up leave your worries all behind you
loving hard every moment we've got would make a better world
working hard to dreams come true
can't you see the beating heart

Let's sing a song together
Nothing to worry bout anything
your smile will make my day
Sometimes dark days could come by your side
But that is okay okay Brighter day is coming for us

sing together
Nothing to worry bout anything
your smile will make my day
Sometimes dark days could come by your side
But that is okay okay
Brighter day is coming for us

loving hard every moment we've got would make a better world
working hard to dreams come true
can't you see the beating heart

Let's sing a song together
Nothing to worry bout anything
your smile will make my day
Sometimes dark days could come by your side
But that is okay okay
Brighter day is coming for us

sing together
Nothing to worry bout anything
your smile will make my day
Sometimes dark days could come by your side
But that is okay okay
Brighter day is coming for us

Let's sing a song together
Nothing to worry bout anything
your smile will make my day
Sometimes dark days could come by your side
But that is okay okay
Brighter day is coming for us

sing together
Nothing to worry bout anything
your smile will make my day
Sometimes dark days could come by your side
But that is okay okay
Brighter day is coming for us

Let's sing a song together
Nothing to worry bout anything
your smile will make my day
Sometimes dark days could come by your side
But that is okay okay
Brighter day is coming for us",13
326,"BEBE (feat. MORE, muhpy)",sihov,"Your eyes on me babe
When I call you daddy
너는 마치
Be honest baby 다 보이잖아
Your hands on me babe
우린 저기 멀리
날아 just make we high
Be honest baby attenttion me now

어젯밤에
두고간 네 안경에
향기가 남은듯해서
So..I just gonna 돌려주려
넘어질뻔 날 안아주다
걱정하는 ‘괜찮아?’
내얼굴 안빨개
묻지마

Baby I don’t wanna believe you 너말구
다른사람이었다고 해두
But If you’re sure 그럼난 못이긴척
속아도 다 알아도
I don’t wanna sleepin’ 너의품
아직 아무사이아닌데두
Too safe to do
오늘이 가기전에
불을 켜 until the sunrise

Your eyes on me babe
When I call you daddy
너는 마치
Be honest baby 다 보이잖아
Your hands on me babe
우린 저기 멀리
날아 just make we high
Be honest baby attenttion me now

아쉽게 묻은 체취
기억은 나 3시
지겹게 놀았겠지
다시 내 폰을 켜니
네 연락처가 honey
로 저장되있기까지 huh?
생각났어 너와 for play (uh)
연락은 미뤄둘래 내일로
너에게 미안하지만
내게 닿질않아
다시 꺼놔 like 잠수이별

Your eyes on me babe
When I call you daddy
너는 마치
Be honest baby 다 보이잖아
Your hands on me babe
우린 저기 멀리
날아 just make we high
Be honest baby attenttion me now",2
327,넌 내게 행운이자 행복이였어,BENEVOLL,"사랑했었어
너만을
내 전부였던 너였는데

내겐 둘도 없는 너였는데
왜 이제 와서 후회가 돼

이미 늦었지
너에게
너무 어리고 어렸던 탓에

애처럼 굴었던 내 모습이니까
내가 필요했던 건 네 관심이니까

뭐 잘한 게 없지
너 앞에선 마치
누구보다 멋진
남자이길 바랬지

내 모든 걸 다 줬던
너의 뒷모습만 내게
비춰지더라도

아무것도 못해 난

떠나가는
널 붙잡고 말해도
결국엔 돌아오지 않는 답장에

비참해진 내가 나를 반겨
눈물이 흘러서 내 앞을 가려


넌 내게 행운이자 행복이였던거야
우리 다음 생에도
또 만나
다시 태어나도 널 사랑할게

넌 내게 행운이자 행복이였던 것처럼
우리의 아름답고도 길었던
만남은
이젠 추억이라 부를게

영원히 잊혀진 걸까
이제 네 마음속에 나는 없을까

거울 속 내게
말을 건네

너와 걷던
거리도 혼자 걷네

우연히 다른 남자 품 안에 너를 볼 때도
난 뭘 할 수가 없어 no way

돌아오지 않을걸 알면서도
바보같이 너만 기다리잖아

여전히 참 예쁘더라
매일같이 꿈속에 넌

더 행복해 보이더라
환하게 웃고있던

네 모습이 마냥 예뻐서
좋았어
난 계속 널 그리워만 하고있지

사랑한다는 말로
부족한 너겠지

내 가진 전부로도
모자란 너겠지

널 만났다는 것은
행운이였겠지

돌아갈 순 없을까

넌 내게 행운이자 행복이였던거야
우리 다음 생에도
또 만나
다시 태어나도 널 사랑할게

넌 내게 행운이자 행복이였던 것처럼
우리의 아름답고도 길었던
만남은
이젠 추억이라 부를게",18
328,계절이 바뀐다 (Feat.서연),선제,"여름에서 가을로 가을에서 겨울로 계절이 바뀐다
겨울에서 봄으로 봄에서 또 여름으로 우린 조금씩 멀어진다

사람은 많지만 고요한 지금
눈을 감으면 느껴지는 바람
보이지 않던 것도 들리지 않던 것도 느껴지는 시간
나를 고민한다

나를 고민하는 여유
내 취향은 뭘까 고민을 해 겨우겨우
생각지 못한 것도 생각했던 것도 다시
나는 고민한다 이 가을겨울

나는 그 속에 혼자 무너져
나 괜찮을걸까 고민을 해 하루이틀
때론 잘 맞을지도 맞지 않을지도 우리
난 그 속에 혼자, 외롭게 혼자

여름에서 가을로 가을에서 겨울로 계절이 바뀐다
겨울에서 봄으로 봄에서 또 여름으로 우린 조금씩 멀어진다

안녕, 하이 오늘도 넌 거기 무사하니?
바뀌지 않을 너에게 물으며
널 위해 아니 날 위해
오늘도 난 남들보다

부지런 떠는 내 하루를 마주해
늘어난 하루가 사실 난 어색해
부질없이 떠난 네 하루와 마주해
느려진 내 모습 살짝 난 이상해

여름에서 가을로 가을에서 겨울로 계절이 바뀐다
겨울에서 봄으로 봄에서 또 여름으로 우린 조금씩 멀어진다

나를 고민한다 나를 고민한다
나를 고민한다 나를 고민한다

여름에서 가을로 가을에서 겨울로 계절이 바뀐다
겨울에서 봄으로 봄에서 또 여름으로 우린 조금씩 멀어진다
여름에서 가을로 가을에서 겨울로 계절이 바뀐다
겨울에서 봄으로 봄에서 또 여름으로 우린 조금씩 멀어진다

여름에서 가을로 가을에서 겨울로 계절이 바뀐다",4
329,Be Alright,비투비,"It’s gonna be alright
조금 힘들어도
걱정하지는 마
너와 함께니까

애써 꾹 참았던
눈물이 흘러도
It’s gonna be alright
다시 웃을 거야

눈물 흘려 친구 불러
어떻게 하든 그냥 너의 스트레스 좀 풀어
Everyone’s got their own problems right now
근데 너만 왜 멀쩡한 척하고 숨겨

“This too shall pass” 좀만 더 버티면 돼
그렇다고 힘든 걸 절대 참아선 안 돼
I got you so you can lean on me
서로 의지하면 돼
다시 웃을 때까지

외로워질 때
넌 내게 기대면 돼
Always be there
Everything’s gonna be alright
Everything’s gonna be alright
Everything’s gonna be alright

It’s gonna be alright
조금 힘들어도
걱정하지는 마
너와 함께니까

애써 꾹 참았던
눈물이 흘러도
It’s gonna be alright
다시 웃을 거야

It’s gonna be alright
누구보다 치열한 너
잠시 멈췄을 뿐이야
이 또한 지나가
환하게 웃어봐
익숙해질 거야
우릴 비웃던 모두에게
떨어주자 시건방

너 자신을 믿고 멈추지 마 Keep going
실패를 두려워 말고 부딪혀 봐 like 럭비공
0 + 0 = 도전 없인 아무 결실도 없어 Be alright

가끔 혼자라 느낄 때
함께라는 걸 기억해 Always
Everything’s gonna be alright
Everything’s gonna be alright
Everything’s gonna be alright

It’s gonna be alright
조금 힘들어도
걱정하지는 마
너와 함께니까

애써 꾹 참았던
눈물이 흘러도
It’s gonna be alright
다시 웃을 거야

We gon’ be alright
어두운 밤이 와도
We gon’ be alright
다시 해는 뜨니까
We gon’ be alright
긴 여정의 끝에
We’re gonna be alright
우린 웃을 거야

It’s gonna be alright
조금 힘들어도
걱정하지는 마
너와 함께니까

애써 꾹 참았던
눈물이 흘러도
It’s gonna be alright
다시 웃을 거야","5,164"
330,Crystal Clear (feat. 엄정화),Z.flat,"I made it crystal clear
You super weirdo
Honestly oh I love you

Searching for a love under the night
Currents in my vein got amplified so choose
Pour it on my lips and feel alive
I can do anything to freeze the time for you
My heart is radioactive dynamite when you’re with me
See all the dreamers seeking for the treasure under the sea
Don’t think it twice I’m ready for the game
It’s time to see

I made it crystal clear
You super weirdo
Honestly oh I love you
Woo you woo
Yeah honestly oh I love you
Woo you
I made it crystal clear
You super weirdo
Honestly oh I love

I can give you everything
Just call me a pretty psycho
달이 뜨면 너를 데리러 갈게
할만큼 했지 이제
너의 대답을 속삭여줘
It feels so sweet
투명한 눈빛 속 네 마음은 어딨어
Feel like I’m satellite
널 찾아 달려가
더 짙게 말해줘
날 사랑한다고

I made it crystal clear
You super weirdo
Honestly oh I love you
Woo You
Woo
Yeah honestly oh I love you
Woo woo
I made it crystal clear
You super weirdo
Honestly oh I love you

Don’t go into the dust
I can’t find you there
Chase the love on top
Think I made it clear yeah
Don’t go into the dust
I can’t find you there

I made it crystal clear
You super weirdo
Honestly oh I love you
Woo woo
You woo
Yeah honestly oh I love you
Woo woo
I made it crystal clear
You super weirdo
Honestly oh I love

Don’t go into the dust
I can’t find you there
Chase the love on top
Think I made it clear
Don’t go into the dust
Cause I can’t find you there
I made it crystal clear
You super weirdo
Honestly oh I love you",226
331,IDLY (Feat. VVON),DAX,"It's a time of the fluttering
And we going to cross each other
이젠 알까
더는 필요가 없어진 서로의 눈동자는 탁해

If we had more time
I guess
We could change our problems
가르치고 더 가르쳐도 소용없지
이젠 뭔 상관일지

너가 사라진 도시는
쓸쓸함보단 텅빈 것 같애
자기최면중이야
I don't need you right now

Cant' believe
i'm chasing your trace
아직도 널 떠올릴 줄은 몰랐네 But
이젠 덤덤하게 말 할 것 같애

Time of the fluttering
붙잡는 건 좀 Bull shit
I just 정리중인것 같애
아마 슬슬
I don't love you anymore

If it's time of the blooming
뭔가 조금 바뀌었을지 I don't even know
굳이 뭐 더 생각해봤자겠지 뭐
Girl I don't love you

It's so cruel 어제도
아침 햇살에 또 눈 감아
제대로 잔건 언젠지 난

밖을 나가
걸어봐도
되려 제자리인 것만 같아
신발에 붙은 흙은 떨어지질 않아

It is so weird
Yeah it's so weird
이게 도대체 어떤 기분인지
아까부터 Feel이 왔어
이 기쁨 or 슬픔
둘중 하나의 내가 보여
Cant' believe
i'm chasing your trace
아직도
널 떠올릴 줄은 몰랐네 But
이젠 덤덤하게 말 할 것 같애

Time of the fluttering
붙잡는 건 좀 Bull shit
I just 정리중인것 같애
아마 슬슬
I don't love you anymore

If it's time of the blooming
뭔가 조금 바뀌었을지 I don't even know
굳이 뭐 더 생각해봤자겠지 뭐
Girl I don't love you

Oh I don't love you",42
332,들어볼래? (feat.yuke),채희,"내 얘기 들어봐 이건 너를 위한 나의 사랑 노래야
이 노래가 너의 귓가에 들어가기 전까진
넌 내 생각 한 번이라도 해본 적 있어?
누워서 멍때리다 또 네 생각이 나서 노래를 만들어봤어
첫 만남에 반했어 또 보고 싶은데 용기가 없어 널 만나지를 못해
마음만큼은 지금 출발하고 싶은데
내 뜻대로 안 되는 게 너무나 불행해
아까 나가서 하늘을 올려다봤는데
별빛이 반짝이니까 네가 또 생각나
하늘에 있는 별 보다 네가 더 빛나
무엇을 보든 간에 네가 자꾸 생각이나
근데 있잖아 난 너 말곤 안 보이는데
넌 왜 나 말고 다른 여자만 보는 건데
언제쯤 날 봐줄 생각이야
언제쯤 나를 여자로 봐 줄 생각이야
너 생각으로 시작하는 매일이
널 사랑한다 속삭였던 내 입이
마치 꿈처럼 잊혀가 오늘이
너 없인 하루도 못 살아 BABY
내 얘기 들어봐 이건 너를 위한 나의 사랑 노래야
이 노래가 너의 귓가에 들어가기 전까진
넌 내 생각 한 번이라도 해본 적 있어?
누워서 멍때리다 또 네 생각이 나서 노래를 만들어봤어
너를 위한 사랑 노래 몇 개째일까?
네 마음속 시간에서 나 해버렸나 지각
불안해서 계속 머리 잡은 채
샤워기로 내 머리를 쳐버려 한두 대
멈춰 그만 너 이뻐
네 사진 보는 남자가 다 싫어
다른 애들 방 빼 얜 내꺼잖아
제발 제발 그래야 해
내 얘기 들어봐 이건 너를 위한 나의 사랑 노래야
이 노래가 너의 귓가에 들어가기 전까진
넌 내 생각 한 번이라도 해본 적 있어?
누워서 멍때리다 또 네 생각이 나서 노래를 만들어봤어",12
333,WAKE UP,백진,"How you doing? 요즘 뭐해
나 가만 누워 시간만 보내
나로 인해 쌓여가는 오해는
전부 내 탓이니 결국 내 목을 조이네

Um ye
시간은 금 시간 안 가 은근
시간은 금 시간 안 가 은근
ye

될 대로 되라지 대로 꼬이따 머리만 쥐어뜯어 uh
니 꼬라지 대로 초라해 보인단 말이다 나한테 신경 꺼
Take that, push me 벼랑 끝에 난 서있지
어딜 가야 되고 무얼 위해 살아가는지 um
Let's get it man, wait
Wake up (wake up)

I don't know that (what)
Give me something i can feel
No, get out here
*** up
Can you see me now?
What do you want from me
I really need to get up now
Let's go (um)

I’m on my way 어제와는 다른 공기
크게 마셔보는 숨 I’m already know 이 꿈 uh
계속되는 호흡에 내 정신은 아득해도
계속 호흡해 벗어나려 발버둥
내 손에 잡히는 건 전부 해치운걸
이제 와서 음, 내 사람들아 Where'd it go?
I’m gon get it, ye i knew it was fake
무의미한 매일 떼는 발걸음이 걸어 내일

How you doing? 요즘 뭐해
나 가만 누워 시간만 보내
나로 인해 쌓여가는 오해는
전부 내 탓이니 결국 내 목을 조이네

Um ye
시간은 금 시간 안 가 은근
시간은 금 시간 안 가 은근
ye",0
334,우리 사랑에 빠진 모습이 마치 코코아 같아요(우사모코),Chaserose (체이서로즈),"내 앞에서 빠진 그대는 마치 코코아 같아요ㅎ
우리 사랑에 빠진 모습이 코코아 같아요ㅎ
풍덩 하고 빠져버려 서로 품에
널 사랑하고 아껴주는 그런 뻔한 노래
너를 설명하는듯해 맞잡은 네 고운 손에
우리 미래까지 보여지는 듯해 신혼여행
um um 내 맘이 너무 앞선가
um um 괜찮아 이젠 내 거니까
um um 세상이 이리 밝았나
um um 재네는 모르겠지
자기야 내일 할 일 없음 영화나 볼까
난 귀엽지가 않아 마치 터프한 뽀빠이
신경 쓰지 않아 돈과 차 가진 오빠는
난 몇 배는 더 원해 너의 탱글 한 볼살을
그래도 하나는 약속해 줘요 Darling
싸우더라도 사랑 섞어 말해 Calling
내가 짓는 눈과 네가 짓는 눈에 빠진
내 기분은 마치 my she mello 같아요 ㅎ
=3~ Love all night 내 앞에서 빠진 그대는 마치 코코아 같아요 ㅎ
=3~ Love all night 우리 사랑에 빠진 모습이 코코아 같아요 ㅎ
당신 땜에 내 머리가 돌아 계속 빙빙
네가 있는 곳은 시간이 더 길지
우린 열을 내고 있어 두 번 식힌
뒤에 감아 주지 목걸이를 칭칭
아니라니까 오늘까지만
새벽은 택시가 비싸니까
널 지켜준다는 약속은 5분도 안됐지만
침대 하나를 전부 갈라 놓지
우린 하루 종일 웃고 있어 바보같이
여기 조그마한 방에서의 after-party
감독님은 헐레벌떡 붙여 19금 딱지
Let`s shoot in movie
관객 두 명뿐인 movie
네 앞에 서있는 내 모습이 각
설탕처럼 딱딱해서
=3~ Love all night 내 앞에서 빠진 그대는 마치 코코아 같아요 ㅎ
=3~ Love all night 우리 사랑에 빠진 모습이 코코아 같아요 ㅎ
한 걸음씩 더 눈을 맞춰 Dalling
또 사랑하지 머리는
며칠 안 감아도 Twerking
Let`s get it trunk
넌 주위를 살펴 헐레벌떡
You're something that shines
마치 땀이 우유와 같아서
=3~ Love all night 내 앞에서 빠진 그대는 마치 코코아 같아요 ㅎ
=3~ Love all night 우리 사랑에 빠진 모습이 코코아 같아요 ㅎ
=3~ Love all night 내 앞에서 빠진 그대는 마치 코코아 같아요 ㅎ
=3~ Love all night 우리 사랑에 빠진 모습이 코코아 같아요 ㅎ",28
335,그대로 이대로,엔프로젝트,"바람이 불어와 너의 향기
조용한 밤하늘 속에 숨겨져
살며시 다가온 이 순간을
그대로 이대로 난 느끼고 싶어

비가 내리면 나의 마음속
작은 물방울들 너를 기억해
사라지지 않아 꼭 남아줄래
그대로 이대로 너를 품고 싶어

그대로 내 맘에
그대로 내 곁에
매일매일 함께해
잊지 않길 바래

저 별빛 아래서 너와 나 둘이
속삭이는 소리 마음속 깊이
떨리는 이 느낌 널 원하고 있어
그대로 이대로 내게 와줘

시간이 흘러도 변하지 않길
순수한 우리의 맘 지키길
믿나의 손을 꼭 잡아 줘
변치 않는 사랑으로

그대로 내 맘에
그대로 내 곁에
매일매일 함께해
잊지 않길 바래",0
336,Devil I Know,BIN,"(I said)
넌 늘 날 어려운 시험에 들게 해
네가 내게 준 여러 문제엔
정답은 없네
가끔은 좀 지치기도 해
혼자서 아파하기도 해
난 무너져 가는데 여전히
넌 아름답네
You made me think twice
You always know you're right
The devil I know was always
right here by my side
You made me think twice
You always know you're right
The devil I know was always
right here by my side
(I said)
(I said)
(I said)
Give me what you, give me what you don’t like
Feeling like a angel when you go by
I fell for your mistakes
You hate but you wanna stay ya
push me away to say ya
You love me but today
You made me think twice
You always know you're right
The devil I know was always
right here by my side
You made me think twice
You always know you're right
The devil I know was always
right here by my side
(I said)
(I said)
(I said)
Ooh The devil I know was always
right here by my side
Ooh The devil I know was always
right here by my side",6
337,Over the moon (Feat. Zambora),NOAH,"아아 여보세요?
(여보세요?)
너 어디야?
(어디야?)
내 말 들려?
(안들리는 척 하지말구)
야 오늘 날씨 진짜 좋아
(어, 그럼 한강에서 라면 먹으면 되겠다)
(그리구 치킨이랑 맥주랑..)
아 그만그만그만

우린 도착해 Over the moon
주위엔 널 비추는 starlight
And nothing ye
I'm stuck wit u
은하수를 만들어
너와 내 작은 별에서
다방을 만들어
우린 그 곳에서
사랑을 꿈꾸고
반짝이는 행성 속
둘만의 love song
슬픈 가사는 없어
We'll goin' high

나 말곤 없던 여기에
사막 같았던 나에게
들어와 넌
몇번째 다시 열어보는
내 캘린더에
하나 둘 가득 채워지는
너와 버킷리스트
너가 원하는거 다 말해줘
어떠한 바람이 몰아쳐도 난
놓치지 않겠다고 말해
우린 도착해 Over the moon
주위엔 널 비추는 starlight
And nothing ye
I'm stuck wit u
은하수를 만들어
너와 내 작은 별에서
다방을 만들어
우린 그 곳에서
사랑을 꿈꾸고
반짝이는 행성 속
둘만의 love song
슬픈 가사는 없어
We'll goin' high
결국 도착했어
우리 둘밖에 없어
I'm so excited right now

잡 생각들은 fix it
Let's go out through this exit.

목적은 스트레스 해소
하고 추억 남기는거

나만 믿어 걱정 말어
입만 살았대
그 말이 맞대도

모른척하고
날 따라와줘
예보에 없던 비도 왔지만

i'll try my best for you yeah yeah
今日は特別だと
말해줘 내게
속삭여 네게
Ain't no lie baby
Trust me baby
우린 도착해 Over the moon
주위엔 널 비추는 starlight
And nothing ye
I'm stuck wit u
은하수를 만들어
너와 내 작은 별에서
다방을 만들어
우린 그 곳에서
사랑을 꿈꾸고
반짝이는 행성 속
둘만의 love song
슬픈 가사는 없어
We'll goin' high

창가에 비친 저 달을 보면
눈이 부시도록 빛나는 그대의 모습
있잖아 나는
널 알고 나서
""그래 이게 운명이지"" 했어
You and me
You and i
You're my last love yeah

우린 도착해 Over the moon
주위엔 널 비추는 starlight
And nothing ye
I'm stuck wit u
은하수를 만들어
너와 내 작은 별에서
다방을 만들어
우린 그 곳에서
사랑을 꿈꾸고
반짝이는 행성 속
둘만의 love song
슬픈 가사는 없어
We'll goin' high",4
338,Paris at night,버틀러,"기분 좋은 밤
도시의 불빛
In the Paris at night

꿈에 그린 색으로 물든 거리
The night in Paris romantic

고흐가 거닐던
그 밤 아래 있는 우리
그날을 그려봐

Paris at night
오늘의 밤은 어때?
난 말야

Paris at night
내 눈에 담긴 빛을
추억으로 새길 거야

모네가 거닐던
그 밤 아래 있는 우리
그날을 그려봐

Paris at night
오늘의 밤은 어때?
난 말야

Paris at night
내 눈에 담긴 빛을
추억으로 새길 거야",1
339,Auter (feat. Omni One),김연송,"[가사 준비중] 멜론 회원 여러분! 가사 등록을 기다리고 있어요.
가사등록하기",4
340,Like a Whiskey,HAV (하브),"Just take ma hand and feel this bass line in your body

Take your glass, you get high

Just follow my lead with your feet, that’s fit timing


If you see my eyes it will be hard to forget the night

You’re already falling deeper I know you hard organize

Even if I dance with new somebody, I’m all right

Cuz you ain’t take your eyes off me

Can see through you



Remain in your vein

Like a whiskey

혈관 속에 베인 I’m too risky

Remain in your vein

Like a whiskey

혈관 속에 베인 I’m too risky


Take my ride, you sit on right side

Gonna handle this by myself, ya

All of our bonding is on me

All I wanna do to you is see what I’m gonna do

Don’t need something new

Just follow ma lead

그거 하나 you need


Feel free, I’m not gonna lie

Just take ma hand and feel this bass line in your body

If you see my eyes it will be hard to forget the night

You’re already falling deeper, I know


Remain in your vein

Like a whiskey

혈관 속에 베인 I’m too risky

Remain in your vein

Like a whiskey

혈관 속에 베인 I’m too risky


You’ve already fallen into Whiskey

You are yesterday to me

You’ve already fallen into Whiskey",9
341,"Merry Travel (Feat.신혜린,홍민택,김재민,김시현,이민호,HoFeel,Holieve)",HOLV CAMP,"First snow
온 세상 위로
Let it snow
It’s time to Show
That i want it
빛나는 별처럼
모든게 이뤄질 거에요

일렁이는 여름지나
깊어지는 가을지나
다가온 새하얀 눈처럼
open up to your love this christmas

시간을 거슬러 추억을 헤매는
난 지금 여행중이야
on this christmas
And I Take a trip tonight
함께떠나자

지쳐버린 내 어깨를 두드리며
위로해준 널 위해서
선물을 준비할게
항상 함께 해줄래 My best friend

First snow
온 세상 위로
Let it snow
It’s time to Show
That i want it
빛나는 별처럼
모든게 이뤄질 거에요

일렁이는 여름지나
깊어지는 가을지나
다가온 새하얀 눈처럼
open up to your love this christmas

어두운 밤에 문틈 사이로
보이는 그림자 둘
산타는 아니겠지만
설레며 잠에들죠

시간을 달려서
마주한 나의 사랑을
가득 안고서 널 반기며
사랑한다 말할게

First snow
온 세상 위로
Let it snow
It’s time to Show
That i want it
빛나는 별처럼
모든게 이뤄질 거에요

일렁이는 여름지나
깊어지는 가을지나
다가온 새하얀 눈처럼
open up to your love this christmas

First snow
온 세상 위로
Let it snow
It’s time to Show
That i want it
빛나는 별처럼
모든게 이뤄질 거에요

First snow
온 세상 위로
Let it snow
It’s time to Show
That i want it
빛나는 별처럼
모든게 이뤄질 거에요

일렁이는 여름지나
깊어지는 가을지나
다가온 새하얀 눈처럼
open up to your love this christmas",8
342,버닝,루나시,"There is no right or wrong
I don't mind anymore
새까맣게 타버려 더는 시간 낭비야
판단 같은 건 할 수가 없어

Right here, 느낄 수 있어
Feels like bass deep,
in thorough your bones
점점 빨라져만 가 불안한 이 기분을
너로 가득 채워보고 싶어

Hey baby, let's burn out this room
지금 여기엔 너와 나 둘 뿐
Oh baby, come over
아무도 모를 테니
내일이면 우린 연기처럼,사라질 뿐

There is no love or feelings
진심같은 건 좀 지루해서
Can't nobody could judge us
and no one else gonna know
바로 지금, 느껴지는대로

Hey baby, let's burn out this room
지금 여기엔 너와 나 둘 뿐
Oh baby, come over
아무도 모를 테니
내일이면 우린 연기처럼, 사라질 뿐

Hey baby, let's burn out this room
넌 알잖아 이건 사랑이 아냐
Oh baby, 난 그저, 지금 뿐이면 돼
내일이면 없었던 것처럼 사라질 뿐
사라질 뿐
사라질 뿐",2
343,Paint your body and soul,Yooniverse,"사랑이란 거짓말
괜찮다 하지만
불완전한 나는
무채색인 너를
더 채워 넣고 싶은걸

I wanna paint your body and soul
내게 물들어줘
I wanna paint your body and soul
I wanna paint your body and soul
색감을 덧입혀
완벽한 널 이제 보여줘

쉽게 생각하진 마
다 바칠 테니까
이기적인 나는
어떡해서든 너를
꼭 완성하고 싶은걸

I wanna paint your body and soul
내게 물들어줘
I wanna paint your body and soul
I wanna paint your body and soul
색감을 덧입혀
완벽한 널 이제 보여줘

I wanna I wanna paint your body and soul
I wanna I wanna paint your body and soul
I wanna I wanna paint your body and soul
I wanna I wanna paint your

I wanna paint your body and soul
내게 널 보여줘
I wanna paint your body and soul
색감을 덧입혀
I wanna paint your body and soul
내게 널 보여줘
완벽한 널 이제 보여줘",1
344,Lano,Agwi,"Bye ah ee ah
Bye ah et toi

Bye ah ee ah
Bye ah et toi

가끔은 너무 혼자 생각한다고
마음을 재 본다고 뭐라고 해도
아직은 그런 고민한다 해도 신경 안 써도 돼
날 떠난다 해도 blame on me

Know we tried in the moment still I feel unnatural
저긴 이루지 못한 약속 들의 재만 쌓인걸
기쁨 슬픔 모두 언젠간 타버리게 돼
뜨거울수록 더
가까울수록 더

Bye ah ee ah
Bye ah et toi

Bye ah ee ah
Bye ah et toi

Feels like I already mentioned it
On the wall like I use to write it for you
여기 모든 걸 두고 갈게
맘대로 생각해도 더 상관 안 할게
날 내려두게 해줘

Know we tried in the moment still I feel unnatural
저긴 이루지 못한 약속 들의 재만 쌓인걸
기쁨 슬픔 모두 언젠간 타버리게 돼
뜨거울수록 더
가까울수록 더

Bye ah ee ah
Bye ah et toi

Bye ah ee ah
Bye ah et toi",13
345,Dear Me,I'MIN,"[가사 준비중] 멜론 회원 여러분! 가사 등록을 기다리고 있어요.
가사등록하기",43
346,Hypnotized (Feat. QUAIMO),RENDY,"I don’t wanna go back
Don’t make me change my mind
더 묻지 마
이미 알고 있잖아 (Yeah)
지겹기만 해 이젠
돌고 돌아 반복돼
Everyday every night
I don’t care anymore

Boy top blowing up my phone (my phone)
I’m doing just fine on my own
이기적인 걸 no way
Don’t make me say it out loud
That I don’t care about you anymore

Give me a reason why I should stay (yeah)
prove to me wrong, or stay away
Oh, You taught me love
I was so obsessed
Don't say it if you don't mean it
The truth hurts, so I don’t want it no more

I’m hypnotized
날 맴돌아
내 앞에 서 있는 것 같아
I realized 꿈에서 깬듯
또 Bing bing bing
Go off
Ring ring ring

I’m hypnotized
날 맴돌아
내 앞에 서 있는 것 같아
I realized 꿈에서 깬듯
또 Bing bing bing
Go off
Ring ring ring

Would u like to do AMARE tonight?
별이 모두 잠든 밤
끝 내 손 잡아 주기를
또 안아주기를
이런 게 나의 죄라면
죄라면
매일 바랬던 꿈
복잡한 머리를 비워내
꺼내봐 춤
생각은 지루해 필요한 말들은
세게 더, daddy, that’s ummmmm
say my name baby 부드럽게
네 호흡 속에
또다시 hypnotized

Yeah
prove to me wrong, or stay away
Oh, You taught me love
I was so obsessed
Don't say it if you don't mean it
The truth hurts, so I don’t want it no more

I’m hypnotized
날 맴돌아
내 앞에 서 있는 것 같아
I realized 꿈에서 깬듯
또 Bing bing bing
Go off
Ring ring ring

I’m hypnotized
날 맴돌아
내 앞에 서 있는 것 같아
I realized 꿈에서 깬듯
또 Bing bing bing
Go off
Ring ring ring",98
347,Romantica,Silly Silky (실리실키),"Romantica, Romantica
Romantica, Romantica

Romantica, Hoo

Come, take me down
Make me high upon your tree

(You said)
“Fly with me now”
All the stars look at me

나를 바라볼 땐 마치
신대륙에 맞닿은 것 같이

I wonder
Is it you? Is it me?
I called you when I need

이제 난 준비되었어 한 꺼풀씩

새롭게 피어나 그대의 손길로

Woo romanticize me
Woo I’m divin' to your

Romantica, Romantica
Love taker, My heart breaker

Romantica, Romantica
(Come and take her)

Romantica, Romantica
Love taker, My heart breaker

Romantica, Romantica
(Come and take her)

Come, take me down
Make me high upon your tree

(You said)
“Fly with me now”
All the stars look at me

나를 바라볼 땐 마치
신대륙에 맞닿은 것 같이

I wonder
Is it you? Is it me?
I called you when I need

이제 난 준비되었어 한 꺼풀씩

새롭게 피어나 그대의 손길로

Woo romanticize me
Woo I’m divin' to your

Romantica, Romantica
Love taker, My heart breaker

Romantica, Romantica
(Come and take her)

Romantica, Romantica
Love taker, My heart breaker

Romantica, Romantica
(Come and take her)

Come and taker her
Come and taker her
My love, my heart goes to

Come and taker her
Come and taker her
천천히 again, again with you

Come and taker her
Come and taker her
Make a rain, ah, rain just put on me

Come and taker her
Come and taker her
My love, my heart goes

Romantica, Romantica
Love taker, My heart

Romantica, Romantica
Love taker, My",126
348,I'll Be Home For Christmas,박완,"I'll be home for Christmas
You can plan on me
Please have snow and mistletoe
and presents by the tree

Christmas eve will find me
where the love light gleams
I'll be home for Christmas
If only in my dreams

Christmas eve will find me
Where the love light gleams
I'll be home for Christmas
If only in my dreams
If only in my dreams",68
349,RUN ON! (Feat. IFCHAN),ma1ro (마일로),"Where the hell is it
이러지 좀 말아줘
What the hell you doing
모른 척 그만해 너

I can be your 뭐든
말만 해 hit me up

이 밤은 깊어 wanna do
잔 을 높이 더 들어

We’re running on the road
Where you at?

We’re running on the road
Where you at?

We’re running on the road
Where you at?

We’re running on the road
Where you at?

Girl you know, you made me do this
모른 척 발 또 빼
자신감 있으면 prove it
또 진정하래

I don't know what you mean
재미없지 이젠

Wanna play in the end
너는 뭘 원하는지 내게 말해
Wish your everything

여기서 너가 제일 이뻐
You got me hottest, baby

꼰대같이 teaching on your body
Step1은 kiss me darling

이제 같이 나가서 해줄게 더

They don’t know

Where we going

Look at my eyes

그렇게 쳐다보지 마
또 시작됐잖아
그래 밤새 해봐 어디

Where the hell is it
이러지 좀 말아줘
What the hell you doing
모른 척 그만해 너

I can be your 뭐든
말만 해 hit me up

이 밤은 깊어 wanna do
잔을 높이 더 들어

We running on the road
Where you at

We running on the road
Where you at

We running on the road
Where you at

We running on the road
Where you at

When I get close to u
너와 가까워질 때

I can’t say a word
한마디도 못 떼겠어
대체 왜 이래
나 이런 적이 없는데
왜 뚝딱대
Keep it up 포커페이스

너와 없을 때도
계속 만지작거려 my phone

똑같은 릴스만 떠도
I'll be waiting on u

책임져 줄 수 있는데 너의 퇴근길도
길 가다 보이는 숨은 맛집에도 널
baby bring it on yeah

사탕 발린 말 아닌 거
너도 잘 알잖아
이제 그쯤 하고
내게 좀 넘어와

Wherever u go
Whatever u want
I always be your pure light

Where the hell is it
이러지 좀 말아줘
What the hell you doing
모른 척 그만해 너

I can be your 뭐든
말만 해 hit me up

이 밤은 깊어 wanna do
잔을 높이 더 들어

We running on the road
Where you at

We running on the road
Where you at

We running on the road
Where you at

We running on the road
Where you at",64
350,beggin',진주,"음 바닥으로 기어가는 나, na
어때보여? 음, 위험한 리듬 (쓰담쓰담)

Pow! 푸하하! 재밌어보여?
그 눈빛을 한번만 줘
이 순간 깨어난 또 다른 bad bad (쪽)

전율 그 반대에 있는 것도
사랑이라 할 수 있다면
“가지기 전 실컷 놀고 질리면 소유를 포기해”
You’re so rude boy, Rude boy

Play
버튼만 누르면 우스꽝스러워도 널 웃게 해주는 doll
Uh “Baby”
비슷한 말들만 해주면 어느새 또 네 앞이니까

Dramama 장난치지마 Nanana 지금 이 시간까지
난 네 집 앞 벤치야 (이런 나 좀 봐 으아ㅠ)
Tell me what you want, I just need your love
(월! 월!)
Tell me what you want, I just need your love
(월! 월!)
Click !Oh ,Oops!
Play
Nanana Im begging you My love

이상한 소문을 나 들었어
네 곁에 있던 그 사람
오늘 너에게 고백 한댔어
걱정마 내가 훨씬 예뻐 so

그 선배는 내가 정말 좋댔어
그 얼굴 위에 널 상상했어
너 말고 누구에게도 심장이 떨리지를 않아
she’s so Bad attitude 왜 여지를 줬어?

Hey
전화 한 통이면 숨이 차 어지러워도 널 보러오니까
Baby
다른 애에게 안겨있어도 데려다주는 건 내 역이니까

Dramama 장난치지마 Nanana 지금 이 시간까지
난 네 집 앞 벤치야 (이런 나 좀 봐 으아ㅠ)
Tell me what you want, I just need your love
(월! 월!)
Tell me what you want, I just need your love
(월! 월!)
Click !Oh , Oops!
Play
Nanana Im begging you My
하 씨-
Owwww!!

No oh

Nanana Im begging you My love",1
351,오피스텔,엔프로젝트,"도시의 불빛
반짝반짝 빛나
오피스텔 안
둘이서 같이 있어
우리의 이야기
밤새도록 얘기해
행복한 순간
지금 이대로

오오오
오피스텔
우리 둘만의 공간
오오오
오피스텔
사랑이 넘치는 밤
오오오
오피스텔
너와 나 하나 돼
오오오
오피스텔
언제나 함께해

너의 미소
내 마음을 녹여
오피스텔 안
꿈꾸는 듯이
음악에 몸을 맡기고
춤추며
내일을 잊고
오늘을 살아

오오오
오피스텔
우리 둘만의 공간
오오오
오피스텔
사랑이 넘치는 밤
오오오
오피스텔
너와 나 하나 돼
오오오
오피스텔
언제나 함께해

창문 넘어
별이 빛나고
우리의 사랑
더 깊어져
어떤 시련이 와도
문제없어
너와 나 함께라면
문제없어

오오오
오피스텔
우리 둘만의 공간
오오오
오피스텔
사랑이 넘치는 밤
오오오
오피스텔
너와 나 하나 돼
오오오
오피스텔
언제나 함께해",1
352,Mood (Feat. Mela),SwlwBloo (스왈로블루),"푸른 바다 위 높은 곳
아무도 찾지 않는 곳에서
비스듬히 보이는 네 Mood
한 번 더 보고 싶은 어제로
너란 파도를 매일 헤엄치지 Everyday
몰라 나는 나쁜 기억들은 지울게
가끔은 이게 맞나 싶어 내가 모르게
매일 새로운 기억들로 나 채울게

저 빛이 나는 것들 전부 다 Look
So what you do
Girl I can fix my mind
Cuz you can fell so high
말했지 또
내가 봤었던 건
절대 허상이 아니라고
Oh girl 네가 원하는 것이면 Like it
인스타로 내가 다 봤지
어중 한 곳이면 Can not go
오늘은 내가 너 마니또 할게
준비됐어 나는
실수투성인 과건 다 버리고

푸른 바다 위 높은 곳
아무도 찾지 않는 곳에서
비스듬히 보이는 네 Mood
한 번 더 보고 싶은 어제로
너란 파도를 매일 헤엄치지 Everyday
몰라 나는 나쁜 기억들은 지울게
가끔은 이게 맞나 싶어 내가 모르게
매일 새로운 기억들로 나 채울게

무더운 여름 날
떠났지 너와 나
서울을 떠나 여기
여유가 있는 곳
We gon' chill up and turn up
시원한 바람
We gon' light up and burn up
걱정을 태워
Drink beer under the palm tree
It's what i came here for
시간아 멈춰
지금 이 순간은 너무 짧아
유지하자 This mood
현생에 돌아가도
걱정 말자 앨범이 미뤄져도
I don't want to go back
but 다음을 기약해
힘들면 또 오자 여기 이 섬에

푸른 바다 위 높은 곳
아무도 찾지 않던 곳에서
비스듬히 보였던 네 Mood
한 번 더 보고 싶은 어제로

푸른 바다 위 높은 곳
아무도 찾지 않는 곳에서
비스듬히 보이는 네 Mood
한 번 더 보고 싶은 어제로
너란 파도를 매일 헤엄치지 Everyday
몰라 나는 나쁜 기억들은 지울게
가끔은 이게 맞나 싶어 내가 모르게
매일 새로운 기억들로 나 채울게",20
353,Still (Feat. seoseo),홍지훈,"You used to say our love would last forever,
now you‘re gone
How can I love you?

I'm lost without your touch,
my heart in shattered pieces
I need your kisses

It's been two years, baby
I saw you with another man
Holding his hand
And saying that you love him

I know it's natural, baby
But it hurts me deep inside
Still love you, maybe
I'm in love

Gotta feel love don't play it off
I see your eyes just take it off
Gotta feel love, feel love, your love, your love,
we'll love, be mine

I will keep this on the down low
Wanna be yours don‘t let me go
Gotta feel love, feel love, feel love

Go back when we didn't know each other
I said that I promised love forever
Little did we know how far we'd go
first we met until now baby

Always said the end when we conflicted
I was cruel and you've always been so sweet
so we should stop and say goodbye

You're worth it
I know baby you're hurtin'
Everything you said is playing on my mind

I got it still miss you every night
I don't know how to fix alright

Gotta feel love don't play it off
I see your eyes just take it off
Gotta feel love, feel love, your love, your love,
we'll love, be mine

I will keep this on the down low
Wanna be yours don‘t let me go
Gotta feel love, feel love, feel love

Gotta feel love, feel love
Gotta feel love",15
354,Echoes of Us,age3m,"[가사 준비중] 멜론 회원 여러분! 가사 등록을 기다리고 있어요.
가사등록하기",0
355,Endless Nights,age3m,"[가사 준비중] 멜론 회원 여러분! 가사 등록을 기다리고 있어요.
가사등록하기",0
356,바래다주는 길 (feat. 차우 (Chawoo)),수우 (soowoo),"벌써 시간이 이렇게 됐나
너를 바래다주러 가는 길에
무슨 또 할 말이 이리도 많은지
한참을 길가에 서 있었네
집에 보내기 아쉬운 마음에
서로 손을 놓을 생각이 없네
가만히 웃고 있는 너를 보니
이런 가사가 떠오르네
I just wanna call you roses
I just wanna call you roses
아무리 봐도 넌 gorgeous
내겐 너무 아까운 것 같아
사랑한다고 내가 말했었던가
안 했다면 지금 말할게
너를 사랑해
서로 좋아하는 노랠 틀고
이어폰도 사이좋게 나눠 낀 상태로
우리는 한참을 더 걸어
시간이 가는 건 모른 채로
걷다 보니 또 집과 멀어져 있네
어쩔 수 없네 다시 데려다줄게
사실 이번이 다섯 번째인지는 알고 있는 건지
마냥 좋기만 해
I just wanna call you roses
I just wanna call you roses
아무리 봐도 넌 gorgeous
내겐 너무 아까운 것 같아
사랑한다고 내가 말했었던가
안 했다면 지금 말할게
너를 사랑해
u u i love you
u u i love you
u u i love you
아직 내가 말 안 했었나
사랑한다고 내가 말했었던가
안 했다면 지금 말할게
너를 사랑해",302
357,From. X,김시원,"익숙한 번호로
전화가 걸려오면
못 이기는 척 넌 받아주겠니
(여보세요?)
있지 난 도무지
널 잊지 못하겠어
목소리라도 듣고 파

네가 남겼던 문자를 다 펼쳐
보니 언제부터인가 넌 홀로
나는 대화가 아닌 전부 통보였어
너가 우선이 아니였던 것도
예민하다는 핑계로
널 이해하지 못하겠다며

내 모든 결핍이
너만을 향해서
따가운 말들을 쏟아내고
또 다른 못남이
네 탓으로 만들어서
회피하려만 했었던 거야

사랑이란 이름 앞에
그치지 않는 나의 장맛비
시간을 돌린다면 널 붙잡을 텐데
이별이란 이름 앞에
우린 너무도 다르네
이미 떠나버린 너의 마음처럼

익숙한 번호로
전화가 걸려오면
못 이기는 척 넌 받아주겠니
(여보세요?)
있지 난 도무지
널 잊지 못하겠어
목소리라도 듣고 파

정말이야
감정에 휩쓸려
하는 말 아니고
생각해봤는데
나를 사랑해준 사람은 너였지
마지막까지도
정신 못 차린 난
헤어지고 나서야
네 모든 게 그리워져 뒤늦게

얼마나 나빴고
상처를 줬는지
가늠조차 못 해 난 너에게
차라리 나를 더
망가지게 만들어줘
네가 흘렸던 눈물만큼은

사랑이란 이름 앞에
그치지 않는 나의 장맛비
시간을 돌린다면 널 붙잡을 텐데
이별이란 이름 앞에
우린 너무도 다르네
이미 떠나버린 너의 마음처럼

익숙한 번호로
전화가 걸려오면
못 이기는 척 넌 받아주겠니
(여보세요?)
있지 난 도무지
널 잊지 못하겠어
목소리라도 듣고 파",255
358,Say Yes,ZIWOO,"아무리 애를 써봐도
여전히 멀게만 느껴져
해볼 만큼 한 것 같고 난 너무 지쳤지
I couldn’t say yes
Oh I couldn’t say yes

Oh you 이런 내게 다가와
아무 말 없이, 내 편이 되어주고
Oh you 이렇게 날 바라보다
내 손 잡고 날 일으키며 내게 말을 건네

Life goes on, Rise up oh
It’s not too far away
그대와 나
Light glows on, We grow up
It’s time to fly away
이젠 알아, 너와 함께라면
지금 말할 수 있어
Oh, I can say yes, now I can say yes

길을 잃어버린 듯이
어둠의 끝에 서 있었지
복잡한 머릿속을 계속 헤매이던 날들
I couldn’t say yes
Oh I couldn’t say yes

Oh you 이런 내게 다가와
아무 말 없이, 내 편이 되어주고
Oh you 이렇게 날 바라보다
내 손 잡고 날 일으키며 내게 말을 건네

Life goes on, Rise up oh
It’s not too far away
그대와 나
Light glows on, We grow up
It’s time to fly away
이젠 알아, 너와 함께라면
지금 말할 수 있어
Oh, I can say yes, now I can say yes

Life goes on, Rise up oh
It’s not too far away
그대와 나
Light glows on, We grow up
It’s time to fly away
이젠 알아, 너와 함께라면
지금 말할 수 있어
Oh, I can say yes, now I can say yes
Oh, I can say yes, now I can say yes
Oh, I can say yes, now I can say yes",59
359,Paperbag Princess,Meiv,"불길에 타버린 my dress
용에게 붙잡힌 my prince
서둘러 출발해 널 구하러 용의 동굴로 I'm heading
흔적을 따라 다다른 문 앞에 선
찢어진 paperbag princess

I'm on my way to find you
I'm on my way to find you
I'm on my way to find you
I'm on my way to find you
I don't care my messy hair and dress
찢어진 paperbag princess
I'm on my way to find you
I'm on my way to find you
I'm on my way to find you
I'm on my way to find you

용에게 맞설 나의 무긴
지혜로운 전략과 용기
숨 한번 몰아쉬고 문을 열어 불러내 마주한 다음
""Is it real you can burn up ten forests, fly world ten sec?
Show me what you got, smarty"" 뽐내는 용 앞엔
찢어진 paperbag princess

I'm on my way to find you
I'm on my way to find you
I'm on my way to find you
I'm on my way to find you
찢어진 paperbag princess

마침내 잠든 용을 지나
구해내 멋진 나의 왕자
you say ""Come again, dressed like a princess""
빛나는 차림도 채울 수 없는 걸
구멍 가득 텅빈 너의 껍데긴
I don't need you and I'm so out of your league",1
360,Slowly but lonely,치키(CH!CKY),"아침이 되면
다시 반복되는 루틴
나쁘지는 않지
아프지도 않고 갈 직장도 있고
모든 게 아무렇지 않은 하루
그런 하루
근데 왜
자꾸 이유를 묻게 돼
내가 왜 살아가는지
나는 왜
자꾸 이유를 묻게 돼
바빠도 모자른 것 같에
i want it slowly
makes me lonely
바쁜 삶도 모잘라
instagram도 똑같아
i want it slowly
but makes me lonely
바쁜 삶도 모잘라
instagram도 똑같아
i want it slowly
but now i am scrolling down
down deep down
where i don't
ever know the end of it
so what am i lookin' for
it's like counting 1 2 3 4
what's deep down down the bottom
what's down down the bottom
it's more like
a jail night
fallin' to the moon light
i make some wishes
maybe warm kisses?
내가 바라는 건 무엇일까
세상이 바라는 건 무엇인가
너무 심오한 바다로 헤엄치나
이럴 때는 내가
(이런 내가 별로 이기도 해)
i want it slowly
but makes me lonely
바쁜 삶도 모잘라
instagram도 똑같아
i want it slowly
but makes me lonely
바쁜 삶도 모잘라
instagram도 똑같아",3
361,너와 듣던 노래 (Feat. ONSEEON),서준,"너와 듣던 노래가 흘러나와
예쁜 가사를 담은채 서로 눈을 맞추며
함께 하자 약속해

눈을뜨니 창 밖에는 까매
엉켜버린 이어폰을 꺼내
이맘 때쯤 너와 듣던 노래
들어볼까 싶어 밖에 나왔어

익숙해진 기억 이젠 너가 없이도
밥도 잘 먹고 하고픈거 하며 살아가는데
너 때문에 상처는 조금 많이 받아봤어도
널 사랑한걸 한번도 후회 한적은 없어서

다 괜찮다고 말하더라 좀
사랑을 가르쳐준 네가
부디 이별은 가르쳐 주지 않길 바랬는데

너와 듣던 노래가 흘러나와
예쁜 가사를 담은채 서로 눈을 맞추며
함께 하자 약속해

너와 듣던 노래가 끝나가도
반복재생 해 줬음 해
속는셈 치고서
한번만 재생 해줄래

나 아직도 그 노래
지금도 프로필 속에 있어
혹시 너가 볼까 봐
한 번 눌러서 들을 수도 있잖아

시간이 지나면
다들 잊을 거라고 말해
우린 아니던데
아니 나만 아닌 거겠지

첫번째 주고 받던 편지
두번째 서로 끼워준 반지
세번째 같이 찍은 사진
네번째 다섯번째도 다

남겨 놨어 나 말고 이 노래를 탓 해
이제 나 이런말 밖에 나오질 않아 어떡해
다 괜찮았어 하나 빼고
사랑을 가르쳐준 넌

써먹을 곳 없는 이별 같은 건 왜 알려준 거야

너와 듣던 노래가 흘러나와
예쁜 가사를 담은채 서로 눈을 맞추며
함께 하자 약속해

너와 듣던 노래가 끝나가도
반복재생 해 줬음 해
속는셈 치고서
한번만 재생 해줄래

너와 듣던 노래가 흘러나와
예쁜 가사를 담은채 서로 눈을 맞추며
함께 하자 약속해

너와 듣던 노래가 끝나가도
반복재생 해 줬음 해
속는셈 치고서
한번만 재생 해줄래",102
362,페르소나 (feat.Low),Komilow,"Where is the real you?
Where is the real you?
 

하루하루 변해가
New faces, new names.
누굴 위해 넌 가면을 써?
진짜 넌 어디에 있어?
 

You twist, you turn, 또 변해가
Another version of you, 그게 진짜일까?
But deep down, is there something real?
Tell me, 나에게 보여줘 Show me
 

I want to know who you really are,
I want to know who you really are,
가면 속에 숨겨진 너, 뭐가 숨겨져 있어?
Whisper secrets to the moonlight,


Where is the real you?
Where is the real you?


You twist, you turn, 또 변해가
Another version of you, 그게 진짜일까?
But deep down, is there something real?
Tell me, 나에게 보여줘 Show me


I want to know who you really are,
I want to know who you really are,
가면 속에 숨겨진 너, 뭐가 숨겨져 있어?
Whisper secrets to the moonlight,


깊어지는 밤, 아직도 난 방황중
New faces, new names.
매일매일 다른 너
누굴 위해 넌 가면을 써?
진짜 넌 어디에 있어?


I want to know who you really are,
I want to know who you really are,
가면 속에 숨겨진 너, 뭐가 숨겨져 있어?
Whisper secrets to the moonlight,


Where is the real you?
Where is the real you?",1
363,Formula,사울,"Mama, I'm fine
몇 일 굶는 게 뭐 어때
Such a good time
방금 만든 Track so damn shine
Ain't lie
Keeping struggle everyday
허나 그 땐
Maybe put on a smile
(Can I get that smile)

It could be so simple
to fine my way
Let'em notice my signal
with the melody
Baby, I can be the symbol
No sympathy
That's all I say
(Baby shout it out)

S (s)
A (a)
U (u)
L (l)
Baby, Say my name
Baby, Say my name

S (s)
A (a)
U (u)
L (l)
Baby, Say my name
Baby
Baby Say my name

That's a Formula
To be popular
Lookin' for manager
Hold me closer

Woo! Now I see
I ain't holding back again
No-nowhere to hide
Baby side-by-side
Don't intrude my space
I'm tryna get a steady pace
'Til you know my name
Baby, face-to-face

It could be so simple
to fine my way
Let'em notice my signal
with the melody
Baby, I can be the symbol
No sympathy
That's all I say
(Baby shout it out)

S (s)
A (a)
U (u)
L (l)
Baby, Say my name
Baby, Say my name

S (s)
A (a)
U (u)
L (l)
Baby, Say my name
Baby
Baby Say my name

That's a Formula
To be popular
Lookin' for manager
Hold me closer

(S (s))
(A (a))
(U (u))
(L (l))",0
364,smilie,naso(나소),"작은 방 조명 하나 붉게 켜놓고
냉정하게 나를 바라 본 거울 속에선
다른 이를 위해서 웃었던 내가
미소 없이 빤히 바라보네

너는 항상 밝은 사람이야
너는 꼭 계속해 그래야만 해
수많은 말들 속 가둬져있는 나는
내가 맞는 걸까

수많은 사람 그리고 나
I fool myself again, smilie
나는 너를 믿어 마음의 소리들로
이제는 널 꺼내줄게 free your mind

나는 또 바보 같이 혼자서
내 감정을 숨겨 강한 척
멈춰버린 날 도와줘

그냥 넘기는 것 같아
단지 가끔은 지칠 뿐야
안에 있는 날 꺼내 지금

너는 항상 밝은 사람이야
너는 꼭 계속해 그래야만 해
수많은 얘기 속 나에게 다가온 건
마음을 감춘 나

거짓된 웃음에 지칠때는 벗어나야 해
내 삶이 만들어낸 테두리를
가끔은 너의 있는 그대로를 보여봐
너를 믿는 사람들이 있잖아

수많은 사람 그리고 나
I fool myself again, smilie
나는 너를 믿어 마음의 소리들로
이제는 널 꺼내줄게 free your mind",4
365,VANISH,OSWALD,"Baby girl,
침대 위 손은 떼 (내게 더 가까이해)
베길 걸 알면서도 난 play (너 그런 말 따위에)
You're the one that I desired (everyday, so)
그런 표정 하지 마 (cuz, 내일도)
먼저 가 있을게

아쉬움이 됐니?
거리낌 없어 보이네
불안하지 난 매일이
Cuz, 내가 사랑했던 건
네가 아닌 내 옆에 있던 걜 테니
너도 마찬가지 네 옆에 걜 테니

(어떡해)
멍들겠네, 그 작은 무릎에
잘 가려, baby
일단 뒤로 돌아 하던 건
끝내고
우리 내일 또 봐!
흔한 drink 없이도 밤에 높아 (높아, god damn!)
우리 집에서 봐,
나 수업 끝나고
먼저 가 있을게

Baby girl,
침대 위 손은 떼 (내게 더 가까이해)
베길 걸 알면서도 난 play (너 그런 말 따위에)
You're the one that I desired (everyday, so)
그런 표정 하지 마 (cuz, 내일도)
먼저 가 있을게

잃어가네, 잃어!
잃어가네, 잃어!
잃어가네, 잃어!
먼저 가?

No no, baby girl,
Just let me say
넌 두렵지도 않은 거니 (yeah, yeah)
우리 내일 또 봐!
흔한 drink 없이도 밤에 높아 (높아, god damn!)
우리 집에서 봐,
먼저 가 있을게

Baby girl,
침대 위 손은 떼 (내게 더 가까이해)
베길 걸 알면서도 난 play (너 그런 말 따위에)
You're the one that I desired (everyday, so)
그런 표정 하지 마 (cuz, 내일도)
먼저 가 있을게",29
366,피터팬,외동아들 김승기,"(피터팬) 졸업앨범엔 내가 아닌 듯한 하얀 요괴
어떻게 해도 되돌아갈 수 없는 상상을 또 해
아무래도 그 때였나 옆 아파트의 놀이터에서
하얗게 청바지에 묻혀가지고 왔었던 모래를

다 털지를 못했어 다 정신 차리래
원래 어른은 그렇데 (시간은 거스를 수 없데)
그러면 여기있는 내 머릿속에 있는 얘가
내가 아니라면 도대체 누구냐고

비록
입 주위는 거뭇
날개 사이 주름이
가득 가득해도 여전히

No worry Peter Pan (You’ll never age)
No worry Tinker Bell (You’ll never wake)
No worry in Neverland (No rules to break)
Don’t even try to turn this page

No worry Peter Pan (You’ll never age)
No worry Tinker Bell (You’ll never wake)
No worry in Neverland (No clocks to tick tock)
I ain’t ready for being a man

(기억의) 잔상이 아른해
눈을 깜빡여도 안사라지대
돌아갈 수 없다는 걸 아는데
오늘 나는 내 나이를 다시 설정해

비록
입 주위는 거뭇
날개 사이 주름이
가득 가득해도 여전히

No worry Peter Pan (You’ll never age)
No worry Tinker Bell (You’ll never wake)
No worry in Neverland (No rules to break)
Don’t even try to turn this page

No worry Peter Pan (You’ll never age)
No worry Tinker Bell (You’ll never wake)
No worry in Neverland (No clocks to tick tock)
I ain’t ready for being a man",98
367,"나,너,우리",이동건,"[가사 준비중] 멜론 회원 여러분! 가사 등록을 기다리고 있어요.
가사등록하기",2
368,한사람(2024),지환 (2BIC),"이대로 끝나버릴 것만 같아서
그대가 숨어버릴 것만 같아서
자꾸만 보네요
그대만 보네요
멍한 바보처럼

이렇게 커져가는 마음이
난 두려워
오늘도 모른 척
그댈 지나치려 해도
눈물이 흘러서
내 심장이 터질 것 같아서
이젠 그대 얼굴 그대 이름
온종일 그리는데

사랑해요 그대
그 아픔까지 함께할게요
힘든 이 세상에
날 웃게 해준 한 사람

혹시나 그대
내게 오는 길 어렵다면
그냥 서 있어요
내가 그대에게 갈 테니

이렇게 커져가는 마음이
난 두려워
오늘도 모른 척
그댈 지나치려 해도
눈물이 흘러서
내 심장이 터질 것 같아서
이젠 그대 얼굴 그대 이름
온종일 그리는데

사랑해요 그대
그 아픔까지 함께할게요
힘든 이 세상에 날
웃게 해준 한 사람

혹시나 그대
내게 오는 길 어렵다면
그냥 서 있어요
내가 그대에게

아파도 웃음이 나요
그대만 생각하면
견딜 수 있죠
버틸 수 있죠
나는

사랑해요 그대
그 아픔까지 함께할게요
힘든 이 세상에 날
웃게 해준 한 사람

혹시나 그대
내게 오는 길 어렵다면
그냥 서 있어요
내가 그대에게 갈 테니",667
369,What Would You Do,원호 (WONHO),"You’re the living death of me
The darkest corner of a dream
I’m in peace with both my eyes closed
And I’m in pieces when the lights go down
Your shadow standing next to me
The ghost of what you used to be
You strip me down to skin & bones
Then took my heart & made it stone

I eat, live, sleep, think, breathe you
At least I used to

What would you do
If you were me & I was you
If I just if I just put your heart in your stomach
Then tore you apart like it’s nothing
What would you say
If I treated you this way
If I just if I just
Ruined your life in a second
Hurt me like you you you you you did
What would you do

So tired of all these politics
So pretty when you talk your shit
We pushed too hard, the circuit broke
Cause you love me then you hate me so

I eat, live, sleep, think, breathe you
Then you broke my heart in two
After all you’ve put me through
We’ve still got no clue

What would you do
If you were me & I was you
If I just if I just put your heart in your stomach
Then tore you apart like it’s nothing
What would you say
If I treated you this way
If I just if I just
Ruined your life in a second
Hurt me like you you you you you did
What would you do

Oh what would you do
Oh what would you do
Oh what would you do
Oh what would you do

Oh what would you do
Oh what would you do
Oh what would you do
Oh what would you do",340
370,If U..,JUE(주애),"(So let me know if I can come to you.
Tell me if you want me, too.)

모르겠니 어떤 표정을 지어야 할지
머릿속으로 상상만 하잖아
하는 수 없이 너의 맘을 간지럽힐게
네가 알던 운명은 지겨울 테니

셋을 세었다면 말해줘 미니 마니 모
이곳저곳 어디서나 내가 버릇처럼 눈앞에 아른거리면
그게 신호가 아니면 뭐냐고
babe babe babe
선을 넘으면 넌 아마 웃음을 터뜨릴 거야

이건 있을 수 없는 빅 이슈인걸
두 번 다시 오지 않을 감이와 내게

내 손을 꽉 잡아도 돼
끌어당겨 너의 품에
안길 수 있게 해줄래
바로 지금 yeah (바로 지금 yeah)

And I
Wonder if you and i are really on the same page

If U If U want that
I will do as you want
If I If I do that
Tell me you are really mine

Your side side side..
You're mine mine mine..
If U If U want that, do that Oh

이건 있을 수 없는 빅 이슈인걸
두 번 다시 오지 않을 감이와 내게

내 손을 꽉 잡아도 돼
끌어당겨 너의 품에
안길 수 있게 해줄래
바로 지금 Yeah (바로 지금 네 곁에)

Oh Wah Oh Wah Oh Wah Oh Wah 잡아줄래
Oh Wah Oh Wah Oh Wah Oh 날 안아
Oh Wah Oh Wah Oh Wah Oh Wah 잡아줄래
Oh Wah Oh Wah Oh Wah Oh 날 안아줘",68
371,LaSalle Ave,제이창,"201. North Jersey. I love it!

Open arms and friendly faces
(friendly faces)
There’s always someone, something to bring me down (Bring me down)

But I can’t place the blame on no one,
Cuz I know that the grass looks greener on the sun
(On the sun)

(Slow it down)
Endless days that I spent just searching
(Slow it down)
So baby I know that feeling too well
(Slow it down)
One man’s heaven is another man’s hell
Small town living is another way out
So tell me darling

Can you remember that feeling?
The feeling keeping us from growing too old?
I can’t keep myself from getting much higher
So baby let’s go back now to LaSalle Ave

It’s why I’m easy
I’m easy like Sunday morning
It’s why I’m easy
So baby, let’s go back now to LaSalle Ave

Destiny, in all its glory
It has its own plan for me (That’s right)
I can’t believe, no, that the majority doesn’t see
But maybe it’s where I’m supposed to be

(Slow it down)
Endless days that I spent just searching
(Slow it down)
So baby I know that feeling too well
(Slow it down)
One man’s heaven is another man’s hell
Small town living is another way out
So tell me darling

Can you remember that feeling?
(The feeling baby)
The feeling keeping us from growing too old?
(Keeping us from growing old)
I can’t keep myself from getting much higher
(Higher, baby)
So baby let’s go back now to LaSalle Ave
(Let’s go back, let’s go back)

It’s why I’m easy
I’m easy like Sunday morning
It’s why I’m easy
So baby, let’s go back now to LaSalle Ave",84
372,Close (feat. Vann),Wuno,"잠깐 두 눈을 감아

And feel it

숨을 멈추게 해 woo Girl

Hold up, 가까워

호흡이 닿는 거리 Focus on, baby

My muse, you

고양이같이, Baby

Don't move, uh meow meow

Girl, your body be like (uh) universe, 몰라 아무도

Kill me lovely baby 이 밤 Let me teach you baby

I don't care 내일은 신경 꺼 Baby

같이 이 노랠 부를래

밤이 끝나지 않게

숨을 참고 Close your eyes (tightly), Let me show you how

Something feels off (cause) you

내 맘을 가지고서 네 마음대로 해

Really loving you, love you

밤을 적셔가

Close your eyes (tightly), Let me show you how

Somthing feels off (cause) you

내 맘을 가지고서 네 마음대로 해

Really loving you, love you

맘을 뺏어가

시간을 묻지는 말아 줘

여기 남아서 아침을 맞아 줘

다시 오지 않을 밤을 안겨 줘

기나긴 밤 너와 함께해

숨을참고 Close your eyes (tightly), Let me show you how

Somthing feels off (cause) you

내 맘을 가지고서 네 마음대로 해

Really loving you, love you

밤을 적셔가

Close your eyes (tightly), Let me show you how

Somthing feels off (cause) you

내 맘을 가지고서 네 마음대로 해

Really loving you, love you

Close your eyes 춤을 춰 이 밤

해가 우리를 찾기 전에

woo woo woo

woo woo woo

woo woo woo

woo woo woo

Umm",43
373,Glitter (feat. Sunday Off (썬데이오프)),Jemin,"Anyway, you've been dropping
I told you that no one even got a careful sight
You can come to me whenever think of fear
No, won't be more troubles

And the light's
gonna follow you
in your deep, shaded heart
Glowing bright
I will shine on you

Where do we go
Where are we falling
Tears from the stars
Tell us we're meant to be something
Where do we go
Where are we falling
Tears from the stars
Oh surely we're meant to be something

If you're ever stuck in bottom
You can count on me and I'll hold you tight
You can come to me whenever think of fear
No, won't be more troubles

And the light's
gonna follow you
in your deep, shaded heart
Shimmering bright
I will shine for you

Where do we go
Where are we falling
Tears from the stars
Tell us we're meant to be something
Where do we go
Where are we falling
Tears from the stars
Oh surely we're meant to be something",12
374,Lovely,Brick (브릭),"여기 공기는 너무 어색해
나 혼자 이렇게 들뜨면 어떡해
아무리 봐도 말도 안 되는 걸
그런 미소는 정말 It's unfair
설레는 맘을 감출 수 없는 걸 나 더러 어떻게 해
널 보면 저절로 웃음이 나네 멋쩍게
한 번도 이런 적 없었는데 널 보면 왜 이러는 건지
I will try 뭐든 다
찾아 해주고 싶어 난
참아봐도 내 맘을 어쩌겠어
so lovely, so lovely
I wanna see you all the time
수백 번도 더 말할게
I'll be by your side
누가 뭐래도 난 그래
너를 보면 계속 웃음나
oh oh 넌 lovely lovely so lovely
uh 주책이야 내 맘이
uh 빛나는 이 밤이
너와 함께라는 게
편안하니까
난 너만 생각해
그러니 평생 같이 있어 줘
여태까진 practice
우리 이대로 변함없이
스며들어 같이 good morning
네가 내 맘을 알까
넌 말해도 몰라
사실 나도 주체가 안 돼서
너를 향한 마음 그게 너무나도 커
터지기 직전에 그때야 아는 걸
your so lovely lovely so lovely
so lovely, so lovely
I wanna see you all the time
수백 번도 더 말할게
I'll be by your side
누가 뭐래도 난 그래
너를 보면 계속 웃음나
oh oh 넌 lovely lovely so lovely
so lovely, so lovely
I wanna see you all the time
수백 번도 더 말할게
I'll be by your side
누가 뭐래도 난 그래
너를 보면 계속 웃음나
oh oh 넌 lovely lovely so lovely",111
375,Checkmate,유연,"시작해볼까 이 게임
넌 어느 틈에 내가 만든 케이지 속에
겁먹진 마
나도 전불 배팅해
Yeah

全部知ってるくせに、僕も本当に悪いな
君の心を持って遊んでる
不安に思うというよりは
こうした方が心が楽なので

めらめらと燃え上がった五色の薪の火が
灰になる時を待っている
しとしとと降る雨よどうか 空しい私を止めてくれ

一つ一つゆっくりキングに近づいて
すくすく育ててきた心を崩すよ、見て
きらきら輝く星よ 願いを聞いてくれ
わくわく君の心臓が爆発する前に, CHECKMATE

穴のあいた毒は満たされる気配がない
どうしてまだ喉が渇くの
全部台無しにしてもあなたさえよければ
私に来る歩みを止めないで

めらめらと燃え上がった五色の薪の火が
灰になる時を待っている
しとしとと降る雨よどうか 空しい私を止めてくれ

一つ一つゆっくりキングに近づいて
すくすく育ててきた心を崩すよ、見て
きらきら輝く星よ 願いを聞いてくれ
わくわく君の心臓が爆発する前に, CHECKMATE",45
376,언젠가 널(Feat. Gist),Hollow Young,"언젠가 널 마주치진 않을까 생각했었는데
생각보다 빨리 찾아와 추억만 건드려놓고선 떠나

마지막 나쁜 기억들로만 널 대할 줄 알았는데
미안함만이 남게 됐던 나를 넌 또 다시 사랑할까

죽도록 미웠던 네가 시간이 지나고 나니
아마 이기적이었던 건 나였나봐

우리가 했었던 그 모든 말
하나 하나 전부 다 기억하는

널 뒤로 한 채, 다시 떠나보내
아직도 못 다한 이야기가 있는데

정말 고마웠다고, 네가 어디에 있더라도
우리 좋았던 추억만 갖고 잘 살아달라고

언젠가 널 마주치진 않을까 생각했었는데
생각보다 빨리 찾아와 추억만 건드려놓고선 떠나

마지막 나쁜 기억들로만 널 대할 줄 알았는데
미안함만이 남게 됐던 나를 넌 또 다시 사랑할까

홧김에 뱉었던 그 말이
마지막이 될 줄은 정말 몰랐지

나에 대해 모른다며
너가 뭘 아냐며
정작 널 모르는건 나였는데

말이란 건 참 무서워
주워 담을 수 없어서
널 잡을 수도 없었어
미안해같은 소리나 하고 앉아있어

넌 끝까지 날 잡았는데

정말 미안했다고
멀리 떨어져있더라도
우리 좋았던 기억만 갖고
잘 살아달라고

다시는 안 볼 것 처럼 모진 말들을
너에게 전부 왈칵 쏟아내놓고

보고싶었다는 그 말이
턱끝까지 차올라

예전처럼 바보같은 모습만 또 너에게

언젠가 널 마주치진 않을까 생각했었는데
생각보다 빨리 찾아와 추억만 건드려놓고선 떠나

마지막 나쁜 기억들로만 널 대할 줄 알았는데
미안함만이 남게 됐던 나를 넌 또 다시 사랑할까",407
377,Stay (Remastered),HEX,"헤어지자는 말도 없이 그 사람을 떠났습니다. 전화를 받기도 싫었죠.
얘기하다 보면 마음이 다시 약해질 것 같아서요.
그 동안 힘들었던 이유를 이제야 알 것 같아요. 내가 너무 많이 사랑하니까……

아프던 그대 맘은 내게 없었죠. 나 오직 내 생각에 살았죠
너무 그리워 또다시 전화했지만, 끊는 그대 맘 더 아프게만 하네요

Stay for me. Remain the same.
꿈속에 살아 가고 있는 너를 어떻게 잊으라 하는지-.
Stay for me. Remain the same.
떠나간 후에 알았어. 나를 위해 너를 사랑했던걸-.

마음이 여린 그댄 나의 걱정에 혹시나 후회 할 순 없나요.
그저 돌아오기만을 원해서 Just one more time 나도 몰래 몹쓸 생각 했네요.

어제처럼 눈을 뜨면 그대 내 곁에 밝은 미소로 날 안을 수 없는지.
Baby pls look at me. Never let u go away. 마지막까지 널 이해 못한 나 워--.

그대 맘 미처 몰랐던 나란걸 뉘우칠 때 용서해줄 그댄 이제 없네요.",0
378,Baby be mine,소울플라이트,"기다려줘 내 맘을
말해줄게 처음처럼
자연스레 내게 다가와서
그 품을 내주던 오늘 하루처럼

늘 느껴왔던 거야
홀로 엎드려 쏟아내던
여린 날들의 내 한숨에도, 후회까지도
넌 안아주었지, 감싸주었지

봄날, 겨울이 잊혀지듯 넌...
I'm in love, (I'm) nothing without you, girl
Baby, be mine? I'll be there by your side, forever.
아마도 나는, 너를 사랑해온 거야
널 알기전에, 만나기전부터.

늘 곁에 있을거야.
언제라도 돌아보면
우리서로
바라볼 수 있게, 마주할 수 있게
있어줄거야, 웃어줄거야

봄날, 사랑이 머무는 날...
I'm in love, (I'm) nothing without you, girl
baby, be mine? I'll be there by your side, forever.
아마도 나는, 너를 사랑해온 거야
널 알기전에, 만나기전부터...

I'm in love, (I'm) nothing without you, girl
Baby, be mine? I'll be there by your side, forever.
아마도 나는, 너를 사랑해온 거야
so in love you, will you be mine?
I've loved you before I met you, g",9
379,Lucky Love,양진영,"I want your love
Give me your love
I’m falling love
You can take it all
너의 눈을 본 순간
I’m falling lucky love
I’m falling lucky love


baby
난 너를 원해
I show you everything
모든것을 다 줄게
알지 내맘
난 너만을 원해
I know you know
You something special

I got your falling lucky love
I got your falling lucky love
I got your falling lucky love
I got your falling lucky love

내맘에 너가 들어온 순간
잊어버릴수 없는 느낌
그때의 향기

나를 끌어당기고 놓아주지않았지
너란 향기를 내맘에 흩뿌려버렸지

내 모든걸 다줄게
I'll give you everything
너의 취향에 맞춰 옷도 갖춰입을게
행운이야 너가 나의 앞에 선 순간
모든 시간은 멈춰버렸지
알지 내맘 나는 너만을 원해
너가 원하는 색깔의 맞춰 살아가볼게
너가 내옆에 있는 상상을해
나의 향기로 널 물들일준비를 할게

I got your falling lucky love
I got your falling lucky love
I got your falling lucky love
I got your falling lucky love
I got your falling lucky love
I got your falling lucky love
I got your falling lucky love",0
380,Are We,Alter,"새하얀 밤은
매일이
눈을 감아야만
보이는 흑

널 안았던 순간
여름은
시간은 기필코
잉태되어

We’re standing near the end without noticing
어느새 어둠이 드리우는
밤이 찾아오고 말아
Tell me you’re as scared as I am

I don’t wanna waste the rest of our time
What am I supposed to do?
Just lean on your shoulder
적막한 공기만

So where are we?
Are we still lovers?
부서지는 공간
Oh, how can I deny it

So where are we?
Are we still lovers?
부서지는 공간
Oh, how can I deny it

We’re standing near the end without noticing
어느새 어둠이 드리우는
밤이 찾아오고 말아
Tell me you’re as scared as I am

I don’t wanna waste the rest of our time
What am I supposed to do?
Just lean on your shoulder
적막한 공기만

So where are we?
Are we still lovers?
부서지는 공간
Oh, how can I deny it

So where are we?
Are we still lovers?
부서지는 공간
Oh, how can I deny it",10
381,거기노을 (Feat. 류현희),현우박,"별이 내리기 전 너랑 나 보러갈거야
노을이 붉게 번지는 그래 거기
달빛 루프탑 나무데크 따라 올라가
별들이 내려앉기 전 바로 거기

숨 가쁘게 뛸 너랑 나
노을 보다 먼저 닿으면 돼

너와 함께 보러 갈거야
너를 닮은 진양호수가
너와 함께 보러 갈거야
너를 닮은 붉은 호수가

별이 내리기 전 너랑 나 보러갈거야
노을이 붉게 번지는 그래 거기

숨 가쁘게 뛸 너랑 나
노을 보다 먼저 닿으면 돼

너와 함께 보러 갈거야
너를 닮은 진양호수가
너와 함께 보러 갈거야
내맘 닮은 붉은 호수가

별이 내리기 전 너랑 나 보러갈거야
노을이 붉게 번지는 그래 거기",0
382,TT,이다현,"on Monday when we started
pick your color and matching
on Tuesday ready to founding
my love who is the best one

wearing with perfume like flower
cheating on you like a buster
damage to heart more than faster
come with me attention

beside out of my mind
your sign to be compare
but little cutie kitty
barely able to stand like a high high

we gonna talk together TT
who gonna losing control CC
what am i look talk to me wonder
fairy turn up to space with the light light

always i’m thinking trigger TT
who see the comet crater CC
party time still not over
duly take a charge of hero right right

on my Wednesday drive time listen to the radio
don’t we go ride with the nightfall
tell me your life up and down side

beside out of my mind
your sign to be compare
but little cutie kitty
barely able to stand like a high high

we gonna talk together TT
who gonna losing control CC
what am i look talk to me wonder
fairy turn up to space with the light light

always i’m thinking trigger TT
who see the comet crater CC
party time still not over
duly take a charge of hero right right

Isn’t it compromise warely small than a wiser
Everyday all day all time cut in me always your mind

Tell me amble when you lose me
That’s illegal ain’t you happy
How we do answer now
There is obviously to how yeah

we gonna talk together TT
who gonna losing control CC
what am i look talk to me wonder
fairy turn up to space with the light light

always i’m thinking trigger TT
who see the comet crater CC
party time still not over
duly take a charge of hero right right",7
383,King of R&B,Red West,"The Perfect timing
Past life rewinding
밤하늘까지
The perfect timing
King of R&B
Don’t try to f**k with me

내 시간이 다할 때까지 (Yeah)
Hop it up on my fast car riding (Woah)
Pull up and the skrt b***h we mobbing (Oh)
Let's spin the block 보니하니
Shawty don't know I'm balling (I'm balling)
Trap Seoul 내 시간이 왔지 (시간이 왔지)
열등감들이 날 키웠지 (Woah)
I don’t care I gotta keep moving (Yeah)

래퍼** 날 underrated (Underrated)
Just picked the time to prove 보여줄 시간 왔지 (시간 왔지)
Can’t give it up 너가 떠난 뒤 공허했지 (공허했지)
진짜로 죽고 싶었어
헛되게 할 수는 없어
시간이 멈춘 듯 slow mo

Hop on the fast wave I gotta go whip it skrt
Hunnid thousands on me 내 품에 다 안을래
팔로워 수로 내 가치를 평가해
내 노력도 못 보는 놈 입 다물게

The Perfect timing
Past life rewinding
밤하늘까지
The perfect timing
King of R&B
Don’t try to f**k with me

자신감도 없이
여태 음악했지 그땐 거기까지 (Yeah)
이제 더욱 멀리
내 가치를 올리지
New version of me (Oh)

Blue scars on my heart (Yeah)
Beat it up now I’m out the mud (Yeah)
지하방에서 약속했네
63 I’m the come up (Yeah)

Hop it on the booth
Yeah I feel amazing
포기할 수가 없네
태민아 보여줄게

You know God gave it me one more chance
형처럼 다 이겨낼게
조금 더 지켜봐줄래?

The Perfect timing
Past life rewinding
밤하늘까지
The perfect timing
King of R&B
Don’t try to f**k with me

Woah Woah Woah
Woah Woah Woah

(여기까지 썼어요)",2
384,first,mood!,"우리 처음 그 날이 아직 생각나
꾸며놓았던 모습이 쉽게 무너진 날
예정없이 내린 비를 피해서
젖어버린 머릴 (젖은머릴)
서로 말려주던 때
많이 떨리던 순간

차가웠던 공기
따뜻한 온기
얼어붙었던 마음이
전부 녹아내렸지

You’re the only one that makes me feel like this
I don’t need no fame no money all that shit babe
If I can have you by my side I need you to stay
You’re all I ever think about in my head

지나온 사람들속에
널 찾으려고 멀리 온듯 해
세상이 우릴 삼키려 할 때
내가 옆에 있을게

놓지 않을게 잡은 손은 everyday
모든 순간을 담고싶어 눈 속에
이 공간속에 우리 둘뿐인듯해
Baby let me say

you’re the only one that makes me feel like this yeah
I don’t need no fame no money all that shit babe
If I can have you by my side I need you to stay
You’re all I ever think about in my head",1
385,For My Good,AFTR,"[가사 준비중] 멜론 회원 여러분! 가사 등록을 기다리고 있어요.
가사등록하기",2
386,Lullaby,정일훈,"All these riches love me
yeah I feel like Sosa
Now my heart so cold it feels like Minnesota
나도 돌아가고 싶지 않아
아파야만 했던 날
Cuz I hate to say goodbye
no more but I need lullaby
I don’t need no fake love
I just want some loyalty
너무 지겨워 하루종일
거울 속의 나와의 눈싸움이
And also few years later
love is gonna hunt you down
communication what do you say?
Whole my life I’m tired of chase
I can’t take no more
Sometimes my life get sadness
I can’t take no more
출렁이는 도시에
일렁이는 불빛에 higher
베개 속에 솜이 아닌 꿈을 채워 놓은
다음 기도해 잠에 들기를
Nowhere to stay 난 달아날래
야반도주를 감행
멀리 왔네 모두에게서
뒷모습만 보일 때
불러 줄래 오늘 밤에
내 귀를 열어 줄게
Bad luck 웃어 줄래
모든 건 내가 낼게
So I
All these riches love me
yeah I feel like Sosa
Now my heart so cold it feels like Minnesota
나도 돌아가고 싶지 않아
아파야만 했던 날
Cuz I hate to say goodbye
no more but I need lullaby
I don’t need no fake love
I just want some loyalty
너무 지겨워 하루종일
거울 속의 나와의 눈싸움이
And also few years later
love is gonna hunt you down
communication what do you say?
Whole my life I’m tired of chase","2,181"
387,FETISH (feat. Jimmy Brown),OoOo (오넷),"너와 눈을 감으면 난 멈출 수 없어
내게 몸을 맡기면 넌 (Babe)

입술이 맞닿을 땐
Honestly i got turned on babe
너의 손이 닿을 땐
I just wanna do ya , stay for here
너가 원한다면 뭐든 해 줄게
이건 너를 위한 private show 어때?
I’m never gonna do no lie
Turn off the light

너와 눈을 감으면 난 멈출 수 없어
내게 몸을 맡기면 넌
I'm never gonna let you calm down
you gonna say (Calm down)
Boy you must be 더 원하지
네 fetish, I can attain like this
Yeah pull me like that
Boy you say ‘Turn around babe'
Baby come closer

I don’t blame on booze, time to get loose
입술이 맞닿으면 see it’s all good
손이 닿아 tell me this don’t mean nothing
Ain’t no make believe
Baby don’t change, don’t change
You’ve been out of pocket
너가 좀 궁금했어 많이
눈이 마주하면 느껴 너의 Fetish
너의 허릴 가득 감아 Now it’s private

상상이 방에 가득
Love the way you move
Ooh she wilding
너와 눈을 감으면
You gotta show it
Gotta say it please

너와 눈을 감으면 난 멈출 수 없어
내게 몸을 맡기면 넌
I'm never gonna let you calm down
you gonna say (Calm down)
Boy you must be 더 원하지
네 fetish, I can attain like this
Yeah pull me like that
Boy you say ‘Turn around babe'
Baby come closer",240
388,춤,BRWN,"“행복” 이 단어는
어떤 의미로 내게서
머물러 있을까?
나지막하게 되물어 봤어.

초라했던 기쁨들
쌓여가면서 나의
불안과 슬픔들이
메아리처럼 희미해져가네

영원할 긴 춤을 춰
붙잡았던 것들에 미소지며
어느날 다른 그림자
낮설지 않아서 잠시

지친 듯 엉켜있던 실.
넓어지는 그늘을 보기.
정면으로 마주하는 태양.
감은 눈 붉어지는 어둠.

초라했던 기쁨들
쌓여가면서 나의
불안과 슬픔들이
메아리처럼 희미해져가네

영원할 긴 춤을 춰
붙잡았던 것들에 미소지며
어느날 다른 그림자
낮설지 않아서 잠시

영원할 춤을 춰
영원할 춤을 춰
영원할 춤을 춰
영원할 춤을 춰",21
389,Cloud,키스누,"I've been trying to love you
But I barely know
How could I see the real you
When I don’t have one anyhow

Acting all nice but you're filthy inside
I can see right through your lies
You're comically insensitive
Said you'd even die with me
I’m not even asking for much

If this is love
Swear on your soul and save me from the misery
I need a proof of your love
Spend all your fortune in the grandest currency

I want to be loved at sanity's cost
But you’re not enough
I want to be loved so hate what you’ve become
‘Cause you’re not enough

You're violently incapable
Excuses almost laughable
Don't tell your friends about us

If this is love
Swear on your soul and save me from the misery
I need a proof of your love
Spend all your fortune in the grandest currency

If this is love
Show me the worth of you ‘cause surely I don’t see it
I need a proof of your love
Tell me that everything is going to be okay

While I cut myself dry and vanity hides
But you’re not enough
I’ll try and be polite I want to stay nice
Cause you’re not enough",56
390,Love you forever (Feat. by me),entoy,"I lost control
Final love has come to me
To my world
I can’t believe
I met the person I dreamt of
This is the love stage for us

When I look at your eyes
I won’t hold it anymore
I will never let you down

Love you forever
This can never fade
Feel the shake inside my heart
It’s beating clearly just for you
Love you forever
Trust is mine to give
I will always stay the same
Will you watch me keep my stance

I’m at the starting phase right now
I can make this never stop
Here is where I wanna be with you
You are just the perfect one to love
We just traveled through the moon
All it matters is you and me

When I look at your eyes
I won’t hold it anymore
I will never let you down

Love you forever
This can never fade
Feel the shake inside my heart
It’s beating clearly just for you
Love you forever
Trust is mine to give
I will always stay the same
Will you watch me keep my stance

Ooh starry sky, dancing trees, singing birds
Everything’s inside in your eyes, I mean it
Ooh so intense, when you’re beside
But I can stand it
Because this is our love
Let me hold you

Love you forever
This can never fade
Feel the shake inside my heart
It’s beating clearly just for you
Love you forever
Trust is mine to give
I will always stay the same
Will you watch me keep my stance",166
391,Gambler(화란아 나도 순정이 있다),이지 (Eazy),"Welcome to my home
hell, you’ve reached alone, do you find this hell alright
came down all this way, throwing dice around
Warning sign that you’ve been told

Cut the sweet talk, I dont wanna hear more
No you cant buy me out, i wont take that
Leave me your heart and I take that
When it dries out I’ll leave it and throw it out

Baby come here right now, baby, it's alright now
Baby open up the, name that you boxed up until now
Baby look here right now, baby face me right now
Baby you can let the breath that you've been holding on now

Holding on as long as it goes on
Cherish you, then let you go good boy,

If you wait, there’s a prize,boy you got it?
Don't you whine and go keep it to yourself
Told you it’s out of love, don’t you get it
If you don't know then listen to what I say

Baby come here right now, baby, it's alright now
Baby open up the, name that you boxed up until now
Baby look here right now, baby face me right now
Baby you can let the breath that you've been holding on now

Ah, Here to ruin you your messiah
Baby show your eyes
Baby show your mind

I just wanna go I just wanna love
Give me a sign, when your will’s gonna die
They warning you now, right? stopped you before, so what

I just wanna go I just wanna love
Give me a sign, when your will’s gonna die
They warning you now, right? stopped you before, so what",43
392,Mess (feat. NIBUY),ecru (에크루),"Black out all the things that we had
We flicker as if going to end
Is it too much bearing on each other

Wake up in a hell of a night
Caught up in the thoughts in my head
What kind of chaos are we falling over

Somehow the thing we’ve been holding on is gone now
Lost in the days when we were falling deeper through the darkness
Sometimes I can’t see your eyes

What now? the harder we try, we are getting tired out
It feels like we are running out of time
I don’t think we can make this work anymore
Do you feel the same

We’ve become a mess
Don’t know where we should begin to fix this
Stay up till morning but nothing has changed
I feel like I should cut this ties

This ain’t right
Promises, all broken, drowning us out
Can’t breath in or out of this
Getting more numb
I feel like I should cut this ties

Sometimes I just wanna lie
to myself that we are fine
Don’t wanna lose it all
How can I say it’s over
All the time you were there by my side

Miss the time when my heart was all alive
You don’t say it aloud but you don’t want me around
it’s tearing me apart
How did we come to broke apart
The good days seem so far away

Somehow the thing we’ve been holding on is gone now
Lost in the days when we were falling deeper through the darkness
Sometimes I can’t see your eyes

What now? the harder we try, we are getting tired out
It feels like we are running out of time
I don’t think we can make this work anymore
Do you feel the same

We’ve become a mess
Don’t know where we should begin to fix this
Stay up till morning but nothing has changed
I feel like I should cut this ties

This ain’t right
Promises, all broken, drowning us out
Can’t breath in or out of this
Getting more numb
I feel like I should cut this ties",76
393,Behind the Door,ID:Earth (아이디얼스),"Rule of law on the floor
What if there's a little door to getting out of here
Who can I tell the truth to?
Why am I thinking about this?
It's only in my head
I hold my breath on the water,
And I think it's inside
I don't know why I'm doing this
I think when I close my eyes, the universe unfolds,
but I know I can't stay any longer
(Take, take, take)
Take me free, (ee, ee)
To other door, (or or)
where you're gone, gone
like an invisible
(Make make make)
Make me feel, (here and here?)
From your touch
Please don't let my senses go away
Under the numerous rules of law,
if there's a little door to getting out of here
Who can I tell the truth to?
Why am I thinking about this?
It's only in my head
(Take, take, take)
Take me free, (ee, ee)
To other door, (or or)
where you're gone, gone
like an invisible
(Make make make)
Make me feel, (here and here?)
From your touch (touch, touch)
Please Don't let my senses go away
Please Don't let my senses go away",31
394,Falling,HANZ,"Here I’m crying alone
Barely I’m breathing now
I keep playing back the night you left

The moment I never knew
Misguided by my pride
So dumb to believe you’ll come around, around

Ooh
Ooh
Can I take it back?

The selfish ways that broke your heart
The silence that I made

The roses that I never brought
I wish I take them back

I’m falling
I’m falling

When you walked away
I never asked myself how
How I’m supposed to breathe without
Half of my heart

“No, I can’t live without you”
I should have said before too late
Would you let me take it back now

The selfish ways that broke your heart
The silence that I made

The roses that I never brought
I wish I take them back

I’m falling
I’m falling

When tears were streaming down your face
When you said I was wrong

The promise that I never kept
I hope I could rewind

I’m falling, Falling, Falling",150
395,Best friend (feat. 2SO),kenessi,"처음엔 Best friend then we extend
우리 이러면 어때
넌 나의 유일한 친구니까 어울려줘야 해
baby, we maybe
어지러이 흐르는 이 밤
이 다음은 또 뭘까
There’s something about us, next tho? next tho?

생각이 많아
밤을 새워도
잠이 안 와
머릴 이리저리 굴려도
걱정만 늘어갈 뿐
다 포기 하고 싶을 때
마다 왠지 너의 생각이 날 때
내가 모르는 외로움이 너로 인해
다 지워지곤 해

sometimes, I hate you a little
그건 나도 마찬가지일 테니까
내일도 꼭 곁에 있어줘

처음엔 Best friend then we extend
우리 이러면 어때
넌 나의 유일한 친구니까 어울려줘야 해
baby, we maybe
어지러이 흐르는 이 밤
이 다음은 또 뭘까
There’s something about us, next tho? next tho?

비밀을 말해줄게 너에게
힘든 날을 버텨냈지 난 너로 인해
불안하고 앞이 안 보일 때
가끔 현실이 내 숨통을 조일 때도

넌 나를 믿지
끝까지 always with me
your my best friend but 다음이 궁금해
네가 원한다면 I'll give you everything
no matter what it be

처음엔 best friend, then we extend
what's the next? imagine it
with you by my side
this journey won't ever end

처음엔 Best friend then we extend
우리 이러면 어때
넌 나의 유일한 친구니까 어울려줘야 해
baby, we maybe
어지러이 흐르는 이 밤
이 다음은 또 뭘까
There’s something about us, next tho? next tho?

깜빡거리는
고장 난 밤하늘 별시계 같아
너의 눈빛은
그 안에 내가 비칠 때 서로를 사로잡을 때

처음엔 Best friend then we extend
우리 이러면 어때
넌 나의 유일한 친구니까 어울려줘야 해
baby, we maybe
어지러이 흐르는 이 밤
이다음은 또 뭘까
There’s something about us, next tho? next tho?",102
396,Endorphin,III,"Yeah, I can feel it. I can feel it
I can even see it
What's going on
I got lost a little bit like a kitten
That's why I'm standing here
The story begins
Isn't it funny? I can't stop it
from spilling out inside me
What's going on
No one knows; it could be a liquid
(or what) Besides,
it's not my style to judge

Count if there's a ‘real’ here
A pinch of stars
The love towards me
You're drawing catharsis on my body
Isn't that fantastic
Who would believe it

Endorphins will soon spread to my core
Even if it's pain, I don't care
I know
It's gonna be dangerous for me (anyway)
How can I deny it?
I love it
Endorphins will soon dominate my core
My brain sensed the best day ever
I know
There's an end, maybe in a few minutes?
It means a lot
I'm in love with
(you)

The daughter of SUNNY
They said I'm lucky
A.K.A B.O.K
Shiny and salty
I'm good at waiting
So, I see you
This suspicious feeling. You're on
Different textures and materials
Tempting offer. Yeah

Count if there's a ‘real’ here
A pinch of stars
The love towards me
You're drawing catharsis on my body
Isn't that fantastic
Who would believe it

Endorphins will soon spread to my core
Even if it's pain, I don't care
I know
It's gonna be dangerous for me (anyway)
How can I deny it?
I love it
Endorphins will soon dominate my core
My brain sensed the best day ever
I know
There's an end, maybe in a few minutes?
It means a lot
I'm in love with
(you)

I get ya, Copy that
I got I got
We'll have to live with that
I got for you
You know what? We're halfway there
(I got for you)
You know what? We're halfway there

One of the ‘I’ had a mild smile
Arrangement Flower
Who was born with wings NAN
kind and upright
for someone this time? DIATI
We recognized it
signed it
Captain, we're crossing the horizon
If you'll stand by me
Rising",1
397,거기에 있어 너! (I'm on my way),해온 (Haeon),"오늘 뭐해 아 일하고 있지
곧 퇴근해? 얼마 안 남았지
그 담엔 뭐해 쉬는 거 다 알지
너 나 보고 싶다 했잖아

거기 있을래 너에게로 갈까
준비할래 나 원래 금방 가
오늘 뭐 할래? 맘대로 하자
나도 보고 싶단 말이야

I’m ready to meet you
만날 준비 짠!
I'm ready to come to you
너에게로 가

거기에 있어 너
On my way 푹 쉬고 있어도 돼
마음은 벌써 가 있어
너랑 놀래 기대해도 돼

얼굴만 봐도 설레
안긴 채로 살아가고파
You make me sweet Oh, love ya
내게 온 최고의 선물이야


나 새로 머리 바꿨어 나 어제 네일 바꿨어
어때 예쁘지 볼 때마다 예쁘지
오늘 열심히 일했어 하루 알차게 보냈어
어때 잘했지 볼수록 더 부럽지

지금 하루가 다 끝나가지만
우리의 시간은 이제 시작이야
오늘 하루가 다 끝나가지만
봐도 봐도 또 보고 싶은 걸 어떡함

I’m ready to meet you
만날 준비 짠!
I'm ready to come to you
너에게로 가

거기에 있어 너
On my way 푹 쉬고 있어도 돼
마음은 벌써 가 있어
너랑 놀래 기대해도 돼

얼굴만 봐도 설레
안긴 채로 살아가고파
You make me sweet Oh, love ya
내게 온 최고의 선물이야

시계는 마냥 흘러가는 중
고민보단 go하는 게 좋아 (Oh, seize the day)
너에게로 가는 길은
멀지만 코 닿을 거리 같아

거기에 있어 너
On my way 푹 쉬고 있어도 돼
마음은 벌써 가 있어
너랑 놀래 기대해도 돼

얼굴만 봐도 설레
안긴 채로 살아가고파
You make me sweet Oh, love ya
내게 온 최고의 선물이야",13
398,GOSU,RAKUNELAMA,"How can I wake up
어떻게 이 시간에
우린 또 마침 깨있어
어떡해 어떻긴 Stop it
You'll never know
2AM 종로 5가에
Who's gonna slide away

Woo
거긴 너무 높은데
넌 절대 손 못대
그런 생각들은 더
아무것도 하지 못하게 해
익숙해
It's okay
걱정 마, 계속해
Don't wait all day
어차피 민석이가 할 거니까 뭔 걱정을

Who's that, I think so
makes me feel I wanna change the way
Love is nothin', but it's trouble
Yeah, we're workin' all day
Yeah
I wanna check my wish, my passion
Life is not just a game
Let's get it on
Let's get it on

How can I wake up
어떻게 이 시간에
우린 또 마침 깨있어
어떡해 어떻긴 Stop it
You'll never know
2AM 종로 5가에
Who's gonna slide away

Woo
I'm fallin' down
Woo
Tell me that's alright
Woo
Call me sometimes
(Sometimes)
Sometimes I feel something is wrong

Dancing in the party
Why do they make me feel so lonely
You know it?
(Baby I want it)
Don't you know it?
(Baby I want it, want to know it)
그냥 계속해
뭘 더 어떡해
It's time to get back up
And tonight",24
399,달빛에 별빛에 (feat. 리오),PJH,"기억해요 함께 나눴던
그 모든 감정들을
매일을 너와 함께 했던
그 모든 순간을
좋았던 기억이
지금 이곳에 모여서
아직 나는 여기
(아직 우린 이곳에)
머물러 있는 것 같은데

창밖의 불빛을 바라보며
이런저런 생각이 들기도 해
불어오는 찬바람 맞으면 가끔
아무렇지 않던 맘이 외로워져

(달빛에 내 소원을 담아)
꼭 들어주길 바라진 않아
(별들에 속삭인 내 맘은)
우리들만의 비밀
(예쁜 추억 되길 바래)
우리 처음 만났던 그날의
그 말을 기억해

오늘따라 유난히 맑은 이 새벽 공기 탓에
오늘따라 외로이 빛나는 가로등 탓에
비웠던 감정이
다시 내 맘에 박혀서
아직도 난 너를
(아직 나는 우리를)
그리워하고 있나봐요

간지러운 나뭇잎 소리에
내 맘에 낙엽이 떨어지곤 해
내 방 속 깊은 곳에 쌓아 올려진
꽃잎들 사이로 찬 바람이 불어

(달빛에 내 소원을 담아)
꼭 들어주길 바라진 않아
(별들에 속삭인 내 맘은)
우리들만의 비밀
(예쁜 추억 되길 바래)
우리 처음 만났던 그날의
그 말을 기억해

흩어지는 저 달의 불빛을
떨어지는 저 하늘에 별을
(되돌려 놓는다면)
(더 아름다울까요)
그런 맘에 하늘에 손을 뻗다
그러다가 본 구름에 달빛이
떨어지는 저 하늘에 별이
너무 아름다워서
그만두기로 해요

(달빛에 내 소원을 담아)
꼭 들어주길 바라진 않아
(별들에 속삭인 내 맘은)
우리들만의 비밀
(예쁜 추억 되길 바래)
우리 처음 만났던 그날의
그 말을 기억해",11
400,Sunburned Love,소며,"You're my sunshine
Warm-hearted boy hmm

전혀 다르잖아 그래서 끌리잖아
우리 사이 기대 안 한 친구 사이 um
어느덧 하루가 되고 이틀이 지나도
문자하고 전화하고 당연해 hmm

얼음 같은 나 차가우니까
다칠 것 같아 겁이 나
따스한 햇살 널 덮을까 봐
조심히 다가갔지만

너에게 닿은 내가 뜨거워져
화끈거리고 열이 나는데
태양처럼 네가 마음을 태워
뜨겁게 날

원래 다들 그렇게 연애해
맞지 맞춰가는 거 마치 희생하는 거
꺼지지는 마 식어가진 마
조심한 나날 하지만

너에게 닿은 내 손 데이고 있어
나도 모르는 사이에 점점
태양처럼 네가 나를 말려
피 땀 눈물 모두 다 앗아가

다정한 네 품 따듯했었고 포근했지
너무나 가까워진 우리
피치 못해
둘 중 하난 무너져

너에게 닿은 (답답해)
내가 녹아버려
(크게 짓눌려 더)
눈이 멀고 어지럽게 돼

태양처럼 (이제는 그만해)
네가 목을 졸려
숨이 막혀
숨을 죽여",7
401,Love With You (Prod. PJH),오도 (5°C),"요즘 들어 난 말야
사랑에 빠지고 있어
친구로 지내던 네가
괜스레 어색해지고 자꾸 생각나

너와 나눴던 대화들
돌이켜보면 간지럽던 말들
너와 나눴던 순간들
느끼지 못했었던 행동까지

When I fall in love with you
Stay, Keep on loving you
아무것도 못하는
웃긴 내 모습 좀 봐
When I fall in love with you
Stay, Keep on loving you
깊어지는 감정 속에 빠져들어가

솔직하게 난 말야
나도 나를 모르겠어
사랑에 빠져 갈수록
너는 나를 어떻게 생각할지 몰라

너와 함께한 시간 속
나도 모르게 비쳤던 내 마음들
너와 나눴던 대화 속
간신히 숨겨왔던 감정까지

When I fall in love with you
Stay, Keep on loving you
아무것도 못하는
웃긴 내 모습 좀 봐
When I fall in love with you
Stay, Keep on loving you
깊어지는 감정 속에 빠져들어가

너에게 숨겨온
비밀들을 들킨 나는 umm -
넌 나를 어떻게 생각할까
I’m afraid, But I love you

When I fall in love with you
Stay, Keep on loving you
아무것도 못하는
웃긴 내 모습 좀 봐
When I fall in love with you
Stay, Keep on loving you
짙어지는 사랑 속에 빠져들어가",14
402,Pit-A-Pat (Feat.안선우),오도 (5°C),"저 넓은 모래 위를 달려 우리 같이
늦은 사람이 사는 거야 Ice Cream
그때의 우리는 꽤 달콤할 거야
저 모래 위를 달려 우리 같이
시작하기 전에 골라 Ice Cream
한 가지 맛으로는 부족할 거야

한걸음 다가가 작은 속삭임을 나눠
처음엔 몰랐었던 점점 커지는 두근대는 소리
더 다가가도 될까 이상한 생각만 들고
바보 같은 (내 맘 알까)

길을 걷다가 손끝이 스쳐
붉어지는 두 볼에 나도 어쩔 줄을 몰라
길을 걷다가 나도 모르게
지금 이 말을 해버린 거야

저 넓은 모래 위를 달려 우리 같이
늦은 사람이 사는 거야 Ice Cream
그때의 우리는 꽤 달콤할 거야
저 모래 위를 달려 우리 같이
시작하기 전에 골라 Ice Cream
한 가지 맛으로는 부족할 거야

우리 둘이 같이 나눠 먹던 아이스크림
베라보단 쌍쌍바가 좋아 반띵
너무 좋아 머리부터 발끝까지
밤새 놀자 우리 행복한 추억을 간직해
너와 어디든지 갈래 너가 원한다면 내 우주를 줄게
이건 너를 위해 쓴 내 세레나데
생각만 해도 설레
딴 것들은 No body

길을 걷다가 손끝이 스쳐
붉어지는 두 볼에 나도 어쩔 줄을 몰라
길을 걷다가 나도 모르게
지금 이 말을 해버린 거야

저 넓은 모래 위를 달려 우리 같이
늦은 사람이 사는 거야 Ice Cream
그때의 우리는 꽤 달콤할 거야
저 모래 위를 달려 우리 같이
시작하기 전에 골라 Ice Cream
한 가지 맛으로는 부족할 거야

이렇게 너와 눈을 맞추고
시선이 멈추고
커지는 음악소리 커지는 마음
조금 더 가까이 다가가볼까

저 넓은 모래 위를 달려 우리 같이
늦은 사람이 사는 거야 Ice Cream
그때의 우리는 꽤 달콤할 거야

너 무르기없어 진심이야, 알지?
시작하기 전에 골라 Ice Cream
한가지 맛으로는 부족할 거야",13
403,Empty,진우,"In an empty heart
내 모든 걸 다 주고
공허한 마음에
I'm not gonna breathe out

혹시 내 마음을 들킬까
Turn my head and take breathe
If my love for your scratch

What's so good?
your smile makes me a bad one
the more you love me
the more suffer comes

I will be carrying our stuff
가져갈게 네 눈물까지도
I think it It's time to stop
네 번째 여름에서

What's so good?
your smile makes me a bad one
the more you love me
the more suffer comes

I will be carrying our stuff
가져갈게 네 눈물까지도
I think it It's time to stop
네 번째 여름에서

You don't let go of my love
I hate your guts oh oh oh
We are over so you know what's wrong
Just let me go so you don't get heart Whoo

I will be carrying our stuff
가져갈게 네 눈물까지도
I think it It's time to stop
네 번째 여름에서",3
404,Enabler,최용한,"너에게는 do not better
날 바라보는 까만 시선이
이해가 안 돼 umm

늘 얼굴 위에 보이는 짙은 수심이
나를 더 무력하게 해

작은 너를 위한 this frame
이 모든게 다
널 위한 나의 맘이야

You don’t think I’ll make it
확신할 수 있겠어?
다시 또 제자릴 찾아올 텐데

You don’t think I’ll take it
깊게 생각해 봐
고개 들고서 나 봐
너도 알지 just one for you

단 하나도 안 보이는 way
매번 답이 없는
문제를 해결 중인 걸

작은 너를 위한 this frame
이 모든게 다
널 위한 나의 맘이야

You don’t think I’ll make it
확신할 수 있겠어?
다시 또 제자릴 찾아올 텐데

You don’t think I’ll take it
깊게 생각해 봐
고개 들고서 나 봐
너도 알지 just one for you

더 어느 때 처럼
아무 말이 없고
넌 눈물을 흘려 oh

계속 한숨 소리
흘러가듯 지나가는 시간에도
사랑일 뿐이라고

You don’t think I’ll make it
확신할 수 있겠어?
다시 또 제자릴 찾아올 텐데

You don’t think I’ll take it
깊게 생각해봐
고개 들고서 나 봐
너도 알지 just one for you",10
405,Come with me,Jackie Bonheur,"Talk to me

What is on your mind?
you’ve gotta talk to me
That is what I thought
You ain’t in love wi him
Girl You know I care bout you
You can count on me
Just come with me

I don’t want nobody else but you
Baby I Ain’t never lie to you
Come and talk to me just when you need me
Baby why you wasting time to(on) him
anyway -

What is on your mind?
you’ve gotta talk to me
That is what I thought
You ain’t in love wi him
Girl You know I care bout you
You can count on me
Just come with me

I hope you find somebody else
Right , baby , look around you
Girl I just can adore you
From head to toe
I mean with all my heart
Come on let’s drink some more
Now you can trust me tho

I don’t want nobody else but you
Baby I Ain’t never lie to you
Come and talk to me just when you need me
Baby why you wasting time to him
anyway -

What is on your mind?
you’ve gotta talk to me
That is what I thought
You ain’t in love wi him
Girl You know I care bout you
You can count on me
Just come with me",3
406,Pray for U,MODN (모든),"티 안날 듯
감춘 표정 뒤에
비틀대는
너의 마음 알아

괜찮아 조용한 어둔 방 빈자리 허전해 아파도
Every time, every day, every where, every night
I'm praying for you

지친 듯한
답답한 날이면
좀 귀찮아도
산책을 해야해

괜찮아 조용한 거리 위 차가운 바람이 시려도
Every time, every day, every where, every night
I'm praying for you

숱한 고민
가득 차 새운 밤
홀로 되새긴
작은 바램들도

괜찮아 말해줘 슬퍼도 한번은 털어내야만 해
Every time, every day, every where, every night
I'm praying for you

어떤 선택도 네게 쉽지 않고
어떤 길이어도 막막할 수 있어
불안과 망설임 속 헤멜 때에도
약속해 언제나 어디든 그대로 내가 서 있을게

약속해 언제나 어디든 그대로 내가 서 있을게
Every time, every day, every where, every night
I'm praying for you",25
407,How Many Seconds in Eternity (feat. Jinny),녹음,"너를 따라서 갈 수만 있다면
잃어버린 얼굴을 다시 보고 만질 수 있다며
So please remind myself of who I was
Before a few seconds before
In eternity

이리 변해버린 데에는
단지 몇 초 뿐이
필요하지 않은거라면

How many seconds in eternity
would it take
for you to come back
for you to come back
for you to come back 워
and how many seconds in eternity
will I be happy, and how many would it take
before I’m lost again

Don’t you know
난 멀리 비행할거야
파랑새처럼 저 위로 날아갈거야
So don’t remind myself of who I was
도망가버린 내 꿈을 찾을 수 있다면

나 나나나 나나 나나나
나나나나 나나나 나나나 나나 나나나
So please remind myself of who I was
Before a few seconds before in eternity
얼마나 걸릴진 몰라도
오오오 오오오오",5
408,DDDISCO,COMMON GROUND (커먼그라운드),"Tonight!
너를 처음 본 순간 내 시선은 멈추고
리듬 속에 스며든 너에게 난 이끌려
기분 좋은 멜로디처럼 푹 빠져들어
마법같은 이 순간

DDDisco!, 내 심장 비트처럼,
DDDisco!, 너와 나의 리듬에,
우린 가까워지고, 느껴봐, (느껴봐)
DDDisco!, through the night! (Tonight)

그냥 네가 미칠듯 좋아 내 마음은 춤을춰
설렘이 가득한 이 밤 전해지는 짜릿함
우린 서롤 느끼며 큰 파도처럼
밀려오는 비트 속에서

DDDisco!, 내 심장 비트처럼,
DDDisco!, 너와 나의 리듬에,
우린 가까워지고, 느껴봐, (느껴봐)
DDDisco!, through the night! (Tonight)

Funky guitar, and the funky drum
In this excitement, let go of your worries
Each note played I’m steppin’ into your soul
Disco rhythm, we are the melody.

DDDisco!, 내 심장 비트처럼,
DDDisco!, 너와 나의 리듬에,
우린 가까워지고, 느껴봐, (느껴봐)
DDDisco!, through the night! (Tonight)


아아하아 Tonight
아아하아 Tonight

DDDISCO",1
409,old friend (feat.ill-gu),ch.PAUL,"The sun has risen, flowers still bloom
But you're gone, leaving me feeling gloom
Beauty is all around me to see you
Yet inside, I feel so empty

Our love had rockets, we could've soared so high,
But some stars burn out before they touch the sky.
Maybe in another galaxy, my old friend
We'll ride that comet trail, love never goes stale.

Oh my old friend

The moon shines, I see your smile
You've left my side, gone for a while
My heart remains true to you
Till we meet again, I'll dream of you

Our love had rockets, we could've soared so high,
But some stars burn out before they touch the sky.
Maybe in another galaxy, my old friend
We'll ride that comet trail, love never goes stale.

Oh my old friend
Oh my old friend",1
410,우리는 빛이 되어,제이든,"(Verse 1)
어둠이 내려와도 우린 두렵지 않아
서로의 손을 잡고 빛을 만들어 가
작은 불빛 하나가 모여 큰 빛이 돼
세상에 퍼져가는 우리의 꿈

(Chorus)
우리는 빛이 되어, 세상을 밝혀가
서로의 마음 속에 따뜻한 빛을 담아
어디든 닿을 수 있어, 함께라면
이 세상 끝까지, 우린 빛나리

(Verse 2)
눈물 가득한 날에도 우린 웃을 수 있어
너와 내가 함께라면 모든 게 괜찮아
하늘을 향해 외쳐봐, 우리들의 이야기를
반짝이는 별들처럼 빛날 거야

(Chorus)
우리는 빛이 되어, 세상을 밝혀가
서로의 마음 속에 따뜻한 빛을 담아
어디든 닿을 수 있어, 함께라면
이 세상 끝까지, 우린 빛나리

(Bridge)
우리가 만들어 가는 길, 그 끝에
희망이 피어나, 우리를 비추네
함께한 모든 순간들이 선물이 되어
세상을 더 환하게 밝혀주리라

(Chorus)
우리는 빛이 되어, 세상을 밝혀가
서로의 마음 속에 따뜻한 빛을 담아
어디든 닿을 수 있어, 함께라면
이 세상 끝까지, 우린 빛나리

우리는 빛이 되어, 세상을 밝혀가
서로의 마음 속에 따뜻한 빛을 담아
어디든 닿을 수 있어, 함께라면
이 세상 끝까지, 우린 빛나리",1
411,Leave,뉴노멀 (New Normal),"Baby want you
I can never feel it
자기야, 나는 아주 멀리에 와 있으니
Some troubles fill me
You know what gossip has started

Everytime I look back
You know where I’m from, right ?
무슨 답을 원해
돌고 있는 원에
Running through the pain
Like I'm holding reins
I should stay away
넌 비춘 걸까 날 왜

아마 비슷 oh god
숨 쉴 틈 없이 매일
괜한 시작일까
보고 싶지 않아 여기 끝에
걸려 있는 너의 그 시선
빛이 나네 어디든 너에게선

우려가 섞인 너의 그 한마디, 나는 뭘
원해서 떠나왔지 나는 오직 널
Who wished to separate us. (No)

My god leaves me

Baby want you I can feel it
자기야 나는 Your love fills me
내 앞에 모든 것들 다 거짓 baby love me

Baby want you I can feel it
자기야 나는 Your love fills me
내 앞에 모든 것들 다 거짓 baby love me",2
412,Lead the heart (With Louise Frost),DOF,"Baby would you come and save us?
I just wanna see you smile
I don’t wanna sit and cry all alone yeah
What you wanna do? Won’t you just tell me?
I don’t want goodbyes
Want you my love
I‘m so tired of this waiting
Can’t just stop, won’t let you go
I just wanna love who is mine (you’re mine)
Tell me you still love me
Show I'm your one and only
Your love, love, love

Don’t want this, won’t give up
Know that this can save us
Just you can make me feel so good
I know you’re feeling it too, yeah
(I’m in love)

Nothing can defeat us baby
Just believe our love
Nothing can just take away
The trust we’re building up
Maybe you’re too scared to feel
But I’m here for you baby it’s me
Just youuuu and I
(Youuuu and I)
You you kiss me right love
I don’t need to cry (I don't need to cry)
All I need is you here beside
Yeah yeah yeah
You you kiss me right
Wish you’d see who’s my heart
All I need boy is you

Baby can’t see I’m breaking
Can’t you I'm missing you
I don’t wanna sit and pout all alone yeah (uhhh)
Knowing you could be here
Would be better
Loving you all mine
But where are you?
I'm so tired of this baby
Going crazy missing you
I just wanna feel you so close (So close)
Just tell me you still love me
Show I'm your one and only
You love, love, love

Don’t want this, won’t give up
Know that this can save us
Just you can make me feel so good
I know you’re feeling it too, yeah
(I’m in love)

Nothing can defeat us baby
Just believe our love
Nothing can just take away
The trust we’re building up
Maybe you’re too scared to feel
But I’m here for you baby it’s me
Just youuuu and I
(Youuuu and I)
You you kiss me right love
I don’t need to cry (I don't need to cry)
All I need is you here beside
Yeah yeah yeah
You you kiss me right
Wish you’d see who’s my heart
All I need boy is you",4
413,Re: Thinkin' About You,H1-KEY (하이키),"Just got off of this plane
New York to LA
You’ve been on my brain
like every day
since that night in November
Do you still remember
how you said my name
when we were still together

Now I know that we've been
thinking bout each other kahit na di magkasama
I've been tryna hit your line, pero para bang unti-unting nawawala ka
Baby are you mine?
All I really wanna know is
where you wanna put my heart
Is it you or it's me?
Are we still meant to be?
Yeah cuz

Cause I've been thinkin’ about thinkin’ about you
Yeah I've been thinkin’ about the past and us two
And I don't want you living in, living in regret
When I know that I’m the best that you’ll ever get

Cause I've been thinkin’ about thinkin’ about you
Yeah I've been thinkin’ we’re meant to last us two
And I don't want you living in, living in regret
When I am the one you will never forget

How can I forget with all the things we shared,
I’m longing for these memories
Everytime I close my eyes, you the only one I see
In my head it keeps replayin like a endless movie in 3D ma baby

Remember the day when you walked out the door
Left me in pieces cause I wanted more
It’s like my head and my heart are at war yeah
Nothing makes sense now
So come make me whole

I've been thinkin’ about thinkin’ about you
Yeah I've been thinkin’ about the past and us two
And I don't want you living in, living in regret
When I know that I’m the best that you’ll ever get

Cause I've been thinkin’ about thinkin’ about you
Yeah I've been thinkin’ we’re meant to last us two
And I don't want you living in, living in regret
When I am the one you will never forget

Ooh ooh ooh ooh
Ooh ooh ooh Ooh ooh ooh ooh
Ooh ooh ooh Ooh ooh ooh ooh
Ooh ooh ooh Ooh ooh ooh ooh
Ooh ooh ooh ooh

Cause I've been thinkin’ about thinkin’ about you
Yeah I've been thinkin’ about the past and us two
And I don't want you living in, living in regret
When I know that I’m the best that you’ll ever get

Cause I've been thinkin’ about thinkin’ about you
Yeah I've been thinkin’ we’re meant to last us two
And I don't want you living in, living in regret
When I am the one you will never forget",455
414,How Can I,JUNNY (주니),"긴 터널에 갇힌 듯 해
핀 어둠에 막힌 그때
그래 저기 어디에
분명하게 널 봤는데
숨이 가쁘게 뛰어갔는데
손에 닿을 때 그 순간 눈 뜨는 늘 같은 꿈
날 사랑해 줘 I can’t breathe
니가 떠나간 이후 Fallin’
되돌아와 줘 I can’t see
흘러내리는 내 눈물이 그칠 때쯤
Please come back to me
거짓이 다 드러날 때
헛질투가 늘어갈 때
그때 우린 이미
넌 나에게 사랑인데
나는 너에게 이별이라 해
너무 늦은 후회에 눈 뜨는 꿈 같은 끝
날 사랑해 줘 I can’t breathe
니가 떠나간 이후 Fallin’
되돌아와 줘 I can’t see
흘러내리는 내 눈물이 그칠 때쯤
Please come back to me
Oh how can I
Oh how can I
Oh how can I
Please come back to me",427
415,Stars with the Pain,쿠잉 (COOING),"When I see you crave a peace
I guess you have been through the pains,
So how long you’ve been sad alone
Though I could not judge all of yours
I can be sure that you are wise all the time
I wish you to know this
Stars with the pain
Always, stars have the pain
‘cause they brighten the dark
Don’t be afraid,
Don’t be afraid of the pain
Take a dream, think of your own
Let’s go to sleep on the cozy sky
Then everything’s gonna be alright
Stars with the pain
Always, stars have the pain
‘cause they brighten the dark
Don’t be afraid,
Don’t be afraid of the pain
Shu bi du bi du bi du ba
Shu bi du bi du bi du ba
It’s okay if you fall again,
it’s fine
Stars sing the pain
Their melody on this track
sounds so hotter than summer
Don’t be afraid
Look at your rainbow
Just keep up the way
All the best!",127
416,fall apart,차우주,"Why are you burnin' on my sight?
더는 안 속는 거짓말
필요 없고 너는 빨리 내게로
멀어지는 너를 볼 때는 괴로워

How could I leave?
Oh how could I go fast
귀찮은 일 제쳐두고 I'm back

다 거짓말
시간 끌고 싶지 않아

Baby we fall apart
I nevermind
You are burnin' on my sight
Don't say goodbye
변하지 않을 거니까
조금만 붙어있자

변하지 않을 거니까
조금만 붙어있자

Bae, we are running out of time
오늘은 시간 어때 girl
너가 필요할 때

내게 말을 해줄래
대체 뭐가 문젠데
하나씩 고쳐갈 게 tonight

이러다 너가 떠나면 어떡해
Girl hold me tight
네 옆에 있을게

이럼 안 되는 거
나도 잘 알고 있는데
난 널 사랑한다 말할 뻔했어

Baby we fall apart
I nevermind
You are burnin' on my sight
Don't say goodbye
변하지 않을 거니까
조금만 붙어있자

변하지 않을 거니까
조금만 붙어있자",180
417,꿈이라고 해도,범준,"Woo Woo
너를 바라볼 때면 괜히 웃음이 나와
내 이런 마음을 누가 말려줬으면 좋겠어
오늘 같은 날이면 너의 마음도 나와 같은 마음 일 수 있게
이 길 끝에 서 있을게

세상이 멈춘 것 같아 내게 살며시 미소 지어줄 때
오늘도 내 마음 못 전하고 후회만 하다 잠에 드는 밤

달빛 내리는 밤에 oh
너와 함께 걷는 꿈
꿈이라고 해도 괜찮아
내일은 꼭 네게 내 마음 전할래

소리 없는 너의 밤하늘도 내가 채워줄게
힘든 날에도 네 곁에 있을게 따스히 안아줄게

달빛 내리는 밤에 oh
너와 함께 걷는 꿈
꿈이라고 해도 괜찮아
내일은 꼭 네게 내 마음 전할래

Woo Woo
달빛 내리는 밤에 나의 마음을 네게 전할게",275
418,"Sugar, Candy, Love",SÉON (세온),"그랬어 오늘은 뭐했어
널 위한 것 다 준비가 되있어
다시 확인하고 나 각을 맞추고
널 기다리며 이렇게 서 있어
원래 그런 건 아니야.
오직 너에게만 반응을 하잖아
나를 불러줘 Girl 나만 바라봐줘
어떻게 이게 말로 표현되겠니

나에게 무슨 주문을 건건지
너의 달콤함에 취하고 있어
(다가가고 있어)
너를 위한 건 뭐든 할 수 있어
영원히 내 곁에 있어 준다면

Oh my Sugar, Candy, Love
이 세상 달콤한 것들 다 너와 같은걸
Oh my Sugar, Candy, Love
이렇게 계속 가면 나 녹아버릴걸
Du du dudududu

그래 어디쯤이야
좀 늦어도 괜찮아 내가 기다릴게.
너는 그래도 괜찮아
너같이 완벽하면 그럴 수 있잖아
시간이 얼마나 흘러도 난 기다릴 수 있어
Come to me Come to me

나에게 무슨 주문을 건건지
너의 달콤함에 취하고 있어
(Addicted to you girl)
너를 위한 건 뭐든 할 수 있어
영원히 내 곁에 있어 준다면

Oh my Sugar, Candy, Love
이 세상 달콤한 것들 다 너와 같은걸
Oh my Sugar, Candy, Love
이렇게 계속 가면 나 녹아버릴걸
Du du dudududu
Du du dudududu

Oh my Sugar, Candy, Love
이 세상 달콤한 것들 다 너와 같은걸
Oh my Sugar, Candy, Love
이렇게 계속 가면 나 녹아버릴걸",23
419,Baby Please,$KELETON,"Baby don’t please
Baby don’t please waste love
No, baby don’t please
No, baby don’t please test love
You get what you want
Take the rest of me
Imma show you once
Only best of me

Yeah, throw it back
I cannot wait when you push me back
Sometimes we chill at the cafe then
But it’s hard to believe I’m the closest friend

We be still f**kin’ it’s a matter of fact
But can we be still serious ‘bout our feelings

We both have too many pros and cons
So just let me be in your time, baby please

Lately you’ve been on my mind
I’m aboutta slide girl
Stay where you were babe

Standin’ close to yo face
Today, Imma try my best
Let me stay in the middle of heart
So that no one can’t stay

I took a ride with my vibe
Half of your love can try
Makin' me look so fine
She knows that I like
Blueberry and sprite

Always down to be poppin’
‘Cause she’s only my soda

Around the town I be lookin’ for ya
Just wanna make this clear for now

Have you ever felt love from the way I tried for you slowly
Could have told you that’s why I’ve been on the grind ‘till my nose bleed

I can afford Birkin, make you lavish
Even though you ain’t chasin’

I want you to feel it through your mind girl
Be obsessed with

Lately you’ve been on my mind
I’m aboutta slide girl
Stay where you were babe

Standin’ close to yo face
Today, Imma try my best
Let me stay in the middle of heart
So that no one can’t stay

Baby don’t please
Baby don’t please waste love
No, baby don’t please
No, baby don’t please test love
You get what you want
Take the rest of me
Imma show you once
Only best of me

Put that lil’ fire on my toes
This ain’t no tap dance and we dance all night long
Come get my drinks ‘till it closed
Don’t ask me how much we be drinkin' that more
Whippin’ the Porsche ‘fore we go
Wish we have good memories that no one knows
Prolly you would never know
How much I put effort on lovin’ the most",5
420,괜찮아 보인 건,Chaeryim,"오늘도 정해진 시간 넘어 집에 가고
신발 끈도 대충 묶어 풀어지기 직전
그 불안함에 맞춰 멈출까 말까 하고
골목길이 무서워 다시 대충 묶고 get up

이대로 가로등이 밝게 빛났으면
네 공허한 마음 would be alright
멈추는대로 won't you by my side
가끔 이런 생각이 들때 난

What's been holding?
외로이 걷던 날
모두 괜찮아 보인건
숨기기 쉬워서일까?

Deep Inside Us
마디의 그 사이
잃어버린 조각을 찾아 해매고 있는지
쉽진 않을꺼야

하루는 저물고 시간은 새벽 그 쯤
보내지 못하는 다 지나버린 오늘
뭘 기다리나 할 말이 있나
잠들지 않는 이 밤
눈을 감아 이젠 잠든 척 해봐 good night

이대로 창 밖에 달빛이 빛났으면
네 공허한 마음 would be alright
잠드는대로 won't you by my side
가끔 이런 생각이 들때 난

What's been holding?
외로이 걷던 날
모두 괜찮아 보인건
숨기기 쉬워서일까?

Deep Inside Us
마디의 그 사이
잃어버린 조각을 찾아 해매고 있는지
쉽진 않을꺼야

남겨진걸까
뭘 찾고 있나
한뼘 마디 사이
잃어버린 조각을 찾고 있나

What's been holding?
외로이 걷던 날
모두 괜찮아 보인건
숨기기 쉬워서일까?

Deep Inside Us
마디의 그 사이
잃어버린 조각을 찾아 해매고 있는지
쉽진 않을꺼야",5
421,Pivot (Feat. Armani White) (Sped Up),HEYOON (혜윤),"Goin 95 we were speedin
Lovers on the run got no ceiling
Gave me butterflies in my feelins
Now you running outta line outta reasons

But ever since I let you come my way
You switchin up on me but wanna taste
Yea we was cool but now you running games
All your games I don’t wanna play

Way we do our body talk
Lost in your touch
Treat me like it’s holy water
Hold me like your loss

Imma call you back in a minute
Messin with my mind you don’t get it
Boy you got me pushin all limits

Imma let you
Imma let you pivot

Imma call you back in a minute
Messin with my mind you don’t get it
Boy you got me pushin all limits

Imma let you
Imma let you pivot

Too many Ls gon turn my love into your lessons
Especially on them days you catch me on the FM dial
Homie even told me bout the next one
You used to tell me that you hate him but yall best friends now!
I’m knowing that some of them fall back with the winters
I don’t change with the seasons
You start to call me then I give in then you bang the receiver
You took too much away from me to tell me take it or leave it
Tell yourself you hate me so much that one day you’ll believe it
and I’m at peace

Way we do our body talk
Lost in your touch
Treat me like it’s holy water
Hold me like your loss

Imma call you back in a minute
Messin with my mind you don’t get it
Boy you got me pushin all limits

Imma let you
Imma let you pivot

Imma call you back in a minute
Messin with my mind you don’t get it
Boy you got me pushin all limits

Imma let you
Imma let you pivot

You can’t seem to let me go
I’m already out the door
Want me back but I don’t think so

You can’t seem to let me go
I’m already out the door
Want me back but I don’t think so

Imma call you back in a minute
Messin with my mind you don’t get it
Boy you got me pushin all limits

Imma let you
Imma let you pivot

Imma call you back in a minute
Messin with my mind you don’t get it
Boy you got me pushin all limits

Imma let you
Imma let you pivot",3
422,Airplane (feat. 한나),Yuwol (유월),"허공을 지나
기억의 저편으로 날아가 멀리
Fly away

난 구름 위를 헤치고
너의 모습을 따라
Fly away
떠나 Air plane

밤이 되면 늘
더듬거리며 널 찾아
이미 몸에 배어 버린 루틴처럼
너무 좋았던 장면들만 떠올라
그때처럼 나 다시 웃을 수 있을까

가르쳐 준 적 없어
너에게 가는 가장 빠른 루트
돌아오는 길은 모른 채로
거대한 품 속을 헤매는 중
이제는 집에 가는 법을 알려줘

돌고 또 돌아 너에게로 돌아가
난기류를 만난 것 같아
가장 아름다웠던 순간 속에
떨어져

허공을 지나
기억의 저편으로 날아가 멀리
Fly away
난 구름 위를 헤치고
너의 모습을 따라
Fly away
떠나 Air plane

너를 혼자 두고
난 나아가야만 해
추락하지 않으려
견뎌내야 해
마지막 너의 인사
멀어져 희미해질 때까지 안녕
fly away",9
423,사랑의 노래,박현진,"초콜릿 같은 너의 미소에 녹아
언제나 내 맘은 너와 함께 달콤해
네가 웃을 때마다 내 가슴이 두근대
이 느낌이 바로 사랑인가 봐

창가에 비치는 달빛 아래 둘이서
서로의 손을 잡고 영원히 사랑하길
언제나 네 곁에 있을게 약속해
너와 함께라면 두려울 게 없어

널 사랑해 언제나 변하지 않아
영원히 함께 하자 너와 나
이 순간이 우리의 추억이 될 거야
사랑은 언제나 우리를 비출 거야

비가 내려도 너와 함께라면 좋아
구름 사이로 반짝이는 별을 보며
너를 생각하면 미소가 절로 나와
이 모든 게 내게는 기적 같아

서로의 눈 속에 비치는 미래
너와 나 함께라면 두려움이 없어
영원히 계속될 이 사랑의 이야기
우리의 행복은 이제 시작이야

널 사랑해 언제나 변하지 않아
영원히 함께 하자 너와 나
이 순간이 우리의 추억이 될 거야
사랑은 언제나 우리를 비출 거야",0
424,Mood in the rain (feat.밤달),재훈,"Mood in the rain, a bittersweet in pain
And call of memories I hear, down the windowpane

Whispers of the past, dancing in raindrops
Lost in reverie, emotions can't resist

Mood in the rain

Silhouettes in puddles, reflection of the soul
I embrace the storm, knowing you're there
That's how serendipity is found

Mood in the rain, the flying crystal tears
I follow memories I have, down the screen of clouds

Please leave behind, wanderers in the love
Guided by the rain, I'll bloom in May, my love

Mood in the rain",2
425,Fly Away,율,"며칠새에 난 야위었지
아직도 네 생각에 잠 못 들어
서 자꾸만 시간만 흘러가는 것 같아

I don't remember 네가 날 떠날 때
솔직히 금방 잊혀질 줄 알았어 uh- oh

뻔한 그 말 고통에 시달리던 그 말
이젠 stop it don't hate me plz go away

나 이젠 떠날래 사랑했던 모든 날들
에 아픔은 잊어버리고

just fly away away
just fly away away
just fly away~
just fly away away away

I'm gonna throw everything away
I don't need you anymore and
don't wanna suffer anymore
Can you hear me? No, I mean, can you understand how I feel,
you never know, so please get out of my face foolish
너의 그 잔인함 속 가려진 두 얼굴
hey stupid Tired of a silly face review
You want me to take it? (take it?)
yes i'll take it take it here
erase it for you

뻔한 그 말 고통에 시달리던 그 말
이젠 stop it don't hate me plz go away

나 이젠 떠날래 사랑했던 모든 날들
에 아픔은 잊어버리고

just fly away away
just fly away away
just fly away
just fly away away away


nananananananananananana~

난 숨을 쉴 수 없어 너 때문에
난 숨을 쉴 수 없어 너 때문에
난 절대 잊을 수 없어 너 때문에
난 절대 잊을 수 없어 너 때문에

난 절대 잃을 수 없어 너 때문에
난 절대 잃을 수 없어 너 때문에
난 숨을 쉴 수 없어 너 때문에
난 숨을 쉴 수 없어 너 때문에

며칠째 기억나질 않아
언제지 네가 날 떠날 때였어
홀가분한 느낌만 계속 드는 것 같아",1
426,TIPSY,Veny,"Why do I feel like tipsy
Baby let me know
스며드는 lipstick
We can’t take it slow
만들어 둘의 비밀
본능에 이끌려
Baby I’ve been thinking of you
Baby I’ve been thinking of you
너의 번호를 눌러
내 손을 네 허리에 둘러
자연스레 내 이름을 불러
I just need you call my name
더 다가갈래 Tip Tip Toe
알려줘 너의 모든 걸
너의 주변이 흐려지네
잔은 그대로인데
전화기를 뒤집고
네 손에 깍지를 끼고서
나만이 담긴 눈
내 모든 것이 향해 널
내게 줘 너의 밤도
갖고 싶어 너의 마음도
지금 나에겐 네가 필요해
Why do I feel like tipsy
Baby let me know
스며드는 lipstick
We can’t take it slow
만들어 둘의 비밀
본능에 이끌려
Baby I’ve been thinking of you
Baby I’ve been thinking of you
눈을 떠보면
사라지고 남아 향기만
불이 꺼지면
떠올라 너의 생각만
널 잊을 수가 없는걸
그곳에서 널 마주쳐
다른 곳을 보는 넌 날 애타게만 해
틱틱거려 괜히 너의 시선을 잡아두려고
가끔은 나를 외면하는 이기적인 너라도
눈이 풀려 가까워지면 취하지는 않아도
언제 그랬냐는 듯이 또
Why do I feel like tipsy
Baby let me know
스며드는 lipstick
We can’t take it slow
만들어 둘의 비밀
본능에 이끌려
Baby I’ve been thinking of you
Baby I’ve been thinking of you
Tipsy
Baby I’ve been thinking of you",6
427,ALL DAYS,DANI,"늘 반복되는 일상 속에
넌 머릿속을 맴돌아
이 지루한 하루의 순간 속에 널
담아 둔 오늘은 특별해
매일 걷던 같은 길도
아무 생각 없던 맘도
(내 맘도)
제멋대로 나를 바꿔놔
난 준비 덜 됐는데
너를 볼 때마다 나는
뭐랄까 말로 표현을 다 못해
복잡한 내 감정 속
널 마주치는 Monday 다 좋아
널 바라보는 Wednesday 특별한
매 순간이 Sunday
알고 싶어져 너를
You got it
Monday 다 좋아
널 마주치는 지금 특별한
기억 속 널 담아
네게 말하고 싶어
점점 가까워질 너와 나의 거리
소란스러워질 우리 사이 말이
네게 닿으면 변하지 않을까
너는 알고 있겠지
나를 바라보는 눈 속
복잡한 내 감정들
(You know?)
널 마주치는 Monday 다 좋아
널 바라보는 Wednesday 특별한
매 순간이 Sunday
알고 싶어져 너를
You got it
Monday 다 좋아
널 마주치는 지금 특별한
기억 속 널 담아
네게 말하고 싶어
똑같은 내 하루 끝은
달라져 가
I know it
7번 너를 또 Drawin'
일기 속 너를 Dreaming
널 볼 때면, 난 All days
널 마주치는 Monday 다 좋아
널 바라보는 Wednesday 특별한
매 순간이 Sunday
알고 싶어져 너를
You got it
Monday 다 좋아
널 마주치는 지금 특별한
기억 속 널 담아
네게 말하고 싶어",3
428,Daisy,지유 (드림캐쳐),"Hello
How are you
가볍게 인사를 건네
I'm fine
Don't worry
기다렸던 나를 만나 어때 babe
(uh-oh)
어디든지
(uh-oh)
갈 수 있을 것만 같아
언제든지 Call me baby
Cuz you're my all
써 내려갈 Everyday
매일 새로운 나를 보여줄게
(I'll always be by your side)
Baby Can you be my Daisy?
오래 꿈꿔왔던 Daydream
지금 이 손을 잡아
다신 놓치지 않아
My Twizzin, Biggie, Bestie, Daisy girl
Oh, Can i be your Daisy?
종일 꿈꿔왔던 Daydream
지금 이 손을 잡아
다신 놓치지 않아
My Twizzin, Biggie, Bestie, Daisy girl
Who cares
절대 상관 안 해
사람들의 시선과 수근거림
Don't care
No way
더 사뿐하게 멀리 날아갈게 yeah
(uh-oh)
어디든지
(uh-oh)
갈 수 있을 것만 같아
언제든지 Call me baby
Cuz you're my all
써 내려갈 Everyday
매일 새로운 나를 보여줄게
(I'll always be by your side)
Baby Can you be my Daisy?
오래 꿈꿔왔던 Daydream
지금 이 손을 잡아
다신 놓치지 않아
My Twizzin, Biggie, Bestie, Daisy girl
Oh, Can i be your Daisy?
종일 꿈꿔왔던 Daydream
지금 이 손을 잡아
다신 놓치지 않아
My Twizzin, Biggie, Bestie, Daisy girl
umm 향기를 따라
umm 피어난 꽃을 따라
Daisy love Daisy love
Baby Can you be my Daisy?
오래 꿈꿔왔던 Daydream
지금 이 손을 잡아
다신 놓치지 않아
My Twizzin, Biggie, Bestie, Daisy girl
Oh, Can i be your Daisy?
종일 꿈꿔왔던 Daydream
지금 이 손을 잡아
다신 놓치지 않아
My Twizzin, Biggie, Bestie, Daisy girl",269
429,Color,AUBE (오브),"2021년 처음 널 만났던 날
그때의 나
네 앞에만 앉아 있기만 해도 난 좋았어

널 처음 보았던 날 무채색을 가진 소년은
노란 머리 소녀에게 온 맘에 물이 들었었지

It’s the lucky colors
Are you know that it’s true
우리 첫 만남의 색깔이야
기억해 줘 나의 그때 모습
따뜻한 너의 색으로 채워져 가

널 바래다주던 길 주황빛 구름 조각하나
구름처럼 물들었던 내 맘 이제 다 말할 거야

It’s the flutter colors
Are you know that it’s true
우리 첫 키스의 색깔이야
꿈만 같던 그때 공기 온도
행복한 둘의 색으로 물들어 가

It’s the sweetpea colors
Are you know that it’s true
토라진 둘의 모습이야
안아줄 게 우울한 너의 색깔
까지도 빛나게 물들이도록

It’s the lovely colors
Are you know that it’s true
우리라는 색깔이야
간직해줘 서로를 향한 마음
이대로 영원할 거야
내게 말해줘 love",15
430,Are You?,YUNG137,"아직 내 맘이 다 끝나기도 전에 어느새
벌써 한 해가 지나가는 건데
새 할 일을 적어둔 나의 시계 모양 계획표에
왜 아직 네 자리가 있는데

Be my lover baby we don't need yellow line
Tell me honest baby we don't need hesitate
Aqua lover baby we don't need yellow line
Rewind Rewind

카페라떼 한 잔 시키고 기다려
내 뒤에 너의 말투 어디서 맴맴
돌아보면 너는 온데간데 사라짐
Are you?

(With you)
I just wanna tell you
I just wanna be with you

(Be my lover)
I just wanna love you
I just wanna tell you

(With you)
I just wanna tell you
I just wanna be with you

(Be my lover)
I just wanna love you
I just wanna tell you

wah 큰 엉덩이는 위험해
난 아직 준비가 안됐어 다음에 DM해
I need your love baby
I need your attention (need you attention)
wah 이불속은 너무 위험해
네 베게 너의 머리칼을 전부 떼어내
I need your love baby
Baby i can give everything whatever you need -

(With you)
I just wanna tell you
I just wanna be with you

(Be my lover)
I just wanna love you
I just wanna tell you

(With you)
I just wanna tell you
I just wanna be with you

(Be my lover)
I just wanna love you
I just wanna tell you",3
431,세상에 빛이 되어,오춘윤,"서울의 봄 5.18광주

분노 외침 민중항쟁

너울너울 하늘에 닿아

님의 향불 피워 본다


오월 아프고 슬픈

그날 어둠을 넘어

우리는 보았다 광주

민주 정의를


하늘에 별이 되어

빛이 되어 세상 끝까지

주먹밥 평등 평화

마음 속에 전해져 온다


그날을 기억하라",1
432,Play the ground,초림,"멋지게 옷을 빼입은 guys
오늘 무슨 좋은 일이 있나 봐
주변부터 나에게서 기대한
뒷모습을 네게 보여주는 날

빨갛게 빨갛게 내기분은 파랗게
Show me out Show me out
벌써pass by 내 시간이

누구든 나를 나를 믿어줘(baby)
누구든 나를 나를 알아줘(baby)

내 꿈이 시작될 빛나는 이 길 따라서
난 너에게 갈 거야 막을열어 play on the ground
마지막 기회가 나에게 주어진다면
난 용기를 낼 거야 나와 함께 play on the ground

in the end (um) in the end
이 기분을 기억해 기억해
May i have a moment of your time?
I can overcome any and fly
기분 좋게oh-
보내줄게oh-

나에게는5번의 안에서
기승전결이 보여야 했었어
쉬운 길로 도망갈까 했지만
실망감을 안겨주긴 싫어서

멋지게 옷을 빼입은 나
오늘 무슨 좋은 일이 있나 봐
주변부터 나에게서 기대한
뒷모습을 네게 보여주는 날

누구든 나를 나를 믿어줘(baby)
누구든 나를 나를 알아줘(baby)

내 꿈이 시작될 빛나는 이 길 따라서
난 너에게 갈 거야 막을열어 play on the ground
마지막 기회가 나에게 주어진다면
난 용기를 낼 거야 나와 함께 play on the ground

내 꿈이 시작될 빛나는 이 길 따라서
난 너에게 갈 거야 막을열어 play on the ground
마지막 기회가 나에게 주어진다면
난 용기를 낼 거야 나와 함께 play on the ground",20
433,"Loneliness (Feat. 진혁, 선아)",Min (민),"또 많은 걸 잃었지 나는
똑같은 실수를 또 반복
별 볼일 없는 밤은 차고
내게 놓여진 우울한 감정
I'm so lonely i'm so lonely
난 또 멀리 너를 찾아야 해
I'm so lonely i'm so lonely
넌 더 멀리 사라져가네
we used to be together
늘 함께 했던 기억도
how does it your mind weather
nobody love i'd rather
are you on your way?
think of every day
drag me back to the day no oh oh
bring down 내 맘에 남아있던
그 감정들 what do I do with my heart
또 많은 걸 잃었지 나는
똑같은 실수를 또 반복
별 볼일 없는 밤은 차고
내게 놓여진 우울한 감정
I'm so lonely i'm so lonely
난 또 멀리 너를 찾아야 해
I'm so lonely i'm so lonely
넌 더 멀리 사라져가네
돌고 돌아와 난 또 이런 맘에
내려 앉아서 생각이 나서
다른 짓을 또 해봐도
아닌 척 해봐도
Always think about you
다시 내게 또 너를 원해
그려볼 수 밖에 난 잊을 수 없어 널 이젠
또 많은 걸 잃었지 나는
똑같은 실수를 또 반복
별 볼일 없는 밤은 차고
내게 놓여진 우울한 감정
I'm so lonely i'm so lonely
난 또 멀리 너를 찾아야 해
I'm so lonely i'm so lonely
넌 더 멀리 사라져가네
i don't wanna wait i don't wanna stay
다짐했어 매일 긴 시간 속에
But don't give up 너와의 시를
못 잊어 여전히 늘
너를 위한 너에 의한 나의 어제는 왜
별 헤는 밤 그림 같던 기억만
남아있어 i was so obsessed
빈잔 가득 채워 넣을게
너가 다시 돌아오라 매일
기도해 네가 알아줄 때까지
또 많은 걸 잃었지 나는
똑같은 실수를 또 반복
별 볼일 없는 밤은 차고
내게 놓여진 우울한 감정
I'm so lonely i'm so lonely
난 또 멀리 너를 찾아야 해
I'm so lonely i'm so lonely
넌 더 멀리 사라져가네",6
434,어쩌다 널,강우진,"어쩌다 우연히 널 만나서
어쩌다 사랑에 빠진 걸까
널 향한 마음이 점점
커져만 갈수록 고장 난 brake 같이
멈출 수가 없어

내 맘 표현하고 싶어
아까울 게 없잖아
여전히 좋은 걸 어떡해

이런 게 정말 사랑인 건가 봐
보고 있어도 보고 싶고 그래
네 앞에만 서면 자꾸 웃고 싶은가 봐
어쩌다 어쩌다 널 알게 됐을까

어쩌다 우연히 네 손을 잡았고
왼손엔 작은 반지를 끼웠어
커플 신발을 신고서 걷는 것도 좋은데
같은 곳만 바라보며 이렇게만 걷자

내 맘 표현하고 싶어
아까울 게 없잖아
여전히 좋은 걸 어떡해

이런 게 정말 사랑인 건가 봐
보고 있어도 보고 싶고 그래
네 앞에만 서면 자꾸 웃고 싶은가 봐
어쩌다 어쩌다 널 알게 됐을까

시간이 흐르고 계절이 변해도
널 향한 내 맘은 변치 않을래
단 한순간도 네가 없는 하루를
생각해 본 적 없으니까

이런 게 정말 사랑인 건가 봐
보고 있어도 보고 싶고 그래
네 앞에만 서면 자꾸 웃고 싶은가 봐
어쩌다 어쩌다 널 알게 됐을까",3
435,GroovyDisco,LeoSky,"[가사 준비중] 멜론 회원 여러분! 가사 등록을 기다리고 있어요.
가사등록하기",1
436,TOXIC,MEOVV (미야오),"They will never know the way I feel, won’t give up
But I told you what I need
Get yourself together, please
Got a taste so bitter, come back talking sweet, reconsider
They call me naive, but I’ll find you when you leave

I never read the signs, driving with no lights
Baby, I’ve been blind over you
Guess we’ll never know when it’s time to go
Hell is not the same without you

Together, we’re so toxic
But your love is something I can’t lose
They don’t know you like I do
Together, we’re so toxic
But my life is nothing without you
Yeah, I know you feel it too

The way you got me wrapped around your finger
I just wanna make the story stop
Then again, when you hold me
I know that you’re everything I want, so
Told ya I don’t like it how we pick fights, baby
Know I should leave you, but I’m a ride or die, baby
Locked in it, all in it, I should’ve known but

I never read the signs, driving with no lights
Baby, I’ve been blind over you
Guess we’ll never know when it’s time to go
Heaven’s not the same without you

Together, we’re so toxic
But your love is something I can’t lose
They don’t know you like I do
Together, we’re so toxic
But my life is nothing without you
Yeah, I know you feel it too

Yeah, I know you know you ain’t been no angel (yeah)
All the times you got my heart into danger (yeah)
But I’m doin’ it too, I’m just like you
We go up and down on this roller coaster
Push away when we getting closer
We say it’s over, but it’s

Yeah, I know you know you ain’t been no angel (yeah)
All the times you got my heart into danger (yeah)
But I’m doin’ it too, I’m just like you
We go up and down on this roller coaster
Push away when we getting closer
We say it’s over, but it’s never","7,677"
437,말을 해줘,하성운,"요즘 이상해 너
대체 왜 그래
말 안 하면 몰라
난 너의 마음을
솔직히 너 땜에 바뀐 게 많은데
니가 맘에 들게
내가 뭘 더해야 하는지 궁금해
그냥 다 말해줘

나는 더 듣고 싶지 않아
너의 변명들
더 이상 알고 싶지 않아
너의 얘기들
지금까지 참아왔는데
모든 게 서운하기만 해
날 아직도 모르는 것 같아

말을 해줘 지금
원하는 걸 말야
왜 나를 몰라 너와 같은 맘인데
같은 맘인데
너무 다른 우리
말을 해줘 답답해 정말

솔직히 너 땜에 바뀌고 싶었어
니가 맘에 들게
이랬다저랬다 반복되는 우리들
이젠 그만할래

우린 서로 너무 달라서
노력하는 거 난 다 알아
그래서 더 말하기가 쉽지 않아

말을 해줘 지금
원하는 걸 말야
왜 나를 몰라 너와 같은 맘인데
같은 맘인데
너무 다른 우리
말을 해줘 답답해 정말

어디서부터 어떻게 난
말해줘야 아는 걸까
(난 너에게)
좀 더 솔직해지고 싶은 난데
그러니 이제는 용길 내서

말을 해줘 지금
기다리고 있어
너를 알아 우린 같은 맘인데
같은 맘으로
다 이해해 줄게
말을 해줘 답답해 정말

Na na na na
Na na na na","1,256"
438,오늘 뭐 해?,노르웨이 숲,"날씨는 너무 좋아 So Good
어쩌면 오늘 일지 몰라 Baby
니가 좋아할 것만 같은
생각에 빠져버렸어 Falling In Love

좋은 예감이 드는 건 아마
너를 사랑하는 내 마음 때문야
고백하고 싶은 이 밤이야
지금 나와 너에게 할 말 있어

오늘 뭐 해? 별일 없으면 나랑 걸을래?
밤공기가 차면 안길래
난 너에게 고백하는 거야
수줍게 말 못 하는 거야

I’m In Love
I’m In Love
I’m In Love
I’m In Love

별들도 반짝이는데
널 보는 눈빛도 빛나 Shining Star
서로를 품에 안으며
속삭이고 싶어 좋아해 Falling In Love

좋은 예감이 드는 건 아마
너를 사랑하는 내 진심 때문야
함께하고 싶은 이 밤이야
지금 나와 너에게 할 말 있어

오늘 뭐 해? 별일 없으면 나랑 걸을래?
밤공기가 차면 안길래
난 너에게 고백하는 거야
수줍게 말 못 하는

너는 알까?
이런 설렘을 품고 있는 나를
부끄러워 말 못 하는 오늘
난 너에게 고백하고 싶어
그러니 나와 집 앞이야

I’m In Love
I’m In Love
I’m In Love
I’m In Love

그러니 나와 집 앞이야",114
439,Swimming Your Mind,kursor,"I can't believe it. You are like a calm lake at dawn
Oh Little by little, the waves flow
I'll dip into those waves. i want to get to know you

I try to grow like trees, worthy of you
So I try to be by your side baby
Should I be the sun or the moon? So I'll always shine on you
Every time I Shine on You

Swimming your mind
Swimming your lake in the dawn

Walking your mind
If i can read your mind
I'll be your dawn in the pain

Until the dawn ends
Until the sun rises

I'm swimming in your eyes, night and day
I'm think about you
Think about you
Think about you
Think about you

You know how deep inside your eyes?
I still dive into into your eyes, holding my breath.
I can do anything if I can swim your mind.
Because without you, I am nothing

Now, I'll be your lake.
(Get away from fear)
And I'll be your dawn
(Get away from fear)

Don't be afraid , Don't cry anymore
I'll take you out of your pain now

Swimming your mind
Swimming your lake in the dawn

Walking your mind
If i can read your mind
I'll be your dawn in the pain

Until the dawn ends
Until the sun rises

I'm swimming in your eyes, night and day
I'm think about you
Think about you
Think about you
Think about you

Don't say you're sorry
The way you make me feel that love is real
Stay by my side just like now
Just until this song ends

When this quiet dawn ends.
When this thick darkness clears,
You will smile with me",31
440,추억미화,Vahn,"아름다웠던 기억만 더 떠올라
아픈 장면들만 더 흐릿해져 가
지워내지 못했는데
웃으며 널 보내주려 해
난 이제 전처럼 안 웃어
혹시 볼까 봐
아무렇지 않은 척
혼자서 성을 내
모르겠어 나도 답답해
그러려고 그랬던 게 아닌데
내가 더 미워지기만 해
어떻게 지워질까
더 흐려질까 봐 괜히 덧대어
잊어버릴까 겁나
이젠 익숙해야 져야 될 텐데
너 없이 난 아무것도 하질 못해
여전히 여긴 그대 론데
아름다웠던 기억만 더 떠올라
아픈 장면들만 더 흐릿해져 가
지워내지 못했는데
웃으며 널 보내주려 해
어떻게 지워내야 너보다 편할지
생각했었던 내가 너무 미워서
잘 지내냐는 말 한마디조차 끝내
말하질 못했어
꿈이라면 어서 깨워주기를
내일이면 옆에 있어주기를
지워내지 못해
너 없인 불안해
너도 마찬가지잖아
아름다웠던 기억만 더 떠올라
아픈 장면들마저 선명해져 가
지워내지 못했는데
이젠 널 놓아주려고 해",442
441,episode,ryu,"멈추지 않아도 돼
보여줘 풀려 버린 눈 속에 감춘걸
술잔은 비었는데
우린 뭘 원하는지 말하지 않아도

시간을 줘 내게
아직은 널 모르잖아
웃기지 이런 게
그러지 말고 말해봐
하룻밤으로써 잊혀질뿐인
그런 사인 더 싫잖아 우린
흘러가네 시간은 tickin
tickin tickin
비어버린 잔을 채우려 듯 말하던 너
조금 더 보여줘
말하지 못한 게 남아있다면
아쉬운 마음도
여전할 거라 해줘

멈추지 않아도 돼
보여줘 풀려 버린 눈 속에 감춘걸
술잔은 비었는데
우린 뭘 원하는지 말하지 않아도",16
442,I don’t hate you,Rifff,"뜨네
모르지만 익숙한 번호
My phone 에 평소엔
거부했을 그 전화를 받고

(여보세요) 오랜만이야
She told me, I miss you
놀랐어 이렇게
아무렇지도 않다는 게

네가 어떤 상처를 받았는지
어떤 맘이었는지
무슨 이유였던건지
더는 궁금하지 않지

아직 날 사랑한다던지
용서받길 원한다던지
It’s nothing to do with me
So stop talk that please yeah

I don’t hate you now
나 원래 남한테 관심없는거
너도 알잖아 but

연락은 하지마 Girl
You don’t have to be Sorry for me
I’m not sorry for you too baby

그래
그 동안 힘들었어 나도
술에 취해 너를 찾아
헤매도 봤고

하지만 후회같은 건
하나도 없어
Cause I gave you
My everything

넌 앞으로 어떻게 할건지
자신이 있는지
너의 진심이 어떤지
더는 알고싶지 않지

아직 날 사랑한다던지
용서받길 원한다던지
It’s nothing to do with me
So stop talk that please yeah

I don’t hate you now
나 원래 남한테 관심없는거
너도 알잖아 but

연락은 하지마 girl
You don’t have to be Sorry for me
I’m not sorry for you too baby

It is no longer love
Your pain is illusion
So 네 하루에 날 끼우지마

날 쥐고 흔들던
너의 눈물도 이젠
더 이상 와닿지 않아

I don’t hate you now
나 원래 남한테 관심없는거
너도 알잖아 but

연락은 하지마 girl
You don’t have to be Sorry for me
I’m not sorry for you too baby

I don’t hate you now
나 원래 남한테 관심없는거
너도 알잖아 but

연락은 하지마 girl
You don’t have to be Sorry for me
I’m not sorry for you too baby",5
443,you never was in my dream,sunho,"I was so fooled by every love and loneliness

So I just rarely write songs about tenderness

and i'm tired of waiting for the rainfalls in my sunlit dream

but then you've popped up in my sky lately

while I was keeping a lookout for your cold little heart

If the moon in the sky up above slowly fades away,

would you make my whole life to be changed?

sometimes I wonder why your silhouettes keep me thinking of you

though I'm not in the mood at all

But still i'll fall and drawn to your heart

cause your smile keeps me on my toes all the time

If the moon in the sky up above slowly fades away,

would you make my whole life to be changed?",13
444,Our love will last forever,지송지송,"I just wanna know
The way you make me feel
And you’re the one that I desire

Can you hear my heart
If you could tell me now
It doesn’t matter, what shape it looks like foolish

Even though I, I’m going to down
You know I will be by my side
I know way this, how could make my over, over
What should I do with this feelings?
I think my heart has been already gone to you
Our love will last forever

When my head is full of you
I'm ready to you right over
I don’t care if you push me away

I can't think of time with out you
I can do anything with you
I don't want to imagine you in my world

Even though I I’m going to down
You know I will be by my side
I'll hold you tight so you don't leave alone
No one will put out the fire of our love
I think my heart has been already gone to you
Our love will last forever

The Memories we made Before
I'll take you every time you breathe while you're alive
Its gonna turn on our lights
I have a stronger love than anyone else
Every feels like love forever

Our love will last forever",7
445,후회 가득한 밤,시온,"오랜 시간 지나 이제야
그날 너와 마주쳐도
가슴 깊이 묻어둔 기억
다시 떠올라 눈물이 나

밤하늘의 별빛처럼 사라져버린 꿈
우리의 사랑도 그렇게 끝이 났어
눈물로 채운 날들 이제는 추억 속에
다시는 돌아갈 수 없는 그때의 우리

다른 길로 걸어왔지만
너의 웃음에 멈춰버려
헤어진 후의 시간들
돌아가고 싶어져

후회 가득한 밤
그날의 기억이 고개를 들어
눈물이 흘러 내려와
다시 그때로 돌아간다면
널 놓치지 않았을 거야

행복했던 그 순간들아
잊지 못할 그날들아
너를 만난 그때로
다시 돌아가고 싶어

밤하늘에 쏘아 올렸던
우리의 추억 찾고 싶어
시간은 무심히 가지만
널 놓친 것에 가슴이 아려와

후회 가득한 밤
그날의 기억이 고개를 들어
눈물이 흘러 내려와
다시 그때로 돌아간다면
널 놓치지 않았을 거야

기억 속에 남아있는 너의 미소 그리워
너와 함께 했던 날들 모두 다 잊을 수 없어
하지만 이젠 알아 우리가 갈 길은 달라
서로를 위해서 이제는 놓아줄게
눈부신 햇살 아래 사라져가는 그림자
우리의 사랑도 그렇게 멀어져 갔어
헤어짐의 아픔 가슴 속에 남아
이제는 서로 다른 길을 걸어야 해

시간이 흘러도 지울 수 없는 너의 기억
내 마음 깊은 곳에 남아있는 상처
하지만 이젠 알아 우리가 갈 길은 달라
서로를 위해서 이제는 놓아줄게

후회 가득한 밤
그날의 기억이 고개를 들어
눈물이 흘러 내려와 (흘러 내려와)
다시 그때로 돌아간다면
널 놓치지 않았을 거야

기억 속에 남아있는 너의 미소 그리워
내 마음 깊은 곳에 남아있는 상처
하지만 이젠 알아 우리가 갈 길은 달라
서로를 위해서 이제는 놓아줄게

기억 속에 남아있는 너의 미소 그리워
눈물로 채운 날들, 추억 속 한 곳에
이제는 안녕 서로의 길을 가고 있어",1
446,Falling,Zenho,"- Falling -
넌 절대 모를걸
널 얼마나 좋아하는지
넌 절대 모를걸
얼마나 내가 간절한지
널 닮아 가고 싶어 그게 뭐라든지
아직도 머릿속에 고민 그게 뭔지
난 네가 먼전데
난 널 두고는 절대 못가

그렇게 또 하루가 이틀이 삼일을 밤을새
아침에 눈을 뜨면 어제 너무 과했나
어디야? 뭐 했어? 지금은? 그래서
묻고 싶은 말이 많은데 한 번 더 참아봐
사랑이 뭔지
사랑 이 먼지
오늘이 지나면 사라질 먼지 (Big bang)
I think I'm falling for you
I think I'm falling for you
이제는 말해줘 쉽진 않겠지만
기다림이 얼마나 힘든지 몰라
모른 척은 이제 그만
넌 내 맘을 정말 몰라
네 맘도 힘들겠지만
넌 내 맘을 정말 몰라
네 맘도 힘들겠지만
넌 내 맘을 정말 몰라

넌 절대 모를걸
널 얼마나 좋아하는지
넌 절대 모를걸
얼마나 내가 간절한지
널 닮아 가고 싶어 그게 뭐라든지
아직도 머릿속에 고민 그게 뭔지
난 네가 먼전데
난 널 두곤 절대 못가

넌 절대
네에게 제대로 빠진 것만 같아
좋다고 말해줘 빨리
오늘도 너에게 falling",4
447,The Closer I Get To You,지효진,"지나온 시간들 사이로
떠오른 작은 기억하나
다가오듯 멀어지는
희미한 너의 미소

붉은빛으로 물들인 하루의 끝에서
스치는 이 바람이 내 맘을 설레게 해
The Closer I Get to You

흩어진 불빛들 사이로
따스한 온기가 느껴져
다가오듯 멀어지는
희미한 너의 미소
잊혀지지 않는 너의 모습 Uh - -

도시를 비춘 이 빛이
희미해져 갈 때
선명해진 너의 향기가
내 맘을 설레게 해
The Closer I Get to You

오늘이 지나고 나면
그저 기억으로만 남을까 봐
솔직하게 너에게 말하고 싶어
표현하지 못한 내 감정을

도시를 비춘 이 빛이
사라져갈 때
선명해진 너의 향기가
내 맘을 설레게 해
The Closer I Get to You

도시를 비춘 이 빛이
희미해져 갈 때
선명해진 너의 향기가
내 맘을 설레게 해
The Closer I Get to You",5
448,하남자의 사랑,연재 (YEONJAE),"누군갈 기다리는
작은 카페
같은 시간 같은 테이블
또 라떼
나름 덤덤히
한 잔 건네며
괜히 멋쩍은 척해
말 걸고 싶은데
남친 있겠지 100%
혹시 한 번 물어볼까?
아니야 괜히 차일 것 같아
헉 눈 마주쳤어
동공이 커졌네
청소하는 척
네 옆을
지나쳐
훔쳐봐 네 notebook
과제와 옆에 떠 있는
chat gpt
두 번째 눈 맞춤엔
씨익 웃어줬고
혹시 날 보러 매일 오는 건 아닌가?
에라 모르겠다 그냥 물어볼까?
오늘도 놓쳤어 타이밍
인생은 타이밍인데
또 놓쳤어 진짜
i’m getting more and more
it takes some time
I want to be closer for you
I know I'm stupid stupid
한마디 못해 나
네가 너무 pretty, pretty
다가가질 못해
it’s so hard
I really don’t know why
먼저 말 걸어주면
안 되겠니?
stupid stupid
바보 같아
미치겠네
오늘도 어김없이
기다리는 나
보이질 않는 너
마감 시간
점점 다가와
아쉬움 커져가
한숨을 내뱉는데
저 너머로
네 모습이 보여
용기 내 한 마디를
툭 던져봤어.
오늘 좀 늦으셨네요
그녀가 웃었어
혼자 오해만 쌓여가
그녈 위해
service
단골이라
주는 척
조각케잌
마감 때까지
자릴 지키고 공부하는 예쁜 얼굴
말하고 말았어
기다려 줄 수 있냐고
할 말 있어요
저 첫눈에 반한 것 같아요
도망가
밤새 또 해요 후회를
i’m getting more and more
it takes some time
I want to be closer for you
I know I'm stupid stupid
한마디 못해 나
네가 너무 pretty, pretty
다가가질 못해
it’s so hard
I really don’t know why
먼저 말 걸어주면
안 되겠니?
stupid stupid
바보 같아
미치겠네",3
449,Heaven,NIDA,"Oh heaven must be oh, oh missing, missing someone like me

그렇게 난 못해
어쩌면 네가 원한 driving
끈질긴 내 맘을 볼 수 있다면
Oh na na na
What you think mm mm mm mm yeah

위험한 규칙은 높아져가
맞춰줄 생각도 없는걸 알면서도
넌 왜 바래?

Heaven must be full of women like me
썩 맘에 들어
Oh I don't want to be perfect
Not my kinda love

If you want me
Repeat after me
‘I’m so sorry’
‘What was I thinking’

You don’t want me
Your fantasy
Never gonna get you very far

너 아직 거기야?
I'm already done
Boy, you're a fool who can't even start

You got that?
You're stupid
But I'm not trying to change that ‘bout you

빙빙 돌리는 너의 말투 지겨워
이렇다 저렇다 어떻게 하란 말이야
넌 왜 바래?

Heaven must be full of women like me
썩 맘에 들어
Oh I don't want to be perfect
Not my kinda love

If you want me
Repeat after me
‘I’m so sorry’
‘What was I thinking’

You don’t want me
Your fantasy
Never gonna get you very far

One 그래 이제
대답은 하나
Two 쉽게 말해
더 깊이 빠져
Three 그래 이제
끝났어 Take it

I don’t need you
I don’t hate you
I just don’t care anymore

If you want me
Repeat after me
‘I’m so sorry’
‘What was I thinking’

You don’t want me
Your fantasy
Never gonna get you very far

If you want me
Repeat after me
‘I’m so sorry’
‘What was I thinking’

You don’t want me
Your fantasy
Never gonna get you very far",352
450,기다릴게요,천지원,"늦은 밤 이 거리에 나 혼자
그댈 그리며 난 기다리죠
이 밤 어둠을 감싸주던
별빛 아래 내가 있죠

달빛에 물들던 이 거리에
그대 미소가 난 그리워요
이 밤 오늘도 기다리며
깊어져간 마음처럼

흐릿한 저 불빛 아래 나 홀로 남아
비춰오는 저 별들처럼
투명한 두 눈 속에
그대 모습 고이 담아

밤하늘 비추는 우리 별처럼
그대를 난 그릴게요
차가운 바람이 오늘을 스쳐지나도
언제나 변치 않기를

별빛에 내 마음 고이 담아
소중한 이 순간처럼
깊어진 이 밤에 꿈처럼 다가온 그대
언제나 항상 내가 기다릴게요

이 순간 난 기억해요 소중했던
그대의 미소 눈빛마저
투명한 두 눈 속에
가슴 깊이 고이 담아

밤하늘 비추는 우리 별처럼
그대를 난 그릴게요
차가운 바람이 오늘을 스쳐지나도
언제나 변치 않기를

별빛에 내 마음 고이 담아
소중한 이 순간처럼
깊어진 이 밤에 꿈처럼 다가온 그대
언제나 항상 내가 기다릴게요

어두웠던 이 밤에 홀로 내 마음을 담아
모든 순간마다 언제나 그대가 있기를 항상

밤하늘 비추는 우리 별처럼
그대를 난 그릴게요
수많은 별들이 우릴 비춰주는 이 밤
영원히 기억할게요

별빛에 내 마음 고이 담아
소중한 이 순간처럼
깊어진 이 밤에 꿈처럼 다가온 그대
언제나 항상 내가 기다릴게요",72
451,I GOT U,SUMMER CAKE (썸머케익),"Oh
We get nasty
Uh huh


Oh That girl
갖고 싶은건 뭐든 가질 수 있는 girls
Oh That girl
눈치 보는것 따윈 해본 적 없는 girls
The center of attention that's me
입에 달고 사는 말일걸
Oh That girl
예쁜애 옆에 예쁜애가 우리란걸


퀸이 좀 많아 여긴 This is not a chessboard
우릴 좀 따라야해 We’re not here for long tonight
너도 느끼잖아 Our beauty glow the hardest yeh


I GOT U (hello pretty)
Outfit check 할때 불러 I’m here for you
모두 쳐다보잖아 yeh you look good
Go on girl 그렇게 마셔 let’s get loose
Yeh I GOT U


All my pretties
Nude lips , eye lashes, tight dress
샴페인잔에 채워 818
결이 맞아버리는 Style 우린
통하는게 있잖아

I’m sick of rumors
쟤랑 안했는데
나를 안다는게 his trophy
어차피 떠들거 앞에서 say it
못할거면 디엠 좀 하지말고 ah?


퀸이 좀 많아 여긴 this is not a chessboard
우릴 좀 따라야해 We’re not here for long tonight
너도 느끼잖아 Our beauty glow the hardest yeh


I GOT U
Outfit check 할때 불러 I’m here for you
모두 쳐다보잖아 yeh you look good
Go on girl 그렇게 마셔 let’s get loose
Yeh I GOT U


You were f*ck killing on the dance floor
Did you seem him keep staring at you?
You’re a really bad b*tch, that’s what’s fun about you
So where is the next crazy party at",98
452,Diamond,BAD HABBIT,"Baby call my name
이제 너와 나의 사이가 너무 멀어졌어
Baby call my name
I'd like to get my diamond
너라는 Big diamond

착잡해 너만 보면
눈 뜨면 Back again
It's time to break up with me
Get away 너는 대체 내게 왜 이래

매일 밤마다 찾아와 내게 Beging
메마른 내 맘속에 너는 Garbage

스토킹 같은 너의
잘 지내냐는 말이 너무 치가 떨려
이젠 제발 좀 날
영원히 지워줘 남이 됐으니까

Step back no way
Don't test no cap
Debating no thanks
Look around and find your real things

Step back no way
Don't test no cap
Debating no thanks
Look around and find your real things

Off the hook
Just we met for dating
넌 근데 내게 왜 이래
I'll find my diamond (I'm ready)

Diamond in the rough
I'm all set don't you know
I told you never put a ring
I'll find my diamond (I'm ready)

Like a domino
Throw your Buffalo
너란 세상에서 헤엄치고 다닐 때
Like a domino
개나 줘버려
너와 같이 했던 추억 모두 다 이젠

널 벗어나서 혼자이니까
I knew that
너란 여잔 최악이잖아
You know that

Don't you 넌 될 수 없어 나의 Big diamond
니가 내게 했던 걸 생각하면
지난날의 내가 너무 가여워
다른 남자와 자고 있던 너

남들과 난 다른 걸 원해
시덥잖은 여자들은 뭔데
It's been a minute what you think
말해 My lady

Step back no way
Don't test no cap
Debating no thanks
Look around and find your real things

Step back no way
Don't test no cap
Debating no thanks
Look around and find your real things

Off the hook
Just we met for dating
넌 근데 내게 왜이래
I'll find my diamond (I'm ready)

Diamond in the rough
I'm all set don't you know
I told you never put a ring
I'll find my diamond (I'm ready)",21
453,pitapat,gmne(김니),"여전히 같아 baby
지루해 더 지쳐가 나
이제 나도 더는 안 참을래
이럴 시간이 없으니 다가가

you make me feel alive
네가 날 안으면
숨 참을게 love dive

널 꿈꿔왔던 all the time
감은 두 눈을 뜨면 너만
(남아)

네가 나타나
어지럽고 탁한 내 마음 속 너 가득히 내려

you're my paradise
너만이 날 꿈꾸게 해
영원히

you make me fantasize
눈이 마주치면
빠져들어 your eyes

이 순간만은 I don't mind
이젠 나도 모르게 너만
(찾아)

네가 나타나
어지럽고 탁한 내 마음 속 너 가득히 내려

you're my paradise
너만이 날 꿈꾸게 해
너만이

네가 나타나
어지럽고 탁한 내 마음 속 너 가득히 내려

you're my paradise
너만이 날 꿈꾸게 해
영원히",10
454,Whispers of the Heart,age3m,"[가사 준비중] 멜론 회원 여러분! 가사 등록을 기다리고 있어요.
가사등록하기",0
455,눈물 나는 날,에이미,"저 오늘 떠나요 어딘가로
눈물은 감춰요 제발 나 울진 말아줘
아프게 내 맘을 쥐어도 어쩔 수 없어 나
작은 미소 지으며 bye bye

매일같이 흘렀던 눈물 같은 my days
이리저리 방황하고 또 쓰러질 때쯤
힘들었어 나 지쳤어 나 떠날 거야 다 잊어
I cry away

Take me to nowhere, silent places들
슬픔이 없는 곳으로 떠날래 나
Like I'm a tear tear 흘러내리는 눈물처럼
난 조용하게 cry cry 나 울어

Take me to calm world anywhere 어디든
소란한 이곳을 떠나기만 하면
Silent night night 조용한 my days
조용하게 cry cry 나 울어

저 이제 쉴래요 떠날 거예요
마음을 닫을래요 제발 나 보진 말아줘
아프게 내 맘을 쥐어도 어쩔 수 없어 나
작은 미소 지으며 see ya

매일같이 흘렀던 눈물 같은 my days
이리저리 방황하고 또 쓰러질 때쯤
힘들었어 나 지쳤어 나 떠날 거야 다 잊어
I cry away

Take me to nowhere, silent places들
슬픔이 없는 곳으로 떠날래 나
Like I'm a tear tear 흘러내리는 눈물처럼
난 조용하게 cry cry 나 울어

Take me to calm world anywhere 어디든
소란한 이곳을 떠나기만 하면
Silent night night 조용한 my days
조용하게 cry cry 나 울어

I can cry away

Cry always

always always

Take me to calm world anywhere 어디든
소란한 이곳을 떠나기만 하면
Silent night night 조용한 my days
조용하게 cry cry 나 울어",0
456,어제(feat.leopard),frankmilo,"babe 어디떠나가지마
너에게 줄건 오직 luxury diamond
너가 보석이라면 난 사
널 그리워하지 내 어제는
i'm swiming pool like 너의
기억이 안나는 듯 해 내 어젠
baby please tell me don't leave me alone
다시 안와도 okay
다시 안와도 okay
뭐가 됐든 너라면 okay
날이 밝아도 ok
밤이 찾아도 ok
All i want is you I’ll be there
Phone call 뚜뚜 당장 받아
No more ㅜㅜ cuz I’m retire
I’m tryna going dead
딴 년과 going bed
I’m fell in love
I hate me my self and I
널 데리러
갈게 시간 빼놔
너는 돼 빌런
돌아와 그때로
너는 돼 빌런
떠나긴 일러 uh huh
babe 어디떠나가지마
너에게 줄건 오직 luxury diamond
너가 보석이라면 난 사
널 그리워하지 내 어제는
i'm swiming pool like 너의
기억이 안나는 듯 해 내 어젠
baby please tell me don't leave me alone",5
457,삐그덕,ADORA,"내 마음이 내 맘 같지가 않아요
또 삐그덕 또 삐그덕
아무래도 고장 난 것 같아요
또 삐그덕 또 삐그덕

이건 마치 나 혼자만 잔뜩 취해버린 것만 같아
나 바보처럼 보이면 어쩌죠

한걸음 두 걸음
용기 내 볼까
자연스레 그대의
곁에 가고파

비틀거리는 날 잡아줘
서투른 만큼
난 아마 진심인가 봐

그래 난 아마 진심인가 봐

이렇게 낯선 내 모습 놀랐죠
또 삐그덕 또 삐그덕
아무래도 시작된 것 같아요
내 사랑이 또 삐그덕

꿈결같이 나 혼자만 다른 세상에 사는 것 같아
날 바보로 만들어 버린 거죠

한걸음 두 걸음
용기 내 볼까
자연스레 그대의
곁에 가고파

비틀거리는 날 잡아줘
서투른 만큼
난 아마 진심인가 봐

흔하고 흔한 말
사랑이지만
이번만은 좀 다른
느낌인 거야

이제 수줍은 날 안아줘
서투른 만큼 난 아마 진심인 거야

그래 맞아 난 진심인 거야",143
458,gift,원셋 (1set),"기억하나요? 우리의 수줍던 그 시작을
기다리나요? 우리가 만나는 그날만을

표현이 서툴러 아끼고 싶던 내 맘 전할게요
우리를 비출 때 돌아설 때 언제나 그대가 함께 있었죠

Oh you 지치고 힘들 때 괜찮을 거라는 말은 못 해도
내가 그대 곁에 있을게 오래된 노래처럼 내게 기대

설레이나요? 아직 그댈 보면 두근거려
약속해 줘요 시간이 지나도 내 곁에 stay

여전히 서툴러 못다 한 말들 이제 얘기할게
우리가 기쁠 때 어려울 때 언제나 그대가 함께 있었죠

Oh you 지치고 힘들 때 괜찮을 거라는 말은 못 해도
내가 그대 곁에 있을게 오래된 노래처럼

For you 혼자라 느껴질 때 모든 게 뜻대로 되지 않아도
내가 그대 편이 돼줄게 오래된 친구처럼 내게 기대

언제나 널 위해 여기 있을게 시간이 흘러도",102
459,우리 몸은 사랑 없이 깨어있기엔 나약해서 (Feat. VLOUI),Heartlessclub,"we never saw it coming baby
종말은 여전히 끝에 있지
우리 몸은 사랑 없이 깨어 있기엔
무너져 내릴 거만 같지
I love the way you touch me girl
Girl just let me make wrongs
tell me you love me
다 잊어버리게
정신은 닳고
너를 울게 하네 마음도
어떻게 사랑하지 널 더
날 묻어줄래 못된 말로
악몽은 여전하게 at the night
지옥은 너의 눈에 shady
네 말은 나의 목줄

S*icide
kiss me a baby
네 말은 목줄같이
S*icide
말해줄래 오늘 밤
미워질 땐 너와 나.

my shawty dont worry
even fallin' apart here
it's like a warfare
with no bullet proof
넌 이미 killed me darling
얼마나 더 말해
이게 사랑이 아니면 뭘 더 바래
there's no fallacy
마치 fantasy
내가 졌어
가위바위보 마저도 질 뻔하지
네가 너무 이뻐서
매일이 안 뻔하지
네가 한국말을 못 해도
there's no problem
here, somebody
I need a who treat me
bae, don’t you need me?
why did you leave me
whole lotta pains I got
let me show you ma scars
you say this is a step
toward becomin' a star
you just want us to be casual
but I’m sorry bae I’m not in mood
s*icide s*icide

s*icide
kiss me a baby
네 말은 목줄같이
s*icide
말해줄래 오늘 밤
미워질 땐 너와 나.",64
460,Voicemail,Jayroh,"My girl I miss you
I want you yeah I wanna hold you yeah
But I just had to go
Thought I found the one
But at the wrong time
And cannot blame it too

But I don’t wanna
I don’t wanna regret it tomorrow
Thinking all of the nights I’ve been sorrow
How can I find someone
Someone just like you girl

So just know
Go find someone just like you did
But when it’s all over
(Ah yeah oh) just come back to me

I can only imagine
How your feelings would be
If you ever hear this
Have you ever missed my voice?
Just like this voicemail
We can’t undo our ways
Looks like a just like our parallel shadows

I know I can’t but still wanna hold you
I know I can’t but still wanna have you
I know I can’t but still wanna love you girl oh girl

I wish that I can one day can hold you
I wish that I can one day can have you girl
Just like our never ending shadow

You, you show up
Even in my dreams don’t wanna wake up
And everything you gave
Is living in my heart
Cannot erase it replace it
Who should I blame it to

But I don’t wanna
I don’t wanna regret it tomorrow (I don’t)
Thinking all of the nights I’ve been sorrow (oh yeah)
How can I find someone
Someone just like you girl (my girl)

So just know
Go find someone just like you did
But when it’s all over
Ah yeah oh just come back to me

I can only imagine
How your feelings would be
If you ever hear this
Have you ever missed my voice?
Just like this voicemail
We can’t undo our ways
Looks like a just like our parallel shadows

I know I can’t but still wanna hold you
I know I can’t but still wanna have you
I know I can’t but still wanna love you girl oh girl (oh na na oh no)

I wish that I can one day can hold you (oh yeah)
I wish that I can one day can have you girl (my girl)
oh wah ah ah ah (just like our never ending shadow)

Hi it’s me
It’s been a long time since I’ve heard from you
Your voice is starting to fade away
But remember you’ll always be in my heart
And when you think of me
I’ll be right next to you
Bye",17
461,빛이 날 뚫고,가경(GaGyeong),"빛이 날 뚫고
순간을 만끽하는 나는

바람이 나를 지나치고
지금을 느끼는 너와 나는

심장이 멎게
힘껏 달려왔는데
이런 건가

사랑 같은 게
우리 사이를 맞다고
부를 수 있나

내 봄이 되었던 널
나의 분홍 볼을 두고
놀려댔지

내 가을쯤에는
너의 어깨에 기대어
숨을 쉬었지

I'll keep on holding
My heart is evolving

I’ll learn to accept it
My hope is dissolving

춥지 않았던 날 내 손을 잡으며
온기를 나눠줬고

덥지 않던 날 내 말을 들으며
웃음을 지어줬어

빛이 날 뚫고
순간을 만끽하는 나는

바람이 나를 지나치고
지금을 느끼는 너와 나는",24
462,NOWSEEMETHEGIRLFRIEND,Polonem,"[가사 준비중] 멜론 회원 여러분! 가사 등록을 기다리고 있어요.
가사등록하기",7
463,Ride With Me,Webley (웨블리),"내 이야기는 모두 너로 일어나 끝나길 바라
넌 어때 오늘 하루도 온종일 피곤한 일과를 보냈대

너를 웃게 해 주고파
나를 만날 때라도 말이야
오랜만에 한강으로
산책하러 가

파란색과 주황색이 섞인
얼굴은 환하게 웃고 있지
그 모습에 내 하루는 완성됐지

넓은 구름 위로 Ride
여기 짐은 두고 가
목적지 없이 가자
Hoo woo vroom

바람 부는 날은 날
뒤에서 잡아줘 My baby
같은 곳을 보면 돼

Everything feels right with you
Everything feels right with you
너와 내가 했던 말들을 겹쳐다 보면
너를 따라 하게 돼 난 자연스레
Your words become the truth
네게 물들어가네 마치 욕조 같아
편하지 너의 품

너를 웃게 해 주고파
나를 만날 때라도 말이야
오랜만에 한강으로
산책하러 가

파란색과 주황색이 섞인
얼굴은 환하게 웃고 있지
그 모습에 내 하루는 완성됐지

넓은 구름 위로 Ride
여기 짐은 두고 가
목적지 없이 가자
Hoo woo vroom

바람 부는 날은 날
뒤에서 잡아줘 My baby
같은 곳을 보면 돼",9
464,My Dear Disgust,ARTIe In The Room,"Woo
Woo
Woo

Woo
Woo
Woo

Yeah, I can see what's behind your face
The disgust towards me that you can't erase
I can smell the hatred you filled this place with
It's crawling around like snakes
I'm used to all the hate towards me, to being everyone's emotional garbage bin
I'm getting numb to the sharp pain deep in my heart that no one has ever seen

So no more words of love or trust
It's all gonna turn to ugly dust
Soak my soul in tears
Yeah, let it rust
Drowning me with my dear disgust

Woo
Woo
Woo

Woo
Woo
Woo

Oh, I can see what's behind your face
The disgust towards me that you can't erase
When the sun sets and the streets are shaded the beast in you raises its head
If I fall in love again
I'm gonna put a bullet in my brain
If I ever shed tears again
I'll lock myself in until they are all drained

So no more words of love or trust
It's all gonna turn to ugly dust
Soak my soul in tears
Yeah, let it rust
Drowning me with my dear disgust

Woo
Woo
Woo

Woo
Woo
Woo

If I fall in love again
I'm gonna put a bullet in my brain
If I ever shed tears again",2
465,일기,Gio the gigantea,"[가사 준비중] 멜론 회원 여러분! 가사 등록을 기다리고 있어요.
가사등록하기",1
466,Nobody But You,Milky Day (밀키데이),"Where did you go?
Outta nowhere
You hit my line
Like you still care
Even though
I shouldn’t call back
I still think about the times we had
I know you wanna fix it
But this isn’t realistic, no no
I’m only down if you’re committed
So tell me are you with it?

Nobody but you
I been searching far and wide
But I just can’t seem to find
Somebody like you
Let me make it up to you
Promise I’ll wait up for you

Say just what you mean and leave it all behind
Tell me pretty lies that I just can’t deny
Trust me, I been trying
To change, but i’m divided, oh
Just give me one more chance to make this
right
Coz I swear you’re the only one I need
On sleepless nights I’m stuck in reverie
Let’s waste no time
I’ll stay by your side
Can we realign?

Is this what you really want
Tell me so I’ll make a move
Do you wanna feel what I’ve been feeling
Do you wanna see me again?
I still wanna see you again
and try to understand your point of view
I just wanna be right there when you need me

Nobody but you
I been searching far and wide
But I just can’t seem to find
Somebody like you
Let me make it up to you
Promise I’ll wait up for you

Nobody but you
I been searching far and wide
But I just can’t seem to find
Somebody like you
Let me make it up to you
Promise I’ll wait up for you",8
467,Jelly (Feat. 국승은),예원,"너를 만난 날, 내 맘은 두근
세상은 달콤해졌어
달달한 젤리를 떠다니듯
온통 핑크빛 세상
날 바라보는 너의 눈빛에
내 맘은 달콤해졌어
사르르 젤리가 녹아내리듯
내 맘을 빼앗겨 버렸어
우리의 맛 우리의 향
너와의 사랑을 간직할 거야
나를 향한 너의 달콤함
우리의 사랑을 노래할 거야
달콤 스윗한 Jelly
너와 함께이고 싶어 내 맘이
everyday every moment 내 곁에
달콤한 네가 너무 좋아
말랑 쫀득한 Jelly
너에게 안기고 싶어
everyday every moment
달콤하게 날 감싸주는 네가 좋아
널 알기 전에 싫었던 학교가
널 보러 가는 학교가 되어
주말보다 행복해
우리의 맛 우리의 향
너와의 사랑을 간직할 거야
나를 향한 너의 달콤함
우리의 사랑을 노래할 거야
달콤 스윗한 Jelly
너와 함께이고 싶어 내 맘이
everyday every moment 내 곁에
달콤한 네가 너무 좋아
말랑 쫀득한 Jelly
너에게 안기고 싶어
everyday every moment
달콤하게 날 감싸주는 네가 좋아
너만의 상큼함이
날 지배해버려
너만의 독특한, 그 독특한 맛을
너에게 다 담지 못해
달콤 스윗한 Jelly
너와 함께이고 싶어 내 맘이
everyday every moment 내 곁에
달콤한 네가 너무 좋아
말랑 쫀득한 Jelly
너에게 안기고 싶어
everyday every moment
달콤하게 날 감싸주는 네가 좋아",33
468,찾아줘,Poet(포엣),"다녀왔습니다
아무도 없는 내 방에 인사해
무기력한 내 몸 씻어내

누군가에게 문자가 왔을 것 같아 확인해
핸드폰 알람에 수없이 쌓여버린 스팸

나 여기 있어
누가 날 좀 찾아줘
나 여기 있어
누가 날 좀 찾아줘

나 여기 있어
누가 날 좀 찾아줘
나 여기 있어
누가 날 좀 찾아줘


컴퓨터에 비친
내 모습이 싫지
변하려고 했지
말처럼 쉽다면 전부 됐겠지

왜 내 탓이래
이때까지 냅둔 현실이 잘못한 거잖아
소리쳐 난 무죄
썩어버린 내 심장 어서 돌려놔

창문 밖 사람들 재밌게 얘기해
나도 저 얘기 아는데
슬퍼하는 사람 옆에 친구가 많네
나도 울 줄 아는데

아무리 봐도 세상은 날 버린거 같애
침대에 누워 잠이나 잘래",1
469,어느 새벽,jeebanoff,"너의 소식을 듣게 됐어 오랜만에
그 언제처럼, 여전할 것만 같더라고
자주 놀던 그 옛날 언덕길에
넌 그때처럼 거기 있을 것만 같더라고

어느 새벽
듣게 됐어 너의 얘길
예전처럼 넌 거기 없다고
어느 새벽
듣게 됐어 너의 얘길
언제나처럼 넌 변함없다고

너의 소식을 알게 됐어 오랜만에
잠 못 들며, 뒤척이고만 있어
자주 놀던 너희 집 앞 언덕길에
이전처럼 날 기다릴 수 없을 거라고

어느 새벽
듣게 됐어 너의 얘길
예전처럼 넌 거기 없다고
어느 새벽
듣게 됐어 너의 얘길
언제나처럼 넌 변함없다고

별일 없었다는 듯이 돌아와 줄 수 있어
너의 소식을 너를 통해서 듣고 싶어
별일 없었다는 듯이 돌아와 줄 수 있어
너의 소식을 너를 통해서,

어느 새벽
듣게 됐어 너의 얘길
예전처럼 넌 거기 없다고
어느 새벽",286
470,14551 (Feat. 이한울),도규,"(번호를 지워가며)

전화하지 말랬잖아
이건 사실 너한테 하는 말은 아니야

바보 같다 오늘 내 하루도
널 지워내지 못한 밤 하늘도

이제 날 떠나갈 때도 됐잖아
새벽마다 날 위로해 줬잖아

아무도 없던 내 방도
널 위해서 내가 치워놨는데

오늘도 난 역시 똑같단 말이야
널 안아줬던 건 나뿐이잖아?

널 볼 때면
생각이 나

네 잘못인 것처럼
울린 날

널 볼 때면
미안해져 나

손 잡고
뒤를 약속했던 날

(널 볼 때면
미안해져 나)

(손 잡고
뒤를 약속했던 날)

결국 난 기억에 깊게
그대로 박힌 채

이제 아무것도
바꿀 힘이 없잖아

널 계절에 빗대
흔적들에 기댄 채로

흐른 시간들이
수도 없잖아

난 가끔 널 진심으로
미워하는 듯이 행동해

그럼 네가 날 봐줄까 해서
밤을 새워가며

너도 알다시피 네가 아니면
아무도 날 찾지 않아

아직도 네가
자주 가던 곳을 맴돌잖아

내 마음은 간단해
그저 널 사랑해

어느 마지막에
함께이고 싶을 뿐인데

아냐 이것마저 양보해서라도
내가 너의 마음에

담길 수 있다면

널 볼 때면
생각이 나

네 잘못인 것처럼
울린 날

널 볼 때면
미안해져 나

손 잡고
뒤를 약속했던 날","2,276"
471,on the spot,SUNNA (서나),"The universe could be ours if we keep on trying, love
Show my worst, show my worth, face my lows and highs
Don’t exactly know where I'll go
But hope it's somewhere close to my desires

I'll keep on dreaming, so free and easy
Moving on the spot, follow where my heart would take me
Dreams don't got limits, trust that sincerely
Imagine what I want, we're not even in a hurry

Think I got too much on my plate
그래도 아침은 여유롭게
Though I stay up late
I blame my music so it's okay
내가 날 봤을때 난 불안에 떨때가 많아
그래도 유지하려고 해 poker face

Break out of my shell only when I’m with you
And Brooklyn was great during break, it was special
Wanna fly back, feel it twice, and lay over
Next is Europe
Life is too short

The universe could be ours if we keep on trying, love
Show my worst, show my worth, face my lows and highs
Don’t exactly know where I'll go
But hope it's somewhere close to my desires

I'll keep on dreaming, so free and easy
Moving on the spot, follow where my heart would take me
Dreams don't got limits, trust that sincerely
Imagine what I want, we're not even in a hurry

Now take it to the…

To speak the truth, I care way too much, don't got trust in myself
But I’ll never get tired until I go higher
And as far as I know, I do it for the feeling, intuition, and love for music
I'm back, feel it twice, and lay over
Next is Europe
Life is too short

The universe could be ours if we keep on trying, love
Show my worst, show my worth, face my lows and highs
Don’t exactly know where I'll go
But hope it's somewhere close to my desires

I'll keep on dreaming, so free and easy
Moving on the spot, follow where my heart would take me
Dreams don't got limits, trust that sincerely
Imagine what I want, we're not even in a hurry

Doing it on the spot till I make it in the spotlight
Doing it on the spot till I make it in the spotlight
Doing it on the spot till I make it in the spotlight
Doing it on the spot till I make it in the spotlight",60
472,코코,아솜,"그 눈빛으로 날 바라보면
부끄러워 두 볼이 발그레져
너무 부드러워 like my two cheeks
내 기분도 말랑말랑 몽글해 umm

지금 이 타이밍이 맞죠
꿈에서 보았던 하나의 장면이죠
하나, 둘, 셋 숨을 고르며
Get ready and run fast
흥얼거려 lalalala

Pitter-patter of puppy paws
사뿐사뿐 작은 발로
Pitter-patter of puppy paws
품속에 포근히 안겨

코코 take it slow
Count it now
달빛 아래 너와 단둘이
It's so peaceful
나의 손을 스치는 coco fur

자그마한 발이 닿을 때
너의 향기로 내 마음을 채워
너무 부드러워 like my two cheeks
내 기분도 말랑말랑 몽글해 umm

하루 종일 창문만 바라봐
귀를 쫑긋 바람에 실려온 얘기를 들어봐
하나, 둘, 셋 숨을 고르며
Get ready and run fast
흥얼거려 lalalala

Pitter-patter of puppy paws
사뿐사뿐 작은 발로
Pitter-patter of puppy paws
품속에 포근히 안겨

코코 take it slow
Count it now
달빛 아래 너와 단둘이
It's so peaceful
나의 손을 스치는 coco fur

새근새근 들리는 너의 작은 숨소리마저
Whisper softly, 모든 걸 느낄 수 있어

Pitter-patter of puppy paws
사뿐사뿐 작은 발로
Pitter-patter of puppy paws
품속에 포근히 안겨

코코 take it slow
Count it now
달빛 아래 너와 단둘이
It's so peaceful
나의 손을 스치는 coco fur",8
473,우리 데이트 할까요?,신재준,"[가사 준비중] 멜론 회원 여러분! 가사 등록을 기다리고 있어요.
가사등록하기",1
474,사랑은 결국 날 이렇게 만들어 (feat. 생훈),Min J (민제이),"[Min J verse]
사랑은 결국 날 이렇게 만들어
깊은 밤별 아래 홀로 남겨진 나
커피 한 잔 입김 불어넘겨
너의 기억 속에 남겨진다

[생훈 verse]
도시의 불빛이 흔들리는 밤
네가 속삭이던 그멜로디
빈 방에 울리던 그노래가
이제는 나를 미소짓게 해

[hook]
사랑은 결국 날 이렇게 만들어
쓰디쓴 추억과 함께 살아가는 법
너의 웃음이 내 귓가에 맴돌아
눈 감으면 네가 떠오르니까

[생훈 verse]
비가 내리던 그날의 기적
손끝에 닿던 우리의 추억
이제는 흠뻑 젖은 마음 속

[Min J verse]
너의 흔적만 남아 흐려져가
달콤한 향기 가득했던 날들
너와 나둘이 손잡던 그 순간
이제는 모두 다 지나간 시간
하지만 내 맘은 너를 그리워해

[hook]
사랑은 결국 날 이렇게 만들어
쓰디쓴 추억과 함께 살아가는 법
너의 웃음이 내 귓가에 맴돌아
눈 감으면 네가 떠오르니까",1
475,Diamonds and Pearl,레이턴씨,"날이 어두워질 때
C'mon les go ride
눈물을 보일 때도 ""but it's alright""
우린 지금은 너무 젊잖아
이게 영원한 게 아닌 걸 알잖아
그러니까 let's just fall in love
되어줄게 너의 ride or die
Put me in ur eyes
City lights in Neon night
Feel so right

손엔 검은색의 전자담배
흐릿한 연기 속의 너를 찾네
겨우 발견한 너를 내 안에
I've been thinkin bout ur smile like u got it
Adderall in ice, get high
Midnight air, fill my vein, I'm high
3 4 5 6 7 and 9
Time flies
(Time flies)

가끔은(가끔은) 어둠에(어둠에)
잠겨도 옆에 있어줄게
우리는 이제보면
제법 어울려 Like diamonds and pearl

날이 어두워질 때
C'mon les go ride
눈물을 보일 때도 ""but it's alright""
우린 지금은 너무 젊잖아
이게 영원한 게 아닌 걸 알잖아

그러니까 let's just fall in love
되어줄게 너의 ride or die
Put me in ur eyes
City lights in Neon night
Feel so right

가끔은 너의 꿈 속에
내가 뜬금없이 나타났으면 해
지금 보면 우리는
제법 어울리잖아 just like diamonds and pearl

너와 함께하는 이 순간
모든게 완벽해 no need to pretend
끝나지 않을 이야기를 그려나가

가끔은 어둠에
잠겨도 옆에 있어줄게

우리는 이제보면
제법 어울려 Like diamonds and pearl

이 순간을 영원히 기억해
넌 언젠가 없던 일처럼 다 잊어내고
물음표 가득한 얼굴로 그 아름다웠던
추억을 다 잊을것만 같아 이렇게
우린 설령 끝난다 해도 미련정도는 놔두자고
너와 나 we shine so bright


날이 어두워질 때
C'mon les go ride
눈물을 보일 때도 ""but it's alright""
우린 지금은 너무 젊잖아
이게 영원한 게 아닌 걸 알잖아

그러니까 let's just fall in love
되어줄게 너의 ride or die
Put me in ur eyes
City lights in Neon night
Feel so right

(Like diamonds and pearl)",0
476,Carpet (Get to Dawn),공동훈,"I sleeping on the carpet carpet
빈 밤을 채워 깊이 깊이
두 시만 되면 네 생각에
결국은 잠을 미뤄 get to dawn get to dawn

another extra shot with coffee
저 멀리 손 흔든 네 white 셔츠
코끝에서 감기는 니 향긴 이미 머릿속엔 You
빠져 깊이 난 어떡해 난 game over
눈 감아도 퍼져가 짙어지는 너인 걸

샤워를 해도 그대로 남아 all night
텅 빈 방 가득히 채워나갈 tonight

I sleeping on the carpet carpet
빈 밤을 채워 깊이 깊이
두 시만 되면 네 생각에
결국은 잠을 미뤄 get to dawn get to dawn

잔인한 이 밤 널 몰랐어 난
쉬지 않고 떨려오는 중독 같아 참
close your mind to mind
겁도 없이 들이켰지 난 game over

차갑던 내 몸을 적셔 와 all night
텅 빈 맘 가득히 채워나갈 tonight

I sleeping on the carpet carpet
빈 밤을 채워 깊이 깊이
두 시만 되면 네 생각에
결국은 잠을 미뤄 get to dawn get to dawn

널 떠올리지 않아 늘 다짐해 보지만
이 맘은 이미 내 것이 아닌 걸 Oh my
넌 이미 잠들었겠지 never know never mind
날 전혀 모르는 널 still I like

sleeping on the carpet carpet
긴 밤을 새 깊이 깊이
두 시만 되면 네 생각에
오늘도 잠을 미뤄 get to dawn get to dawn

sleeping on the carpet carpet
또 해는 뜨는데 나 미치겠지
아마도 다시 네 생각에
내일도 잠을 미뤄 get to dawn get to dawn
sleeping in the cafe cafe cafe cafe
umm umm umm umm
carpet carpet carpet carpet
umm umm umm umm",11
477,SLOWMODE,파라구,"헝클어진 머릿결, 넌 미안해하지만 난 그 부분에 더 끌리곤 해
있어 내겐 거짓도, 난 미안해하지만 넌 상관없이 웃어버리곤 해
waste my time, 넌 아직도 왜 이리 끌리는지 난 벗어나지 못해
waste your time, 난 아직도 허락해 준 널 온전히 즐기지를 못해
어, 되있어 너가 원하는 건 죽어도 되있어
huh 두려워 난 famous 내가 가는 길은 잃어버려 free, young
i feel 최고, 너는 '깊어' help me 소용없어 나는 '비버'
stack mo stack 욕심이 겹치면 사라져 수면에 적어 ma dear
ay 편하게 입어 no 배려, 나는 이기적이고 너는 그게 이뻐
ay i think about u allday 나는 이게 문제란 걸 알아 너가 fever
ay 표정은 조심해 나도 원해 내일까지 바라보다 잠에 들기
ay see through 아는데도 안아주는 네게 모든 걸 다 줄 거라고 약속해
never you dont know, i love 너가 잊은 그 순간도
아마도 난 더 빠질 것만 같아 지금 이 slowmode.
헝클어진 머릿결, 넌 미안해하지만 난 그 부분에 더 끌리곤 해
있어 내겐 거짓도, 난 미안해하지만 넌 상관없이 웃어버리곤 해
waste my time, 넌 아직도 왜 이리 끌리는지 난 벗어나지 못해
waste your time, 난 아직도 허락해 준 널 온전히 즐기지를 못해",0
478,언제나 그런 식,박치용,"장난처럼
진지한 걸 못 봤어
나 혼자 무슨 생각을
하고 있는 건지

진도가 많이 나갔어
시간이 지나면
이 감정이 변할까
참 어렵다

우리 사귈까
징그러 정말
친구처럼 넌
언제나 그런 식

편안한 의자에 앉아
커피도 마시고
서로 고민도 들어 주고
이대로도 참 좋다

그런 말 있지
친구로 지내면
영원할 수 있다고
내가 지어낸 말

우리 사귈까
징그러 정말
친구처럼 넌
언제나 그런 식

함께 있으면
행복한 나를 봐
헤어지면
보고 싶어

우리 사귈까
징그러 정말
친구처럼 넌
언제나 그런 식

장난처럼
진지한 걸 못 봤어
나 혼자 무슨 생각을
하고 있는 건지

진도가 많이 나갔어
시간이 지나면
이 감정이 변할까
참 어렵다

우리 사귈까
징그러 정말
친구처럼 넌
언제나 그런 식

함께 있으면
행복한 나를 봐
헤어지면
보고 싶어

우리 사귈까
안되겠지
친구처럼 넌
언제나 그런 식",2
479,너 OUT,리메렌시아,"날 버리고 떠난 너 무얼 하며 사는지
잘 살던지 못 살던지 알 필욘없지만
왜 하필 저녁에 날 찾아오는지
전화까지 하노 어이가 없어
나를 보는 눈동자.
다가오는 저 눈빛
너의 하나하나하나 모든 것 싫어
에잇 저리 가버려.
떠날 땐 언제고 이제와서 미련인거니
다 필요없어 꺼져버려 GO OUT NOW MAN~

너 아웃 고 아웃 다가 오지마
너 아웃 저리 아웃 내게서 떨어져
너 아웃 고 아웃 앞에서 사라져
너 아웃 저리 아웃 눈 마주치지마

OH MY GOD 왜 짜증나게 질척이노
질린다 질려 어이가 없어.
나를 보는 눈동자
다가오는 저눈빛
너의 하나하나하나 모든 것 싫어
에잇 저리 가버려.
떠날땐 언제고 이제와서 미련인거니
다 필요없어 꺼져버려 GO OUT NOW MAN

너 아웃 고 아웃 다가 오지마
너 아웃 저리 아웃 내게서 떨어져
너 아웃 고 아웃 앞에서 사라져
너 아웃 저리 아웃 눈 마주치지마",2
480,Complicated,혜진 (HEZIIN),"떠올려 How we used to be
언젠가 You and me something
한때 참 좋았던 사이
That’s all what I wanna say

Can’t go back 이젠 더 없어
No interest each other
Maybe 거의 바닥을 보이는 중
We’re going down

소리 없이 정적만 가득히 채우는 지금
둘 곳 없이 눈동자만 굴리는 이유
I got a confession
Don’t need any questions
여기까지인 거야 and it’s over

Come too far 돌아갈 수 없는 It’s Complicated
Getting closer 결국엔 끝이 보이는 races

We’ve got something to move on, babe
We’ve got something to move on, babe

많이 노력한 걸 알아 I know what you did
I wish we could change, but as time revealed
더는 할 일이 없잖아
We’ve tried everything to go back

처음부터 다시 하자는 말
이젠 tired of it
I was lonely for a long time
Don’t you know about?

눈치만 보는 건 그만할래
Who will end up this game?
의미 없는 대화 속 버려지는 시간
I think we should stop

Come too far 돌아갈 수 없는 It’s Complicated
Getting closer 결국엔 끝이 보이는 races

It’s Complicated
You can’t understand
It’s Complicated
What I wanna say is

It’s Complicated
You never know what it means
It’s Complicated",24
481,밤이 깊어질수록,이사벨,"오늘도 하루가 지나가
고단한 숨결에 기대어
흐린 하늘을 바라보며
넌 작은 위로를 찾아가

가끔은 멀게 느껴져도
꿈은 항상 너의 곁에 있어
그 끝이 보이지 않아도
우린 멈추지 않을 거야

내일의 너에게 전할게
더 강해진 네 마음을
모든 아픔이 지나간 자리엔
새로운 빛이 떠오를 거야

넘어진 그 자리에서 다시
일어나 걸어가면 돼
내일의 너는 더 빛날 거야
너를 믿어, 넌 할 수 있어

수많은 물음표 속에서
너는 답을 찾고 있겠지
하지만 모든 게 완벽할
필요는 없어, 괜찮아

너의 느린 걸음조차도
결국엔 너를 이끌 거야
잠시 멈춰도 괜찮아
너는 그 자체로 충분하니까

내일의 너에게 전할게
더 강해진 네 마음을
모든 아픔이 지나간 자리엔
새로운 빛이 떠오를 거야

넘어진 그 자리에서 다시
일어나 걸어가면 돼
내일의 너는 더 빛날 거야
너를 믿어, 넌 할 수 있어

밤이 깊어질수록 더 밝게
별은 빛나고 있을 거야
네가 걷는 그 모든 길들이
너만의 세상을 만들어

내일의 너에게 전할게
더 강해진 네 마음을
모든 아픔이 지나간 자리엔
새로운 빛이 떠오를 거야

넘어진 그 자리에서 다시
일어나 걸어가면 돼
내일의 너는 더 빛날 거야
너를 믿어, 넌 할 수 있어

넘어진 그 자리에서 다시
일어나 걸어가면 돼
내일의 너는 더 빛날 거야
너를 믿어, 넌 할 수 있어",0
482,Love Immunity,Moonlit,"Can I see your eyes?
우리 완벽했었잖아
헤집어놓고선 틈으로 스며와
아프게 될걸 알면서도
I have you by my side

난 이미 알고 있어
반복되던 상처가 벌어져 버려 아려와
벗어날 수 없는 상처
바래져버린 우리를 봐
끝내 기능이 멈춰버린 my love immunity

Love can’t help but be painful
모른 척해도
끝없이 반복되는
Love merry-go-round

We can’t help but be painful
못된 말들로
균열을 파고드는
My love immunity

Can I feel your heart?
웃어봤던 게 언제야
외면한 시간 속 마주한 배신감
점점 잊혀져가 내게서
I don’t know anymore

Love can’t help but be painful
모른 척해도
끝없이 반복되는
Love merry-go-round

We can’t help but be painful
못된 말들로
균열을 파고드는
My love immunity",10
483,Never Say (feat.roeun),Baezy,"walking around the street Only 5 o'clock ,just the right air
오 이건 잠깐일진몰라도 꽤 낭만적인 모습으로
I don’t wanna be a stranger who can't be a part of you
익숙하지 않아 All day It’s not fair cuz you looks so faraway Umm
천천히 와 1step 2 stop We’re stuck in the middle
그래도 넌 넘어지고말아 When can we get closer?
Take me to a place Boy never say never
영원이란 단어는 어색해 우리사이 Don't let us dry out Woo woo
서둘러 다가가도 don’t say never 네가 멀어지지않을때 let me make you another chance Woo-
I’m not that kind of emotional one
뭘 기대하는것도 아냐 또 내 시간을 저 허공에다가
Don't hide from me Cuz i’m look for it
Please don't make any rule in here
더 바라지않고는 널 난 바랄수없어
천천히 와 1step 2 stop We’re stuck in the middle
그래도 넌 넘어지고말아 when can we get closer?
Take me to a place Boy never say never
영원이란 단어는 어색해 우리사이
Don't let us dry out Woo woo
서둘러 다가가도 don’t say never
네가 멀어지지않을때 Let me make you another chance
(Don’t hide from me) I will never stop
(Plz love for me) While watiting for you-
(Say it honestly) I’m Fallin‘ love with you woo-
(Don’t hide from me) I will never stop
(Plz love for me) While watiting for you-
(Say it honestly) I’m Fallin‘ love with you
woo-oh I will never stop
While watiting for you-Umm-",25
484,너가 원하는 세상,0sang,"내일이 없는데 어떻게
우리의 모습이 보인데
어젯밤에 꿈속이였던건 아닐까
꽃잎에 적혀진 글씨체
새파란 하늘과 그림체
희망을 버린채
(Oh yeah)
(I want to see you want)

낯선 기억을 적신 하루
난 변해버린 아픈 나무
몇번의 사랑이 날 더
외롭게 했는지
너가 원했던 건지
낯선 향기를 적신 하루
난 변해버린 아픈 나무
난 널 기다리며 살아 숨셔
기다리며 살아 숨셔

준비된 이별의 영화
완성된 그냘의 명화
길 위에 추억은 너무 낡아
파도와 부딪혀
이대로 사라져
우연이 비춘 시간의 문을 열어
생각이 깊은 동시의 너를 믿어
희망을 가진채 난
(Oh yeah)
(I got a miss you all day)

낯선 기억을 적신 하루
난 변해버린 아픈 나무
몇번에 사랑이 날 더
외롭게 했는지
너가 원했던 건지
낯선 향기를 적신 하루
난 변해버린 아픈 나무
난 널 기다리며 살아 숨셔
기다리며 살아 숨셔",6
485,둘이,케이퀀,"너만보면
숨을 쉴수가 없어
왜 이런 건지
자꾸 답답함이
밀려오는 건지
화장이 진해지는거
이유는 뭐지
내가 알고있는
네가 맞는지도
모르겠어
애써

너를 잡고 있는 나
결국 끝이 보이는걸
우린 다시 예전 처럼될수
없는걸 알어
꺼져 버린
맘에 없는 말로 아프게만
하고 있네 지금

우린 이미 알지
가슴 아퍼 아직
되돌리긴 힘들지
공허하지 내 맘이
난 아직도 널 잡지
모든게 꿈이 아니길
바라는건 단지
추억이 되지 않길

난 네가 없으면 죽을 것 같아
난 빈껍데기 처럼 살고 있잖아
행복하기도 아까운 시간 다
낭비하긴 싫어
너만 있어주면
다

우리
우리 둘이
메말렀던
우리 둘이

우리 둘이
영원히 함께야
난 그냥 둘이
다른건 다 필요없고
난 둘이
너와 함께라면
모든걸 할수 있어 지금

떨어져 있는 시간들이
너무 힘든데
혼자있는 이밤은 내게
지옥 같은데
난 둘이
둘이",1
486,너는 내 마음속 하나의 별 (Feat. ICEVIN),0415,"어둠 속을 걷다 보면
나도 모르게 널 떠올려
밤하늘에 빛나는 별처럼
니가 내 마음속을 채워줘
Every night, I see your light
날 비춰주는 건 오직 너
깊은 밤 나의 꿈속에
니가 있어 난 행복해

너는 내 마음속 하나의 별
어디에 있어도 빛나줄게 Shining bright
영원히 널 지켜줄게
너만을 위해서 I’ll stay with you
멀리 있어도 느껴져
나의 하늘 위에 너뿐이야 You know
시간이 흘러도 변하지 않아
너는 내 맘속에 살아있어

Every night, I see your light,
날 비춰주는 건 오직 너 Only you
You're my star, you're my light
Forever in my heart, you're my shining star
너만을 위해서 I’ll stay with you

너를 위해서라면 난 뭐든지 할
준비가 되어있어 You're my star
아깝지 않아 내 시간 다
처음엔 좋았지만 사랑은 변해 갈수록 식어 다
아쉬웠다
이 길이 참 쉬웠다
너에게 홀랑 반해 나도 모르게 점 찍었다
겨우 너를 지웠다
마음을 비웠다

사실이 아닌 꿈이라서 놀래
Light thinking, no!
새파란 마음가짐 매일
Always I stay there
Where my time, there?
Light thinking, no!
새파란 마음가짐 매일
Always I stay there
Where my time, there? yeah

시간이 흘러도 변하지 않아
우리의 추억은 여기 남아
차가운 바람이 불어도
니가 있어 난 두렵지 않아
널 향한 마음은 끝없이 자라
우리의 인연은 운명 같아
어떤 어려움이 와도
내 곁에 있어 줄래 난 널 지킬 거야

사랑은 때로 아프기도 하지만
너와 함께라면 그 모든 게 괜찮아
이 세상 끝까지 너와 함께할게
내 맘속에 넌 언제나 빛나는 별
함께 걷는 이 길 위에서
서로를 비춰주는 우리는 하나야
그 무엇도 우리를 막을 수 없어
손을 잡고 끝없이 나아갈 거야

눈부신 너의 빛 아래
나는 언제나 머물고 싶어
너만을 위한 내 마음
영원히 변치 않을 거야
우리의 사랑은 영원할 거야
이 순간을 영원히 기억해 줘
너와 나 끝없이 이어질 인연 속에
우린 평생 함께할 거야",1
487,Slowly,Typo (타이포),"You lie, but I don't let it define you
Allow me to bite you like a vampir, Right now
시간은 멈추지 않으니까
원하는 게 아니라 Thot
빠진 거야 in your eyes,
throughout the night
비치게 해줘 모든 걸 다

I want to spend time with you slowly,
you slowly, you slowly tonight
I'm just tryna get you out the friend zone
네 친구들은 됐으니까 Phone은 넣어둬
Lonley, so lonley, so lonley 한 건
어울리지 않으니까 더
후회하지 말고 지금 잡아
저 불빛이 안 닿는 맘속의
널 꺼내줘 You're right
어떤 모습도 다 어울리니까
I want to spend time with you slowly,
you slowly, you slowly tonight
I'm just tryna get you out the friend zone
저 바보들은 내비둬

의도는 모르지만 나빠 보여
충분히 Thin clothes
맘을 읽었다면 올려줘
내 허리 위에 두 손을
몸과 소리만 필요하니 왜라고 묻지 마
모르는 척하지 마 Bae
It's cause we both lack love
그럼 이건 잘못이 아닌 게 되니까 괜찮아 Girl
휜 굴곡을 지나쳐서
아무도 모르는 표정 그 위에
그림을 그리고 싶어
유일한 존재인 걸 알잖아
갇힌 이곳에서 잠깐 사랑만 빼면 되는 걸
어려운 문제도 아닌데 돌아가지 말아

I want to spend time with you slowly,
you slowly, you slowly tonight
I'm just tryna get you out the friend zone
네 친구들은 됐으니까 Phone은 넣어둬
Lonley, so lonley, so lonley 한 건
어울리지 않으니까 더
후회하지 말고 지금 잡아
저 불빛이 안 닿는 맘속의
널 꺼내줘 You're right
어떤 모습도 다 어울리니까
I want to spend time with you slowly,
you slowly, you slowly tonight
I'm just tryna get you out the friend zone
저 바보들은 내비둬",2
488,데레,비비 (BIBI),"놀라워 넌 언제나 예상 밖을 맴돌지
신기해 특이해 보다 앞서
사람들 사이에서 눈에 확 들어오지
예쁘다 멋지다 보다 값져

갖고 싶지 만지고 싶지 품에 쏙 넣어두고 싶지 절대 날 벗어나지 못하게
but Baby I’m smarter than others 제발로 널 내게 줄게 너조차 알지도 못하게

(two, three) Never let you know yeah you would never known
That Pap pop pop inside of me baby
hope you will get it automatically cause I don’t wanna say directly
don’t cross the line we keep it secret and I’m happy with it
(hmm hmm) Never let you know

Good food and a good love
good roof all over you (she can get you there)
Hate while when you play game, sandwich make it juicy (she can get you that)
kiss and a hug 약간의 무관심
cheering you up when you hit your bottom
Compliments you will never find out that’s lie
And feelings that you have power over me

핥고 싶지 잡아뜯고 싶지 손에 쥐어터트리고 싶지 절대 날 벗어나지 못하게
but Baby i’m decent human 제발로 널 내게 줄게 너조차 알지도 못하게

(two three) Never let you know yeah you’ve never known
Pap pop pop inside of me baby
hope you will get it automatically cause I don’t wanna say directly
don’t cross the line we keep it secret and I’m happy with it
(hmm hmm) Never let you know

Good food and a good love
good roof all over you (I can get you there)
Hate while when you play game, sandwich make it juicy (I can get you that)
kiss and a hug 약간의 무관심
cheering you up when you hit your bottom
Compliments you will never find out that’s lie
And feelings that you have power over me","8,332"
489,Star (prod.LOGOS),화사 (HWASA),"시간이 갈수록 더 밝아지는 표정
혼자 있는 시간도 편하게 느껴져
하나씩 되돌려 널 만나기 전 그때로
미뤄왔던 날 생각하기로 해
의미 없이 고여있던 너의 기록도
오래전에 비우고 이젠 흔적도 없어
그래 요즘 참 좋은데
난 안 괴로워 견딜 만큼만 외로워
되려 지금 더 잘 지내고 있어 don’t worry about me
화려한 도시 많은 사람들 사이에 내가 너무 빛나
근데 왜 하늘엔 별 하나도 없니
원하는 게 쌓여 마치 무인도에 버려진
것 처럼 네 흔적 찾아 걸었지
희미하더라도 작은 불빛이 필요해
난 길을 잃었어 그래 너란 바다에
행복한 척 날 가리지만 아직은 초라해
차가운 공기에 한숨만 채우네
의미 없이 고여있던 너의 기록도
오래전에 비우고 이젠 흔적도 없어
그래 요즘 참 좋은데
난 안 괴로워 견딜 만큼만 외로워
되려 지금 더 잘 지내고 있어 don’t worry about me
화려한 도시 많은 사람들 사이에 내가 너무 빛나
근데 왜 하늘엔 별 하나도 없니
star star 난 너와 있을 때 더 빛나
so far away 까맣게 보이는 밤
star star 여전히 놓지 못하겠어
star","1,868"
490,do thang,0WAVE,"I've been tryna cope with what life had brought
Promises broken life had been hopeless
And I got to know I been moved on From what life had brought
When I been tryna act like
Act-

like I do thang Like I do thang
Too cool thang
To do thang
Your thang
Like I do thang
Now we on some new thang
Do thang

Never said it but we miss it, want it back
What's the price if we wanna run it back?
But greed is the mystery, shoes are a mess already
We gotta go get our grip back

Is it right? Is it not?
But You can go a long long way
돌아가는 거 같아도
You just have to take it easy

I'm never backing down now yea
I've been on the run all my life
There's no answer
뭣 같아도 Just keep going

(Hey) I know, something like this I know
tell me we should go out
It's not too late yet
(Hey) I know, I gotta go
I need something to lift me up

I've been tryna cope with what life had brought
Promises broken life had been hopeless
And I got to know I been moved on From what life had brought
When I been tryna act like
Act-

like I do thang Like I do thang
Too cool thang
To do thang
Your thang
Like I do thang
Now we on some new thang
Do thang

Never said it but we miss it, want it back
What's the price if we wanna run it back?
But greed is the mystery, shoes are a mess already
We gotta go get our grip back

애쓰지만 멀지
보이지 않는 위
무표정인 내 얼굴에
쌓이는 먼지
의미없이 내려 화면 속
이유는 없어 우린 항상 Just do something
흐르듯이 flow
We just going down Yea i’m going down
여전히 흐르듯이 flow
I can't see the end
Where am I now? , (no way)

같이가자 You just trust me oh
If you can't avoid it, rock with me

I've been tryna cope with what life had brought
Promises broken life had been hopeless
And I got to know I been moved on From what life had brought
When I been tryna act like
Act-

like I do thang Like I do thang
Too cool thang
To do thang
Your thang
Like I do thang
Now we on some new thang
Do thang

Never said it but we miss it, want it back
What's the price if we wanna run it back?
But greed is the mystery, shoes are a mess already
We gotta go get our grip back",114
491,She might,DUT2 (듀티),"She might be ready
She gave me a sign
Time passes, and repeats it
Until we exhausted

She might be ready
She gave me a sign
Time passes, and repeats it
Until we exhausted

Woo got me waiting on it, pulling my strings
She wants it, right there
I’ll always be there, till the end

See ya See ya
keep it movin’, baby, now we’re here
hiking to the top, feel no fear
Yeah baby she likes it

I keep it runnin’, drivin' rough thru the rain yeah
I put you down in my way gonna wet yeah
Oh yeah, heating our veins, we strain, lost in haze

Got you babe no bitter, tastes so sweet
I know you feelin’ the vibe
‘bout you, don’t need no reply
Yeah time to let it fly so high
And We’re going thru the night, all night

She might be ready
She gave me a sign
Time passes, and repeats it
Until we exhausted

Woo got me waiting on it, pulling my strings
She wants it, right there
I’ll always be there, till the end

She might be ready
She gave me a sign
Time passes, and repeats it
Until we exhausted

Woo got me waiting on it, pulling my strings
She wants it, right there
I’ll always be there, till the end",74
492,Broken camper,heyden,"dancing till the sunrise
like nobody is beside us
under moonlight
holding your hands watching the sunset
we talking and laughing under the pink sky
I feel something
yeah, we dancing and dancing
like no one is around us
in a broken camper van
we’re just driving around the town
until we have the sunset
in our eyes



in a broken van, stargazing
feels like different universe
you and I and Jennie could do this
every day under the moonlight
until the sunrise
holding hands watching the sunrise

dancing
dancing under the moonlight
until the sunrise greets us
my universe is calling your name under the moonlight
my love
falling under the moonlight
until the sunrise greets us
my universe is calling your love under the moonlight


dancing with our eyes closed
until we fall asleep under the moonlight
calling your eyes, watching the sunset
we loving and loving under the pink sky
I feel something
yeah, dancing and loving
like no one is around us
in a broken camper van
we’re just driving around the town
until we have the sunrise
in our eyes

in a broken van, stargazing
feels like different universe
you and I and Jennie could do this
every day under the moonlight
until the sunrise
holding hands watching the sunrise


dancing
dancing under the moonlight
until the sunrise greets us
my universe is calling your name under the moonlight
my love
falling under the moonlight
until the sunrise greets us
my universe is calling your love under the moonlight

dancing
dancing under the moonlight
until the sunrise greets us
my universe is calling your name under the moonlight
my love
falling under the moonlight
until the sunrise greets us
my universe is calling your love under the moonlight",182
493,Steal Heart,프림로즈,"Boy, something I need to tell you

Oh baby baby
I'm not your lady
I'll drive you crazy
Cuz I got you Steal Heart baby

Oh baby baby
Say mayday mayday!
I'll drive you crazy
Cuz I got you Steal Heart baby

Boy 너의 Feeling
Never believe it
That's not my favorite
미안하지만
I don't want 나는 Turn around

뻔히 다 티 나는데 뭘 숨기긴
그 묘한 표정 자극해 내 호기심
Make a V, it's made for me
You're falling in my symphony
It's destiny you hear now?

Ready, bless me, classy, flashy, I’m cute, wavy, 난 좀 Sexy

I have it all your type
Tell me something new now, huh?

Movies and TV shows
기나긴 예고는 I don’t want
네가 만난 가장 극적인 Scene 그게 나인 걸

When you give it all, I don't need it all
Your broken heart!
You gonna blame me, hate me
But I got you Steal Heart

Oh baby baby
I'm not your lady
I'll drive you crazy
Cuz I got you Steal Heart baby

Oh baby baby
Say mayday mayday!
I'll drive you crazy
Cuz I got you Steal Heart baby

생각대로 Make it true
뭐든 내 생각대로 Make it true (Ah ha ha ha ha)

이건 벗어날 수 없는 Rule
절대 벗어날 수 없는 Rule (Ah ha ha ha ha)

Unlock the secret
빠져 벗어날 수 없어 Baby
Love like a crime I like it

꼼짝 못 하게 You’re in my trap
이 판은 내 손안에

I have it all your type

Hey I know I have been confusing you lately
But at the end I’m just looking for someone sweet and simple

When you give it all, I don't need it all
Your broken heart!
You gonna blame me, hate me
But I got you Steal Heart

Oh baby baby
I'm not your lady
I'll drive you crazy
Cuz I got you Steal Heart baby

Oh baby baby
Say mayday mayday!
I'll drive you crazy
Cuz I got you Steal Heart baby

I told you baby no, no!
(Cuz I got you Steal Heart baby)

Ye-yeah
Hey baby baby!
(Cuz I got you Steal Heart baby)",109
494,Obliviate (feat. D2ear),Pian(피안),"Andante
서두르지 않아도 돼

Be okay
서서히 잊혀져 가

따라다니는 그림자 속
숨어든 그을림

가지고 있기에
무거운 기억들

다 사라진다
다, 다, 다, 다, 다

한 날 한 시에
da, da, da, da, da

Oh, obliviate
All the memorized of the pain

Please get out
get out of my brain

Oh please get off
don't stuck in my head

Obliviate
I couldn't handle with you and I

please get out
get out of my brain

Oh please get off
don't stuck in my head
Oblivion
one of bless

우린 그 무게를 모르니
탓 하게 되는 건

One of the sin
out of the screen

화면 바깥 속 사람들이 얼마나 다른지
우린 그 무게를 모르니

깊이 가라앉고만
a pirate ship

다 사라진다
다, 다, 다, 다, 다

한 날 한 시에
da, da, da, da, da

다 사라진 다음
다, 다, 다, 다, 다음

한 날 한 시에
da, da, da, da, da

oh, obliviate
all the memorized of the pain

please get out
get out of my brain

oh please get off
don't stuck in my head

Obliviate
I couldn't handle with you and I

please get out
get out of my brain

Oh please get off
don't stuck in my head",20
495,Cry,차수경,"언제부터 어긋났었는지
어디서부터 헤맨건지

Don’t stop it

쓰러지지 않게

일으켜 날
더이상 울지 않아

you broke me down
괜찮아 이제
어떤 후회도 없을테니까

I never cry
Cry cry

혼자 남아버린,
지독하게 번진 기억에

I never cry
Cry cry

나쁜 꿈 속에
오래 남지 않을게


닦아내도 다시 흘러내려
쏟아져 버릴듯 차올라

Never stop

무너지지 않게

일어서 난
더이상 지지 않아

떨어지는 이 눈물 마저
얼어붙을만큼
차가워질테니

I never cry
Cry cry

혼자 남아버린,
지독하게 번진 기억에

I never cry
Cry cry

나쁜 꿈 속에
오래 남지 않을게

남은 상처까지
함께 잠들어 가

꿈에서조차 뒤척이는 밤

Lost in the night
Lost in the night

날 깨워

휩쓸려버리지 않게

I never cry
Cry

혼자 남아버린,
지독하게 번진 기억에

I never cry
Cry cry

나쁜 꿈 속에
오래 남지 않을게

사라진 꿈, 아마 악몽일거야
내리는 비, 그저 부딪힌 감정일뿐이야

사라진 꿈 아마 악몽일거야
내리는 비, 깨고나면 매마를 기억",33
496,Lift Off,zev,"[가사 준비중] 멜론 회원 여러분! 가사 등록을 기다리고 있어요.
가사등록하기",0
497,씨티-팦,LoveViolet,"樂しいね。 遊ぶあなたと。手をつながてる。 あたたかいよね。燒きそば。たべるね。
美味しいそのやきそばのあじあまいよ。 目がさっと。 夢あなたがくれたその暖か甘いそば。
美味しいその やきそばのあじあまいよ。目がさっと。 夢あなたがくれたその暖...",0
498,무기력증,제이슨옥 (JASN OK),"무기력증인 것 같아
이것저것 해봤자
전부 재미 하나 없는 게

번아웃이 온 거 같아
전부 탄 거 같아
마음을 움직이게 하는 것들이


그냥 누워있어
아무것도 하기 싫은 채로
이대로 가면 핸드폰 든 채로
미라가 될지도 몰라 우리 집에 놀러와

전화번호는 많은데
전화할 곳은 없는 게
정말 사회생활을
어떻게 한 건데

해야 할 일은 많은데
할 힘은 없는 게
요즘 유행하는 그 병 같애


무기력증인 것 같아
이것저것 해봤자
전부 재미 하나 없는 게

번아웃이 온 거 같아
전부 탄 거 같아
마음을 움직이게 하는 것들이

어제의 난 잊어 오늘의 난 바꼈어
라고 한지 한 시간도 안 돼서
다시 침대에 누워
병신이냐고 나에게 물어

너무나 작심 삼초야
난 너무 방심한 거 같아
나란 놈의 놈팽이 기질
절대 이기지 못해 세상에
제일 무거운 게 이불이지

주말에도 일하는 건 불법으로 막아야 해
쉴 때도 왜 난 죄책감 느껴야 해
열심히 살지 않는 기분 들어야 해 왜

그러다 보니까 주말 다 갔네
몸은 좀 쉬었지만 맘은 하나도 못 쉰 거 같애
이거 진짜 무슨 병 같애


몸은 쉬어도 하나도 안 쉬고 있어 내 머린
유튜브 보기 딱 좋은 내 핑곗거리
그 시간에 한 번 나가볼 걸 저 거리
북적이는 사람들 난 필요 없어 보여 하나도


무기력증인 것 같아
이것저것 해봤자
전부 재미 하나 없는 게

번아웃이 온 거 같아
전부 탄 거 같아
마음을 움직이게 하는 것들이",12
499,Sometimes,Millez,"We need honest time
Baby We're still lying
Sometimes We can just say good night
Sometimes We can just say goodbye

Don't try to let me go
You don’t know, how it goes
I'll be there for you to lean on when you're tired
Maybe I'm just part of you
All the time you said that too
지금의 넌 내게 어떤 말을 전할지

We need honest time
Baby We're still lying
Sometimes We can just say good night
Sometimes We can just say goodbye

네가 돌아온다면
맘을 돌려준다면
처음이라 느껴질 텐데
Take me to our home
I never thought your love would change
아프겠지만
솔직한 맘이면 돼

We need honest time
Baby We're still lying
Sometimes We can just say good night
Sometimes We can just say goodbye",4
